power_ramp_rate,pressure_ramp_rate,boiling_initiation_pressure,inlet_subcooling,hold_schedule,startup_type,initial_pressure_mpa,initial_temperature_c,startup_time_minutes,flashing_margin,density_wave_oscillation_index,pressure_oscillation_index,thermal_stress,startup_cost,lost_generation_index,operator_intervention_index,thermal_stress_penalty,candidate_id,is_pareto,decision_support_score
1.8690553517478765,0.18359087451813266,6.924893273087046,41.81959034919799,"[{""power_percent"": 25, ""duration_minutes"": 55.312328120248324}, {""power_percent"": 50, ""duration_minutes"": 55.312328120248324}, {""power_percent"": 75, ""duration_minutes"": 55.312328120248324}]",HOT,2.0,200.0,257.2373065035955,7.054985585473064,18.39370429944151,31.074767509569334,37.671817490362656,162.38583500083402,128.61865325179775,30.0,3.767181749036266,1677,True,0.7139375338323424
2.913788906905358,0.12926641726407256,4.445728597085247,41.714374504734316,"[{""power_percent"": 25, ""duration_minutes"": 30.72043309314848}, {""power_percent"": 50, ""duration_minutes"": 30.72043309314848}, {""power_percent"": 75, ""duration_minutes"": 30.72043309314848}]",HOT,2.0,200.0,154.6549757140073,4.459624587116883,32.52982410508131,27.677815222956003,36.585328345281454,110.98602069153179,77.32748785700365,30.0,3.6585328345281454,1610,True,0.705218051572867
0.7240031423235485,0.336194736507288,6.716014817245154,32.47465164138062,"[{""power_percent"": 25, ""duration_minutes"": 2.0646975486991614}, {""power_percent"": 50, ""duration_minutes"": 2.0646975486991614}, {""power_percent"": 75, ""duration_minutes"": 2.0646975486991614}]",HOT,2.0,200.0,221.6179093663311,6.676096694046592,14.93032679093061,37.280543693194836,40.72389473014576,144.88134415618012,110.80895468316555,30.0,4.072389473014576,1931,True,0.6842186990253568
2.7771040431868332,0.2310354142745245,5.938886109594533,9.963103474038732,[],HOT,2.0,200.0,55.50203162013208,5.615580568711291,47.77104043186833,40.650197190483354,38.620708285490494,31.61308663861509,27.75101581006604,0.0,3.8620708285490495,1757,True,0.6806758980119616
2.727162466612082,0.11681981124064725,2.519901093135498,41.988717019458036,"[{""power_percent"": 25, ""duration_minutes"": 26.52076896604649}]",HOT,2.0,200.0,92.61960775177452,2.4372676655538092,41.945586217818494,29.646016852177365,36.336396224812944,59.94344349836856,46.30980387588726,10.0,3.6336396224812946,1748,True,0.6765178348362624
0.6791827878180015,0.12275675006293212,6.981886566455299,42.07814196374615,"[{""power_percent"": 25, ""duration_minutes"": 58.02559747894688}, {""power_percent"": 50, ""duration_minutes"": 58.02559747894688}, {""power_percent"": 75, ""duration_minutes"": 58.02559747894688}]",HOT,2.0,200.0,406.0538884024029,7.169264899161895,6.087988256337983,30.214550360560565,36.45513500125864,236.67245770132732,203.02694420120145,30.0,3.645513500125864,1906,True,0.6727770123003889
2.6548542121382894,0.28383831818313643,5.890197334156327,37.75883991690008,"[{""power_percent"": 25, ""duration_minutes"": 50.14105241235916}, {""power_percent"": 50, ""duration_minutes"": 50.14105241235916}]",HOT,2.0,200.0,166.61003440982932,5.878838309996914,33.53443688014698,34.177991341768745,39.67676636366273,107.27269384128094,83.30501720491466,20.0,3.967676636366273,1498,True,0.6693995756572733
2.921098312783212,0.264291530666128,5.954231737343216,9.963103474038732,[],HOT,2.0,200.0,52.83947934234074,5.625166425676119,49.21098312783212,41.079961842679964,39.28583061332256,30.348322732502623,26.41973967117037,0.0,3.9285830613322563,1843,True,0.6691712092235906
2.7577966889345333,0.2658419204189573,5.116795887326354,16.02861980396598,[],HOT,2.0,200.0,57.699832620781706,4.830655738592768,47.57796688934533,39.42369481968019,39.31683840837914,32.781600151228766,28.849916310390853,0.0,3.9316838408379144,1807,True,0.6624849122044039
0.85506868943586,0.11681981124064725,2.519901093135498,41.988717019458036,"[{""power_percent"": 25, ""duration_minutes"": 26.52076896604649}]",HOT,2.0,200.0,213.04188721789896,2.5121514166408585,23.22464844605628,29.646016852177365,36.336396224812944,120.15458323143078,106.52094360894948,10.0,3.6336396224812946,1182,True,0.6620981586098449
1.1675668860534896,0.18512657859103265,4.079238286984816,13.993122554433086,"[{""power_percent"": 25, ""duration_minutes"": 46.34753768915157}, {""power_percent"": 50, ""duration_minutes"": 46.34753768915157}, {""power_percent"": 75, ""duration_minutes"": 46.34753768915157}]",WARM,0.7,120.0,286.2128470458247,4.017536959936729,12.723538207162159,28.80871712503838,37.70253157182065,176.8766766800944,143.10642352291234,30.0,3.770253157182065,1854,True,0.6598357233673011
0.9656547015191096,0.3121818889450116,6.178624666248924,21.278745843703213,[],HOT,2.0,200.0,160.21865165079433,5.995670953250378,29.656547015191098,42.10343199983798,40.24363777890023,84.13368960328718,80.10932582539716,0.0,4.024363777890023,1739,True,0.6592728376448558
1.1717849853817826,0.19171205588406517,2.2128632784237796,34.89659264545404,"[{""power_percent"": 25, ""duration_minutes"": 48.00588683813468}, {""power_percent"": 50, ""duration_minutes"": 48.00588683813468}, {""power_percent"": 75, ""duration_minutes"": 48.00588683813468}]",HOT,2.0,200.0,280.9964710600174,2.3073890953956364,12.516966828097623,22.405741412024216,37.8342411176813,174.28165964177686,140.4982355300087,30.0,3.7834241117681304,1705,True,0.6577205814595604
0.63924027256954,0.1662454142319676,6.9160285379395114,7.473437956982853,"[{""power_percent"": 25, ""duration_minutes"": 57.85483974665593}, {""power_percent"": 50, ""duration_minutes"": 57.85483974665593}, {""power_percent"": 75, ""duration_minutes"": 57.85483974665593}]",HOT,2.0,200.0,408.9601017824808,6.896864074018595,5.714176763697008,30.620066469463602,37.32490828463935,238.21254171970435,204.4800508912404,30.0,3.732490828463935,1910,True,0.6561209287614138
1.0578315172826402,0.4148365038544277,5.346271606409234,5.061008943810347,"[{""power_percent"": 25, ""duration_minutes"": 31.755630378166178}, {""power_percent"": 50, ""duration_minutes"": 31.755630378166178}, {""power_percent"": 75, ""duration_minutes"": 31.755630378166178}]",HOT,2.0,200.0,237.08471250216743,5.217591290515288,13.814970616101473,32.81257452503664,42.296730077088554,152.77202925879257,118.54235625108372,30.0,4.229673007708856,1175,True,0.6533776991760007
1.420425735906255,0.39159757115639526,5.484130424282801,5.763153843939362,"[{""power_percent"": 25, ""duration_minutes"": 56.42577961761371}]",HOT,2.0,200.0,162.25686758519845,5.266318097527801,27.382968378181864,37.974658313913935,41.831951423127904,95.31162893491202,81.12843379259922,10.0,4.18319514231279,1894,True,0.6493651343322888
2.6354599004660524,0.43399302514270965,6.929743441001352,43.345925819255065,"[{""power_percent"": 25, ""duration_minutes"": 47.11267563316153}, {""power_percent"": 50, ""duration_minutes"": 47.11267563316153}, {""power_percent"": 75, ""duration_minutes"": 47.11267563316153}]",HOT,2.0,200.0,209.75786698924674,7.013738626797725,27.28769765968629,34.82726237673069,42.67986050285419,139.1469195449088,104.87893349462337,30.0,4.267986050285419,1710,True,0.6485923987089746
2.0968677601690153,0.4120566668904041,3.8653640748615428,13.464589159873178,"[{""power_percent"": 25, ""duration_minutes"": 30.684034525412113}, {""power_percent"": 50, ""duration_minutes"": 30.684034525412113}, {""power_percent"": 75, ""duration_minutes"": 30.684034525412113}]",HOT,2.0,200.0,166.1267496670344,3.7423290029902576,24.366072422878336,29.913845045120844,42.24113333780808,117.28748816729801,83.0633748335172,30.0,4.224113333780808,1835,True,0.6476159377003752
2.6354599004660524,0.46187758258952977,6.929743441001352,8.387808654280178,"[{""power_percent"": 25, ""duration_minutes"": 47.22383804598895}, {""power_percent"": 50, ""duration_minutes"": 47.22383804598895}, {""power_percent"": 75, ""duration_minutes"": 47.22383804598895}]",HOT,2.0,200.0,199.60391907823654,6.804323411046357,27.271023297762177,35.15187244893806,43.2375516517906,134.12571470429734,99.80195953911827,30.0,4.32375516517906,1599,True,0.6444344593512601
1.218954798587908,0.38247107345832515,5.484130424282801,5.763153843939362,"[{""power_percent"": 25, ""duration_minutes"": 56.42577961761371}, {""power_percent"": 50, ""duration_minutes"": 56.42577961761371}, {""power_percent"": 75, ""duration_minutes"": 56.42577961761371}]",HOT,2.0,200.0,292.56252972794925,5.427228494255762,11.725681043237024,30.479593564480275,41.6494214691665,180.44620701089127,146.28126486397463,30.0,4.16494214691665,1708,True,0.6442494742373663
1.8431389162461005,0.21826534685588883,3.3210352122638938,26.978308392954965,[],WARM,0.7,120.0,103.97639788537948,3.11117950597178,38.431389162461,37.86125458679845,38.36530693711778,55.82472963640152,51.98819894268974,0.0,3.836530693711778,1836,True,0.6430172326936774
2.7136782669752826,0.40488909684809193,3.9722753200890004,45.53133443203904,"[{""power_percent"": 25, ""duration_minutes"": 11.334670514566891}, {""power_percent"": 50, ""duration_minutes"": 11.334670514566891}, {""power_percent"": 75, ""duration_minutes"": 11.334670514566891}]",WARM,0.7,120.0,117.43894023106161,3.932920207545924,33.43658209256779,34.383099456044086,42.09778193696184,92.92924830922699,58.719470115530804,30.0,4.209778193696184,1927,True,0.6320773612475312
0.5995913243587766,0.10231135988672098,4.445728597085247,41.819589085011046,"[{""power_percent"": 25, ""duration_minutes"": 58.36010279771057}, {""power_percent"": 50, ""duration_minutes"": 58.36010279771057}, {""power_percent"": 75, ""duration_minutes"": 58.36010279771057}]",HOT,2.0,200.0,436.2965826980448,4.6357427870140935,5.241897823931179,24.866784261017195,36.04622719773442,251.75291406879583,218.1482913490224,30.0,3.6046227197734417,1887,True,0.6303504424655109
0.8598349791304293,0.13140470061527287,1.7120663846506676,35.65620814248856,"[{""power_percent"": 25, ""duration_minutes"": 59.58477147039712}, {""power_percent"": 50, ""duration_minutes"": 59.58477147039712}, {""power_percent"": 75, ""duration_minutes"": 59.58477147039712}]",HOT,2.0,200.0,362.40325619560235,1.8583645487515732,7.660634070744726,20.790094205746197,36.62809401230545,214.8644374990317,181.20162809780118,30.0,3.6628094012305454,1936,True,0.6280616980896465
2.7155633668455352,0.4307969178808444,1.7110585658384623,29.67249950705553,"[{""power_percent"": 25, ""duration_minutes"": 4.7075752401526785}, {""power_percent"": 50, ""duration_minutes"": 4.7075752401526785}, {""power_percent"": 75, ""duration_minutes"": 4.7075752401526785}]",HOT,2.0,200.0,76.7616325586198,1.5825937539274324,34.44949738243245,29.323764111279463,42.61593835761688,72.64241011507158,38.3808162793099,30.0,4.261593835761689,1808,True,0.6263097756013039
2.9731551720508453,0.4185217219818436,5.585210989933012,5.009443824462976,[],HOT,2.0,200.0,50.45428667727082,5.224341445997756,49.731551720508456,42.19268264364814,42.370434439636874,29.4641867825991,25.22714333863541,0.0,4.237043443963688,1735,True,0.6260152472455598
0.5994850314629903,0.13829318576422084,4.445728597085247,41.819589085011046,"[{""power_percent"": 25, ""duration_minutes"": 54.020918689821535}, {""power_percent"": 50, ""duration_minutes"": 54.020918689821535}, {""power_percent"": 75, ""duration_minutes"": 54.020918689821535}]",HOT,2.0,200.0,423.3233873384437,4.622729486406257,5.891712511156674,25.689092741257205,36.76586371528442,245.33828004075028,211.66169366922185,30.0,3.676586371528442,646,True,0.6259999647505188
1.8237964489347784,0.44609576837905623,6.65885202267701,31.696998491277434,[],WARM,0.7,120.0,106.25511997779378,6.478082155667282,38.23796448934778,47.270853265902694,42.92191536758112,57.419751525655,53.12755998889689,0.0,4.2921915367581125,1797,True,0.6256737182918701
0.590928272944282,0.1000262040011231,1.5646101667558034,31.599261003475874,"[{""power_percent"": 25, ""duration_minutes"": 6.49632873153686}, {""power_percent"": 50, ""duration_minutes"": 6.49632873153686}, {""power_percent"": 75, ""duration_minutes"": 6.49632873153686}]",WARM,0.7,120.0,297.3066782793848,1.5120575880534983,12.93483341971229,26.34486519568677,36.00052408002246,182.25339154769466,148.6533391396924,30.0,3.600052408002246,1238,True,0.6254391767362573
1.1133511574946275,0.19477461841383895,2.0619376418740023,33.56860635461619,"[{""power_percent"": 25, ""duration_minutes"": 54.158205366456535}, {""power_percent"": 50, ""duration_minutes"": 54.158205366456535}, {""power_percent"": 75, ""duration_minutes"": 54.158205366456535}]",WARM,0.7,120.0,321.77357996346916,2.1432898498012842,11.009780769977796,24.186932221732985,37.89549236827678,194.67633921856225,160.88678998173458,30.0,3.789549236827678,1486,True,0.6218368341699401
2.781608829907264,0.25026016379657123,3.541507693196717,34.90048139577953,"[{""power_percent"": 25, ""duration_minutes"": 53.88550776545124}]",WARM,0.7,120.0,132.7812791045601,3.415531736140555,41.121812910800074,35.06957211898875,39.00520327593142,80.29115987987319,66.39063955228005,10.0,3.900520327593142,1911,True,0.6208595365697422
2.8709288653270635,0.39809606852164087,6.708853540466777,37.79784091404035,[],WARM,0.7,120.0,78.0872507894237,6.522803431337935,48.70928865327063,46.79485990319325,41.96192137043282,43.239817531755136,39.04362539471185,0.0,4.196192137043282,1502,True,0.6195275593901148
2.144614214425252,0.29806525292691555,3.591506707641407,13.475891661688209,"[{""power_percent"": 25, ""duration_minutes"": 57.26004371925524}, {""power_percent"": 50, ""duration_minutes"": 57.26004371925524}, {""power_percent"": 75, ""duration_minutes"": 57.26004371925524}]",WARM,0.7,120.0,260.26554801066874,3.520357620192292,20.85713558636423,28.20639251567283,39.96130505853831,164.1289045111882,130.13277400533437,30.0,3.996130505853831,1871,True,0.6195261228484106
0.5070890680856692,0.1867291342756195,6.982841959578491,41.81959251992543,"[{""power_percent"": 25, ""duration_minutes"": 56.314051338755746}, {""power_percent"": 50, ""duration_minutes"": 56.314051338755746}, {""power_percent"": 75, ""duration_minutes"": 56.314051338755746}]",HOT,2.0,200.0,475.7940537128688,7.170418105990884,4.62378298004333,31.1381689099764,37.734582685512386,271.67048512498565,237.8970268564344,30.0,3.773458268551239,1838,True,0.6128852845667849
0.7895138788471923,0.46565674513804134,6.867071686929988,11.912044199372756,[],HOT,2.0,200.0,192.06394024307184,6.634963396972336,27.89513878847192,45.32202431551647,43.31313490276082,100.36328361181201,96.03197012153592,0.0,4.331313490276083,1696,True,0.6126534650274411
1.268985313406168,0.5086105599265363,4.067528729043143,44.83859308194875,"[{""power_percent"": 25, ""duration_minutes"": 43.39637961739328}, {""power_percent"": 50, ""duration_minutes"": 43.39637961739328}]",HOT,2.0,200.0,216.94901487733074,4.140593634233375,20.35021517232235,33.634601400161124,44.172211198530725,132.89172855851845,108.47450743866537,20.0,4.417221119853073,1880,True,0.6054618593622438
1.8211379116838604,0.5537144212015652,6.98935996127766,8.045919664575496,[],WARM,0.7,120.0,99.27986088263842,6.666789962797757,38.2113791168386,49.22329297697411,45.0742884240313,54.14735928372234,49.63993044131921,0.0,4.50742884240313,1803,True,0.6049809294208994
0.5996086717455857,0.10265996215206596,2.1969277691236933,33.81320871807831,"[{""power_percent"": 25, ""duration_minutes"": 58.08500876941169}, {""power_percent"": 50, ""duration_minutes"": 58.08500876941169}, {""power_percent"": 75, ""duration_minutes"": 58.08500876941169}]",HOT,2.0,200.0,433.0621487780995,2.338077700870575,5.283335402044102,20.398124294825124,36.05319924304132,250.1363943133539,216.53107438904976,30.0,3.605319924304132,1943,True,0.6049525944867831
1.1896804884724939,0.40303839577322925,4.128256826861103,44.824344584180416,"[{""power_percent"": 25, ""duration_minutes"": 46.93354006681839}, {""power_percent"": 50, ""duration_minutes"": 46.93354006681839}]",WARM,0.7,120.0,247.8986569364517,4.185482754960923,19.203450878043096,34.87696199899185,42.06076791546458,148.1554052597723,123.94932846822584,20.0,4.206076791546458,1790,True,0.6025888931345658
1.19084745840613,0.7066225835014821,6.821089340252051,42.84875580215498,"[{""power_percent"": 25, ""duration_minutes"": 21.01046300235088}, {""power_percent"": 50, ""duration_minutes"": 21.01046300235088}]",HOT,2.0,200.0,179.3362699985597,6.8405689027334375,21.807428283826212,42.86102190238084,48.13245167002964,114.4813801662828,89.66813499927984,20.0,4.813245167002965,1711,True,0.6021173799764286
2.9920295871995686,0.767657381258917,6.970288275754506,41.282167321859845,"[{""power_percent"": 25, ""duration_minutes"": 7.074440787535825}, {""power_percent"": 50, ""duration_minutes"": 7.074440787535825}, {""power_percent"": 75, ""duration_minutes"": 7.074440787535825}]",HOT,2.0,200.0,82.24116664311651,6.90752341856029,36.85912975386531,42.51576545573779,49.35314762517834,76.05589808407609,41.12058332155826,30.0,4.935314762517834,1925,True,0.6003884876446131
2.6075813784812487,0.5279481475185416,4.64956096118978,11.756003914374752,[],HOT,2.0,200.0,59.55137211881178,4.343793729536779,46.07581378481249,41.63449969260206,44.55896295037083,34.23158235444297,29.77568605940589,0.0,4.455896295037083,1406,True,0.5963102006881325
0.6795244226642367,0.1962200775612774,1.6767444608964177,31.580650120005295,"[{""power_percent"": 25, ""duration_minutes"": 52.28554369711899}, {""power_percent"": 50, ""duration_minutes"": 52.28554369711899}, {""power_percent"": 75, ""duration_minutes"": 52.28554369711899}]",HOT,2.0,200.0,385.5734440481235,1.7839040158012374,6.9524126720745185,22.29545307620178,37.92440155122555,226.57916217918432,192.78672202406176,30.0,3.7924401551225553,1922,True,0.593319425592574
1.7057985126205544,0.7065425572848361,6.818064240699801,36.986565344155395,[],HOT,2.0,200.0,97.53132591303763,6.699751692259911,37.057985126205544,48.11463916881764,48.130851145696724,53.57874807108849,48.76566295651882,0.0,4.813085114569673,1929,True,0.5880002187292648
1.699348808338207,0.2538623499142916,0.2310841510234174,5.063912079490691,"[{""power_percent"": 25, ""duration_minutes"": 52.333750231212626}, {""power_percent"": 50, ""duration_minutes"": 52.333750231212626}, {""power_percent"": 75, ""duration_minutes"": 52.333750231212626}]",WARM,0.7,120.0,261.28953026206455,-0.18750507813952885,17.143425548700176,23.274142376115527,39.07724699828583,164.55248983086085,130.64476513103227,30.0,3.907724699828583,1689,True,0.5850865507961269
2.6190581903641306,0.5776018436564238,6.970288275754506,43.93012498482658,"[{""power_percent"": 25, ""duration_minutes"": 52.812619452478785}, {""power_percent"": 50, ""duration_minutes"": 52.812619452478785}, {""power_percent"": 75, ""duration_minutes"": 52.812619452478785}]",WARM,0.7,120.0,243.38939195544145,7.049544556406335,26.268688985769483,38.71866292466301,45.55203687312847,156.24989966503358,121.69469597772073,30.0,4.555203687312847,1798,True,0.5835711914447188
0.9632001256315103,0.4963529594563689,1.0329114925720733,31.352340524957796,"[{""power_percent"": 25, ""duration_minutes"": 7.094285196022625}, {""power_percent"": 50, ""duration_minutes"": 7.094285196022625}, {""power_percent"": 75, ""duration_minutes"": 7.094285196022625}]",HOT,2.0,200.0,184.919434443328,0.9917803862846274,16.567858476911706,31.251926860690247,43.92705918912738,126.85242314057673,92.459717221664,30.0,4.392705918912738,1913,True,0.5813413811365244
0.5230937240841089,0.11481399130618936,2.1969277691236933,31.357002689542348,"[{""power_percent"": 25, ""duration_minutes"": 57.85483974665593}, {""power_percent"": 50, ""duration_minutes"": 57.85483974665593}, {""power_percent"": 75, ""duration_minutes"": 57.85483974665593}]",HOT,2.0,200.0,468.227115465241,2.325710555537551,4.5527112788427,20.564687856722625,36.29627982612379,267.74318571523287,234.1135577326205,30.0,3.6296279826123787,1574,True,0.5796767918805361
2.505086656129361,0.6239254970776543,6.971617988954206,43.173598533017405,"[{""power_percent"": 25, ""duration_minutes"": 49.34585259855559}, {""power_percent"": 50, ""duration_minutes"": 49.34585259855559}]",WARM,0.7,120.0,186.0219528966235,6.971147819104246,32.11628130143805,43.06959078692692,46.478509941553085,117.65882744246706,93.01097644831175,20.0,4.647850994155308,1941,True,0.5771665652541702
0.9672537387895097,0.7233400901350955,6.970288275754506,11.725657836912472,"[{""power_percent"": 25, ""duration_minutes"": 51.75931263571552}, {""power_percent"": 50, ""duration_minutes"": 51.75931263571552}, {""power_percent"": 75, ""duration_minutes"": 51.75931263571552}]",HOT,2.0,200.0,312.3738675612773,6.945230011131547,9.908640492537769,37.962319495915764,48.46680180270191,191.03361396090884,156.18693378063864,30.0,4.846680180270191,1919,True,0.5691357774349808
0.85506868943586,0.673805706567179,6.750541677928814,41.988717019458036,"[{""power_percent"": 25, ""duration_minutes"": 43.5575367296734}]",HOT,2.0,200.0,230.07865498152586,6.759828769197799,22.372810057874933,44.280025732773574,47.47611413134358,129.7869389038973,115.03932749076293,10.0,4.747611413134358,1548,True,0.568549719624674
0.8558954898222141,0.48592770917080697,2.8226105906428467,12.787772518139152,"[{""power_percent"": 25, ""duration_minutes"": 52.63200087195953}, {""power_percent"": 50, ""duration_minutes"": 52.63200087195953}, {""power_percent"": 75, ""duration_minutes"": 52.63200087195953}]",HOT,2.0,200.0,335.48737635215593,2.810997408774672,8.664154767428212,26.73947361285902,43.71855418341614,202.1155435944196,167.74368817607797,30.0,4.371855418341614,1940,True,0.5681711447670017
0.6243059213635382,0.15762785265664708,0.9961471802231778,31.66699357525276,"[{""power_percent"": 25, ""duration_minutes"": 54.006446956093164}, {""power_percent"": 50, ""duration_minutes"": 54.006446956093164}, {""power_percent"": 75, ""duration_minutes"": 54.006446956093164}]",HOT,2.0,200.0,410.2862614505426,1.1111962456884323,6.142092170221408,23.038659645385025,37.15255705313294,238.8583864305846,205.1431307252713,30.0,3.715255705313294,1714,True,0.5680785356591493
2.7275340246303887,0.25228427088843003,0.10109386946187927,5.01233358655931,[],WARM,0.7,120.0,70.99843108407197,-0.5759334900039804,47.275340246303884,34.225223511737404,39.0456854177686,39.403784083812845,35.499215542035984,0.0,3.9045685417768605,1897,True,0.5660851902657404
2.9987661217594352,0.32323532976422603,0.6686888923765326,21.685183549411033,[],WARM,0.7,120.0,71.02612816373242,0.28084934880262136,49.98766121759435,33.94144617241764,40.46470659528452,39.559534741394664,35.51306408186621,0.0,4.046470659528452,1771,True,0.5627633501900933
2.985575563794307,0.6461664592724937,6.967634490982581,42.80894027654623,"[{""power_percent"": 25, ""duration_minutes"": 44.08155444136861}]",WARM,0.7,120.0,121.66580529218777,6.8711466645314525,43.651677915874636,46.966819859994025,46.92332918544987,75.52523556463888,60.832902646093885,10.0,4.692332918544987,1142,True,0.5612155232953204
0.524656700679498,0.12917415168568377,1.5131921183146897,5.835040001488055,"[{""power_percent"": 25, ""duration_minutes"": 59.25344211201409}, {""power_percent"": 50, ""duration_minutes"": 59.25344211201409}, {""power_percent"": 75, ""duration_minutes"": 59.25344211201409}]",HOT,2.0,200.0,463.9120758613896,1.4929764166324806,4.358550689992866,21.19089579351756,36.58348303371368,265.61438623406616,231.9560379306948,30.0,3.6583483033713677,1860,True,0.5597164786267337
0.9672537387895097,0.7638493384617042,6.970288275754506,11.912044199372756,"[{""power_percent"": 25, ""duration_minutes"": 51.75931263571552}, {""power_percent"": 50, ""duration_minutes"": 51.75931263571552}, {""power_percent"": 75, ""duration_minutes"": 51.75931263571552}]",HOT,2.0,200.0,312.4297834700154,6.946348329306308,9.908640492537769,38.44843047583507,49.276986769234085,191.1425904119311,156.2148917350077,30.0,4.927698676923409,1214,True,0.5591564841213066
0.5565059578300169,0.3997826344827514,5.484130424282801,36.80709270937019,"[{""power_percent"": 25, ""duration_minutes"": 59.599912950256034}, {""power_percent"": 50, ""duration_minutes"": 59.599912950256034}, {""power_percent"": 75, ""duration_minutes"": 59.599912950256034}]",HOT,2.0,200.0,457.88075998449676,5.649512481076589,4.625072635761763,30.401660296835573,41.99565268965503,263.1399452612139,228.94037999224838,30.0,4.199565268965503,1723,True,0.5564790410102181
2.959572329724499,0.2576624379421063,0.1969551205374065,5.01233358655931,"[{""power_percent"": 25, ""duration_minutes"": 59.173725659053424}, {""power_percent"": 50, ""duration_minutes"": 59.173725659053424}, {""power_percent"": 75, ""duration_minutes"": 59.173725659053424}]",WARM,0.7,120.0,244.2078755706751,-0.2518325941550573,28.719664448386972,22.77240370491565,39.153248758842125,156.01926266122177,122.10393778533755,30.0,3.9153248758842127,1888,True,0.5552690748373137
1.7869181705922688,0.5266377076474373,2.1745120146011145,31.961350860258072,[],WARM,0.7,120.0,108.03181266675743,1.9968033929389726,37.869181705922685,39.268676520971475,44.53275415294875,58.46918174867359,54.015906333378716,0.0,4.453275415294875,1864,True,0.5536860870232265
0.7071082360086653,0.4666987613877511,2.8291375016772937,12.721931997963004,[],HOT,2.0,200.0,214.44817750961576,2.605184764224725,27.071082360086653,37.258660140007606,43.33397522775502,111.55748627758338,107.22408875480788,0.0,4.333397522775502,1945,True,0.5527951109941263
0.8558954898222141,0.7572321302844749,6.99207237334168,33.55175403695317,"[{""power_percent"": 25, ""duration_minutes"": 52.12769145196715}, {""power_percent"": 50, ""duration_minutes"": 52.12769145196715}, {""power_percent"": 75, ""duration_minutes"": 52.12769145196715}]",HOT,2.0,200.0,340.203642547823,7.103530152326411,8.739801180427069,38.37943807942001,49.1446426056895,205.01628553448046,170.1018212739115,30.0,4.91446426056895,1867,True,0.5489571703591842
2.706913143709931,0.8057743057471634,6.5070841129596335,11.466563577882221,[],HOT,2.0,200.0,57.35364215281157,6.195606968678529,47.069131437099315,48.68345989488523,50.115486114943266,33.688369687900106,28.676821076405783,0.0,5.011548611494327,1903,True,0.5474514504801142
2.6548542121382894,0.8188680661418007,6.7977946867701995,44.01526371045138,[],HOT,2.0,200.0,68.2048567231764,6.683692100547376,46.548542121382894,49.42200616724201,50.377361322836016,39.14016449387181,34.1024283615882,0.0,5.037736132283602,903,True,0.5461811892299218
2.985575563794307,0.7886003143960124,6.967634490982581,33.2899997339885,"[{""power_percent"": 25, ""duration_minutes"": 59.712236927487794}]",HOT,2.0,200.0,118.44080561553963,6.855663703762226,42.87014379156868,45.607105646892684,49.77200628792025,74.19760343656183,59.220402807769815,10.0,4.977200628792025,1923,True,0.5460495344017327
2.6104307475213053,0.711978436652313,4.445728597085247,36.42016982506358,"[{""power_percent"": 25, ""duration_minutes"": 53.6569421020726}, {""power_percent"": 50, ""duration_minutes"": 53.6569421020726}, {""power_percent"": 75, ""duration_minutes"": 53.6569421020726}]",HOT,2.0,200.0,227.85865828065369,4.508803212440993,26.055766159902163,32.606073644811715,48.239568733046255,148.75328601363148,113.92932914032684,30.0,4.823956873304626,1944,True,0.5455019811665074
0.9350414505182262,0.7854722671373715,5.650517631097585,19.908719770393944,"[{""power_percent"": 25, ""duration_minutes"": 46.73002468409828}, {""power_percent"": 50, ""duration_minutes"": 46.73002468409828}, {""power_percent"": 75, ""duration_minutes"": 46.73002468409828}]",HOT,2.0,200.0,305.08338568290935,5.660758365751513,10.340910802567521,36.52100024627478,49.70944534274743,187.5126373757294,152.54169284145468,30.0,4.970944534274743,1570,True,0.5405020017058846
0.9477691775723004,0.7903492755523981,5.650517631097585,19.842340894493862,"[{""power_percent"": 25, ""duration_minutes"": 46.73002468409828}, {""power_percent"": 50, ""duration_minutes"": 46.73002468409828}, {""power_percent"": 75, ""duration_minutes"": 46.73002468409828}]",HOT,2.0,200.0,302.90915968649927,5.65985098341395,10.468188073108262,36.5795243472551,49.80698551104796,186.43527839435444,151.45457984324963,30.0,4.980698551104797,1879,True,0.5403392308406787
0.985117352995562,0.6083998920751286,0.6462113506135556,20.070371434807303,"[{""power_percent"": 25, ""duration_minutes"": 13.381363740458816}, {""power_percent"": 50, ""duration_minutes"": 13.381363740458816}, {""power_percent"": 75, ""duration_minutes"": 13.381363740458816}]",WARM,0.7,120.0,212.93132561054776,0.4293729763239534,15.843968968886797,30.20405326703314,46.16799784150257,141.08246258942413,106.46566280527388,30.0,4.616799784150257,1491,True,0.5365114332518615
0.6991995832045028,0.6317714532234813,6.971617988954206,41.8231405690678,"[{""power_percent"": 25, ""duration_minutes"": 49.26011602475046}]",WARM,0.7,120.0,290.838078526654,6.965848965065181,20.528990030807506,46.64668993584767,46.635429064469626,160.08258216977396,145.419039263327,10.0,4.6635429064469625,1812,True,0.5334364011953538
1.547291832408022,0.8348015961968104,6.9824012277966,37.61857404650692,[],WARM,0.7,120.0,122.72914604937894,6.848220998779319,35.47291832408022,52.58242160995492,50.696031923936204,66.43417621708309,61.36457302468947,0.0,5.069603192393621,1531,True,0.5333899805810283
0.6431206532996082,0.5262106179668932,2.8360353473926985,11.577760237381604,"[{""power_percent"": 25, ""duration_minutes"": 45.822154722999485}, {""power_percent"": 50, ""duration_minutes"": 45.822154722999485}, {""power_percent"": 75, ""duration_minutes"": 45.822154722999485}]",HOT,2.0,200.0,372.6775202316977,2.8052435468540025,7.557883324546158,27.862604185318162,44.52421235933787,220.79118135178265,186.33876011584886,30.0,4.4524212359337865,1311,True,0.533023775228201
0.6303935119985347,0.5213336077511708,2.8360353473926985,11.644139146702317,"[{""power_percent"": 25, ""duration_minutes"": 45.822154722999485}, {""power_percent"": 50, ""duration_minutes"": 45.822154722999485}, {""power_percent"": 75, ""duration_minutes"": 45.822154722999485}]",HOT,2.0,200.0,377.40631726764616,2.8061509059619696,7.430611911535423,27.80408006272949,44.42667215502341,223.14582584932543,188.70315863382308,30.0,4.4426672155023414,1926,True,0.5314011026733807
1.703692255247244,0.8381004564905911,6.467289510986357,36.90068860348301,[],WARM,0.7,120.0,113.61427647571706,6.322545952397364,37.03692255247244,51.59178449985981,50.76200912981182,61.88333915083972,56.80713823785853,0.0,5.076200912981182,1671,True,0.5270171173478153
0.6519367965409479,0.5262106179668932,2.8360353473926985,11.914120406018949,"[{""power_percent"": 25, ""duration_minutes"": 54.40504009245064}, {""power_percent"": 50, ""duration_minutes"": 54.40504009245064}, {""power_percent"": 75, ""duration_minutes"": 54.40504009245064}]",HOT,2.0,200.0,395.3730099003426,2.832657718244526,6.358611951541883,27.09014450206756,44.52421235933787,232.1389261861051,197.6865049501713,30.0,4.4524212359337865,1617,True,0.5259178596790353
0.8983874394589613,0.4152135264041259,0.37825099188453093,19.875528130762753,"[{""power_percent"": 25, ""duration_minutes"": 56.01753811699414}, {""power_percent"": 50, ""duration_minutes"": 56.01753811699414}, {""power_percent"": 75, ""duration_minutes"": 56.01753811699414}]",WARM,0.7,120.0,355.48109779143226,0.0916212774417314,8.581243677040492,24.584481902550973,42.30427052808252,211.97097594852437,177.74054889571613,30.0,4.230427052808252,1488,True,0.519813905689132
1.7102343838989493,0.9255162593443871,5.028989859730226,43.577162473223595,"[{""power_percent"": 25, ""duration_minutes"": 50.294019476914286}]",HOT,2.0,200.0,149.57444472564518,5.020337478690522,30.587642865143778,43.65535424728567,52.51032518688774,90.03825488151136,74.78722236282259,10.0,5.251032518688774,1921,True,0.5135173003817937
0.904853012371698,0.6843063489802195,0.7631335706098445,20.070371434807303,"[{""power_percent"": 25, ""duration_minutes"": 17.270786933896087}, {""power_percent"": 50, ""duration_minutes"": 17.270786933896087}, {""power_percent"": 75, ""duration_minutes"": 17.270786933896087}]",WARM,0.7,120.0,238.10625294801383,0.6611740395255088,14.457912083632566,30.78357250493168,47.68612697960439,153.82173917196735,119.05312647400692,30.0,4.768612697960439,1661,True,0.5119078521633005
0.5048418167551484,0.5302466733037552,5.396622461542121,16.4315407281666,"[{""power_percent"": 25, ""duration_minutes"": 58.93279192393163}, {""power_percent"": 50, ""duration_minutes"": 58.93279192393163}, {""power_percent"": 75, ""duration_minutes"": 58.93279192393163}]",HOT,2.0,200.0,477.3506099589366,5.439816409012709,4.208499378961736,31.852253729575462,44.6049334660751,273.1357983260758,238.6753049794683,30.0,4.46049334660751,1915,True,0.5083506260094217
1.170904043122996,0.9915597730657392,6.5070841129596335,11.466563577882221,[],HOT,2.0,200.0,130.04611140072825,6.257047332702006,31.70904043122996,50.912885502708136,53.831195461314785,70.40617524649561,65.02305570036413,0.0,5.3831195461314785,1742,True,0.508171251274161
1.703692255247244,0.9508603235737206,6.98935996127766,5.727856682717203,[],WARM,0.7,120.0,104.26242689948732,6.657579411164072,37.03692255247244,53.98904380543996,53.01720647147441,57.4329340968911,52.13121344974366,0.0,5.301720647147441,1645,True,0.5078866719799433
2.6093292165711968,0.8894140401042716,4.64956096118978,11.756003914374752,[],HOT,2.0,200.0,59.51283974981587,4.343723816013181,46.093292165711965,45.97209040363082,51.78828080208543,34.93524795511648,29.756419874907934,0.0,5.178828080208543,1763,True,0.507360337400286
1.1185775375719338,0.9979769877739996,6.74895337564105,44.01526371045138,[],HOT,2.0,200.0,145.8034635995886,6.696301856400881,31.185775375719338,51.4736306045701,53.95953975547999,78.2976857753423,72.9017317997943,0.0,5.395953975547999,1856,True,0.5045541714375201
1.6018767276320367,0.901635117374531,3.22360959613802,9.575071360016231,"[{""power_percent"": 25, ""duration_minutes"": 58.60529452665645}, {""power_percent"": 50, ""duration_minutes"": 58.60529452665645}, {""power_percent"": 75, ""duration_minutes"": 58.60529452665645}]",HOT,2.0,200.0,270.8285693105663,3.1808008387728055,15.2279730973219,31.99236409337133,52.03270234749062,170.6175548900322,135.41428465528315,30.0,5.203270234749063,1725,True,0.4938748275836772
1.0476902578203107,0.951985428072202,6.469058615213009,35.73797085705638,[],WARM,0.7,120.0,168.39347754917682,6.343578830042533,30.476902578203106,52.961942367292444,53.03970856144404,89.50070963073281,84.19673877458841,0.0,5.303970856144404,1722,True,0.48502830038170874
2.7932228842746785,0.9736639972352589,6.98923948589343,37.688535780566234,[],WARM,0.7,120.0,79.50796811002658,6.8056417852058395,47.93222884274678,54.26244693860996,53.473279944705176,45.10131204948381,39.75398405501329,0.0,5.347327994470518,1845,True,0.4831126941701841
2.9410250063139673,0.9692406914504206,3.7107029760031747,40.96013191133737,"[{""power_percent"": 25, ""duration_minutes"": 9.175662876074934}]",HOT,2.0,200.0,70.9663289752524,3.595998430094715,44.95146691933592,42.77702436312916,53.38481382900841,50.821645870527036,35.4831644876262,10.0,5.3384813829008415,1755,True,0.4816857794742223
0.597724873950122,0.6105794045931929,0.8390453146245099,33.889742496494,"[{""power_percent"": 25, ""duration_minutes"": 21.13559335197869}, {""power_percent"": 50, ""duration_minutes"": 21.13559335197869}, {""power_percent"": 75, ""duration_minutes"": 21.13559335197869}]",HOT,2.0,200.0,323.0252802567488,0.869881554701405,10.806909736704416,31.74665882419121,46.21158809186386,196.13379893756078,161.5126401283744,30.0,4.621158809186386,1782,True,0.4793757632642769
1.1877526788757742,0.9915597730657392,3.2989299501567313,11.466563577882221,[],HOT,2.0,200.0,128.22888651194899,3.0482192244689936,31.87752678875774,44.49657717710234,53.831195461314785,69.49756280210597,64.11444325597449,0.0,5.3831195461314785,1937,True,0.4713670848497683
0.597724873950122,0.5538474999305133,1.2292144921123,20.148099881626145,"[{""power_percent"": 25, ""duration_minutes"": 59.82197285043149}, {""power_percent"": 50, ""duration_minutes"": 59.82197285043149}, {""power_percent"": 75, ""duration_minutes"": 59.82197285043149}]",HOT,2.0,200.0,434.96192596764683,1.2936600149953463,5.003952811936497,26.80376345840273,45.07694999861027,251.98865798368445,217.48096298382342,30.0,4.507694999861027,1904,True,0.4663102344888628
0.904853012371698,0.8398338617582382,0.3913665214516473,41.56943503174715,"[{""power_percent"": 25, ""duration_minutes"": 9.326653725246626}, {""power_percent"": 50, ""duration_minutes"": 9.326653725246626}, {""power_percent"": 75, ""duration_minutes"": 9.326653725246626}]",HOT,2.0,200.0,204.7235724011474,0.12056897232300211,15.649532064929986,36.45587446292336,50.796677235164765,137.44145392409018,102.3617862005737,30.0,5.079667723516477,1336,True,0.462283806276265
0.6631852251447983,0.611414641029977,0.8047287133556744,30.13099760572967,"[{""power_percent"": 25, ""duration_minutes"": 52.38374441665142}, {""power_percent"": 50, ""duration_minutes"": 52.38374441665142}, {""power_percent"": 75, ""duration_minutes"": 52.38374441665142}]",HOT,2.0,200.0,390.8716872268028,0.9041385232342147,6.774290588950268,29.012981268149744,46.22829282059954,230.05867289546137,195.4358436134014,30.0,4.622829282059954,1914,True,0.4606685504308916
0.7211293331067583,0.924208069955452,5.902759754581158,9.570859376986858,"[{""power_percent"": 25, ""duration_minutes"": 52.46305091199359}, {""power_percent"": 50, ""duration_minutes"": 52.46305091199359}, {""power_percent"": 75, ""duration_minutes"": 52.46305091199359}]",WARM,0.7,120.0,382.76748100587315,5.850728890254787,7.341835694268545,40.77434176654832,52.48416139910904,226.6321566428475,191.38374050293658,30.0,5.248416139910905,1236,True,0.4543446828137604
0.597724873950122,0.611414641029977,1.2292144921123,32.469045178000236,"[{""power_percent"": 25, ""duration_minutes"": 59.82197285043149}, {""power_percent"": 50, ""duration_minutes"": 59.82197285043149}, {""power_percent"": 75, ""duration_minutes"": 59.82197285043149}]",HOT,2.0,200.0,438.65820955655903,1.367585686773591,5.003952811936497,27.494569151596284,46.22829282059954,253.95193406033948,219.32910477827951,30.0,4.622829282059954,1640,True,0.4511573089482931
0.5111087230256737,0.6936437427281253,5.738309229578916,43.11814314489175,"[{""power_percent"": 25, ""duration_minutes"": 56.69235410905429}, {""power_percent"": 50, ""duration_minutes"": 56.69235410905429}, {""power_percent"": 75, ""duration_minutes"": 56.69235410905429}]",WARM,0.7,120.0,490.9921373771349,5.908650801854401,4.607234113898592,37.29803150208045,47.872874854562504,280.2833561740237,245.49606868856745,30.0,4.78728748545625,1627,True,0.450108942369422
0.597724873950122,0.611414641029977,0.8047287133556744,33.889742496494,"[{""power_percent"": 25, ""duration_minutes"": 52.38374441665142}, {""power_percent"": 50, ""duration_minutes"": 52.38374441665142}, {""power_percent"": 75, ""duration_minutes"": 52.38374441665142}]",HOT,2.0,200.0,416.769733450767,0.9293094066265879,6.1196870770035074,29.012981268149744,46.22829282059954,243.00769600744346,208.3848667253835,30.0,4.622829282059954,1686,True,0.44549203556558914
1.5674581636049958,0.981204611500541,0.8623491449802225,30.281030952483906,[],WARM,0.7,120.0,119.28064331421783,0.6833370041509261,35.67458163604996,42.099153627966935,53.62409223001082,65.00273088011,59.64032165710891,0.0,5.362409223001082,1712,True,0.426655026018418
0.51360506523402,0.7561948016593535,1.724148016682582,44.21173356781002,"[{""power_percent"": 25, ""duration_minutes"": 59.49820849519858}, {""power_percent"": 50, ""duration_minutes"": 59.49820849519858}, {""power_percent"": 75, ""duration_minutes"": 59.49820849519858}]",HOT,2.0,200.0,482.31134003067336,1.9353688409656773,4.211319378060415,28.2712028219792,49.123896033187066,276.0680596186554,241.15567001533668,30.0,4.912389603318707,1779,True,0.40486444866510574
0.51360506523402,0.7561948016593535,1.724148016682582,44.21173356781002,"[{""power_percent"": 25, ""duration_minutes"": 59.619475223407484}, {""power_percent"": 50, ""duration_minutes"": 59.619475223407484}, {""power_percent"": 75, ""duration_minutes"": 59.619475223407484}]",WARM,0.7,120.0,498.6751402153001,1.909732641150304,4.193129368829078,29.75688088317073,49.123896033187066,284.24995971096877,249.33757010765004,30.0,4.912389603318707,1948,True,0.3856302934049499
2.0719622794298,0.5944125275095137,2.3891335755514858,34.05438443792703,"[{""power_percent"": 25, ""duration_minutes"": 18.604270987655326}]",HOT,2.0,200.0,99.71572665975418,2.2771856619895114,35.789409244915234,35.35308935158748,45.88825055019027,64.44668838489612,49.85786332987709,10.0,4.5888250550190275,0,False,
2.1211797675671136,0.5245306467924059,5.165084211931916,9.362342942032736,[],WARM,0.7,120.0,88.02406717822653,4.8384110788814265,41.211797675671136,45.224536185372706,44.49061293584812,48.46109488269808,44.012033589113265,0.0,4.449061293584812,1,False,
2.5920544452215486,0.14557059319768406,2.094552922571732,42.96606166459501,"[{""power_percent"": 25, ""duration_minutes"": 42.34012296775665}]",HOT,2.0,200.0,111.59909629006913,2.039007237718197,39.80353830382766,28.665749274482977,36.91141186395368,69.49068933142993,55.799548145034564,10.0,3.6911411863953685,2,False,
2.8925753692276888,0.25965510111484036,4.160368774043405,43.119209942634704,"[{""power_percent"": 25, ""duration_minutes"": 9.541030206785388}]",WARM,0.7,120.0,88.83369607126275,4.034922049136891,44.44870218193761,37.75036785526133,39.193102022296806,58.336158237861056,44.416848035631375,10.0,3.919310202229681,3,False,
0.5767272195136126,0.7051791133465275,3.04585197032786,36.27444207361649,"[{""power_percent"": 25, ""duration_minutes"": 3.8206543412092153}]",HOT,2.0,200.0,273.29128334456027,2.9922501883302237,21.576239478075664,38.43923367057777,48.10358226693055,151.4559998989732,136.64564167228014,10.0,4.810358226693055,4,False,
0.7586616861105775,0.15560290817315603,6.553119810114209,30.79335588104809,"[{""power_percent"": 25, ""duration_minutes"": 7.099471688498637}, {""power_percent"": 50, ""duration_minutes"": 7.099471688498637}]",COLD,0.1,20.0,255.65353810953158,6.451732421333071,18.87666969225591,40.34750621699637,37.11205816346312,151.5379748711121,127.82676905476579,20.0,3.711205816346312,5,False,
2.3959999614937892,0.7643539250160042,4.976226601326028,20.846249852332413,"[{""power_percent"": 25, ""duration_minutes"": 13.401639637079219}]",HOT,2.0,200.0,80.75985616650847,4.766865741617349,39.28991763308393,42.72265111373173,49.287078500320085,55.30863593328624,40.379928083254235,10.0,4.9287078500320085,6,False,
1.1606855540775434,0.6858478636123638,1.4601620567915308,19.429975743610953,"[{""power_percent"": 25, ""duration_minutes"": 53.705544168246625}, {""power_percent"": 50, ""duration_minutes"": 53.705544168246625}]",WARM,0.7,120.0,256.9740492717619,1.379725577426588,18.23630112395077,32.52816582683663,47.71695727224728,153.25872036310568,128.48702463588094,20.0,4.771695727224728,7,False,
0.8706698886141633,0.3829720823049316,4.887011966080168,16.9580126757777,[],HOT,2.0,200.0,175.8685426839154,4.681933246590267,28.706698886141634,40.36968891981951,41.65944164609863,92.10021550656757,87.9342713419577,0.0,4.165944164609863,8,False,
0.5217740150523943,0.7552404091560985,0.16058690550124596,40.64227139085737,"[{""power_percent"": 25, ""duration_minutes"": 28.866861476455195}, {""power_percent"": 50, ""duration_minutes"": 28.866861476455195}, {""power_percent"": 75, ""duration_minutes"": 28.866861476455195}]",WARM,0.7,120.0,400.7740442539907,-0.0678298423263401,8.887710929055661,31.543693565989727,49.10480818312197,235.29750294530757,200.38702212699536,30.0,4.910480818312197,9,False,
1.1478646703312698,0.6016430335267812,0.239969553366057,15.577182247035095,[],WARM,0.7,120.0,149.85058022525195,-0.31048193996498324,31.478646703312698,38.13977729558926,46.03286067053562,79.52857617967953,74.92529011262597,0.0,4.6032860670535625,10,False,
2.1233405127663847,0.15257118585535578,4.919782456379303,10.662124741495951,[],HOT,2.0,200.0,72.34204063457568,4.626821584317623,41.23340512766384,37.670419143022876,37.05142371710711,39.876162688998555,36.17102031728784,0.0,3.7051423717107115,11,False,
2.5686657835903293,0.6802853213325702,3.5747475953084367,14.73821371063643,"[{""power_percent"": 25, ""duration_minutes"": 58.60954139289613}, {""power_percent"": 50, ""duration_minutes"": 58.60954139289613}]",HOT,2.0,200.0,178.53662199690382,3.4456493290144343,31.825703696613676,33.79634656303395,47.6057064266514,114.02888164111705,89.26831099845191,20.0,4.76057064266514,12,False,
1.6617905040043321,0.6908224097664627,5.495726705692564,40.42319680905266,"[{""power_percent"": 25, ""duration_minutes"": 37.486643898513336}, {""power_percent"": 50, ""duration_minutes"": 37.486643898513336}]",WARM,0.7,120.0,191.864332257581,5.488767554183733,24.86924065019199,41.63212369467188,47.81644819532925,120.71381094832343,95.9321661287905,20.0,4.781644819532925,13,False,
0.8964719536743871,0.2677120004256915,1.9176729527568015,46.91553534767172,[],COLD,0.1,20.0,215.8972403963319,1.8533072866958564,28.96471953674387,36.8478899106219,39.35424000851383,111.88404419901734,107.94862019816595,0.0,3.9354240008513828,14,False,
2.59863847757348,0.532315048405147,0.22185818936961382,27.645180830574944,[],WARM,0.7,120.0,80.51608906673775,-0.31421626474987574,45.9863847757348,37.34406420212254,44.646300968102935,44.72267463017917,40.258044533368874,0.0,4.464630096810294,15,False,
1.223723426045599,0.9943481712055847,4.655181455312815,7.924787320221649,"[{""power_percent"": 25, ""duration_minutes"": 52.25530443114813}]",HOT,2.0,200.0,175.7094575612996,4.454036546623468,25.624469038898585,43.6748818321582,53.88696342411169,103.24342512306096,87.8547287806498,10.0,5.388696342411169,16,False,
0.9740354767996507,0.6524998062680782,1.4527287754592726,17.246990705544892,"[{""power_percent"": 25, ""duration_minutes"": 40.430990896919724}]",COLD,0.1,20.0,234.10358567137115,1.2676802915174756,23.71880522315052,37.32252549922789,47.04999612536157,131.75679244822174,117.05179283568557,10.0,4.704999612536157,17,False,
2.118422016002693,0.9278810366874324,6.8360223538252125,37.61857404650692,"[{""power_percent"": 25, ""duration_minutes"": 41.57077596049887}]",COLD,0.1,20.0,158.16376939028547,6.728567693424644,35.10568136200199,51.359493869084645,52.55762073374865,94.3376467685176,79.08188469514273,10.0,5.255762073374865,18,False,
2.0910438990041538,0.4142139630424182,0.2301885895384868,5.320800433322407,[],COLD,0.1,20.0,107.83074559467708,-0.4315283638217449,40.91043899004154,35.23094473558599,42.284279260848365,58.143800723423375,53.91537279733854,0.0,4.228427926084836,19,False,
0.8087296931169512,0.6046818677847441,1.7243062618169618,31.562937611095812,"[{""power_percent"": 25, ""duration_minutes"": 45.56554662444094}, {""power_percent"": 50, ""duration_minutes"": 45.56554662444094}, {""power_percent"": 75, ""duration_minutes"": 45.56554662444094}]",WARM,0.7,120.0,346.14158476188436,1.7800313396321819,9.252464937503369,29.203895740851166,46.09363735569488,207.68015611651168,173.07079238094218,30.0,4.609363735569488,20,False,
2.921293416282309,0.5015839218497748,3.784023247485822,28.486041872622046,"[{""power_percent"": 25, ""duration_minutes"": 22.9645067572013}, {""power_percent"": 50, ""duration_minutes"": 22.9645067572013}]",WARM,0.7,120.0,120.32194484349631,3.626016775584665,38.91648348710296,36.80918315173686,44.0316784369955,84.5641402654477,60.160972421748156,20.0,4.40316784369955,21,False,
0.5070890680856692,0.19773240957635962,4.942868725287065,14.09646176058054,"[{""power_percent"": 25, ""duration_minutes"": 41.61639970488194}, {""power_percent"": 50, ""duration_minutes"": 41.61639970488194}, {""power_percent"": 75, ""duration_minutes"": 41.61639970488194}]",WARM,0.7,120.0,439.38415958344393,4.894013132241766,6.8284307251244005,31.113050392051065,37.95464819152719,253.4875446108747,219.69207979172197,30.0,3.7954648191527194,22,False,
1.2611462734771235,0.6809466159538548,4.516158785470122,22.033630745809788,"[{""power_percent"": 25, ""duration_minutes"": 18.922843115777514}, {""power_percent"": 50, ""duration_minutes"": 18.922843115777514}]",HOT,2.0,200.0,161.89519045783607,4.40376040523745,22.719178423193487,38.06830637543985,47.618932319077096,105.70948846082574,80.94759522891803,20.0,4.76189323190771,23,False,
2.654356713114,0.43983703833473586,2.9164224510235046,43.43927209556893,"[{""power_percent"": 25, ""duration_minutes"": 48.01363590100097}, {""power_percent"": 50, ""duration_minutes"": 48.01363590100097}]",HOT,2.0,200.0,164.069920737586,2.93491108687436,33.7422035410399,30.23007120800378,42.79674076669472,106.31463444546246,82.034960368793,20.0,4.279674076669472,24,False,
1.2430462654300554,0.27561248540391187,4.512870084967366,43.61874204887282,"[{""power_percent"": 25, ""duration_minutes"": 37.25630109081115}, {""power_percent"": 50, ""duration_minutes"": 37.25630109081115}]",HOT,2.0,200.0,206.76951770918686,4.5673732888250225,20.70483254521944,32.097711929333,39.51224970807824,127.33598382540126,103.38475885459343,20.0,3.9512249708078238,25,False,
1.0460338167666174,0.9352213039896876,1.722642062735687,19.116206463443305,[],COLD,0.1,20.0,183.63366759491817,1.4854979488456823,30.460338167666173,44.467939773347624,52.70442607979375,97.08727640543846,91.81683379745908,0.0,5.270442607979375,26,False,
2.171163767334219,0.9791699805489272,2.4421872837897225,10.810792633294188,"[{""power_percent"": 25, ""duration_minutes"": 10.377070871174599}]",WARM,0.7,120.0,97.20768118312228,2.152582559767294,37.19278412978346,42.92310220803134,53.583399610978546,63.96218055265899,48.60384059156114,10.0,5.358339961097855,27,False,
1.61978611374992,0.9873429019327227,2.214209329590599,22.453440365605804,"[{""power_percent"": 25, ""duration_minutes"": 56.96354510280218}]",COLD,0.1,20.0,190.8043962850091,2.0511020723370397,29.349683882359095,42.36762712928981,53.74685803865445,110.77688394636999,95.40219814250455,10.0,5.374685803865446,28,False,
2.6580245126854796,0.39809971365170516,0.6327282050395819,13.544207959184837,"[{""power_percent"": 25, ""duration_minutes"": 10.842222741028014}, {""power_percent"": 50, ""duration_minutes"": 10.842222741028014}, {""power_percent"": 75, ""duration_minutes"": 10.842222741028014}]",COLD,0.1,20.0,127.5228187516831,0.2901991405103558,32.9539117157006,28.866852927207105,41.9619942730341,97.95760880314496,63.76140937584155,30.0,4.1961994273034104,29,False,
2.4092024655269415,0.8199846733226307,4.133945014946673,30.181231954090293,[],WARM,0.7,120.0,85.81563743163913,3.9206643080501373,44.09202465526941,46.70770610976491,50.39969346645261,47.947788062464824,42.907818715819566,0.0,5.039969346645261,30,False,
0.8996972787799515,0.8486792757032635,6.0630344482602565,19.455400264665442,[],WARM,0.7,120.0,187.05936509360023,5.84577895869705,28.996972787799514,50.91022020495967,50.97358551406527,98.62704109820665,93.52968254680012,0.0,5.097358551406527,31,False,
1.0163771933124839,0.4728551756933196,1.7364369669653368,33.74032501056875,[],WARM,0.7,120.0,172.20510210713434,1.6002238292962498,30.16377193312484,37.74713604225051,43.45710351386639,90.44826140495381,86.10255105356717,0.0,4.345710351386639,32,False,
0.5971400730796315,0.6283694472314109,4.400088469458821,41.35793466089031,"[{""power_percent"": 25, ""duration_minutes"": 26.636639384485846}, {""power_percent"": 50, ""duration_minutes"": 26.636639384485846}, {""power_percent"": 75, ""duration_minutes"": 26.636639384485846}]",WARM,0.7,120.0,358.0146419596201,4.466260392654434,9.975904823123438,36.54331276109085,46.56738894462821,213.66405987427288,179.00732097981006,30.0,4.656738894462822,33,False,
2.9150946546057193,0.4068009086013846,5.984172941135779,33.45386005663235,"[{""power_percent"": 25, ""duration_minutes"": 41.700274178380354}, {""power_percent"": 50, ""duration_minutes"": 41.700274178380354}]",COLD,0.1,20.0,179.39301149338235,5.881692863648105,36.980919128219156,40.14794033478536,42.13601817202769,113.91010756389394,89.69650574669117,20.0,4.213601817202769,34,False,
0.92225547980968,0.6505096889788813,1.7337233738991573,22.326219390722812,"[{""power_percent"": 25, ""duration_minutes"": 12.888764060598962}, {""power_percent"": 50, ""duration_minutes"": 12.888764060598962}]",HOT,2.0,200.0,193.62013098129418,1.624567999172305,19.933678392036907,33.565343676312324,47.01019377957763,121.51108486860485,96.81006549064709,20.0,4.7010193779577625,35,False,
1.9892395801414122,0.6597572238007006,1.1720310640045069,42.58429438152469,"[{""power_percent"": 25, ""duration_minutes"": 8.433337266484031}, {""power_percent"": 50, ""duration_minutes"": 8.433337266484031}]",WARM,0.7,120.0,119.5476613351545,1.1068339216209664,31.04906207476572,34.355148577628384,47.19514447601401,84.49334511517866,59.77383066757725,20.0,4.719514447601401,36,False,
0.7386647324638433,0.9640888130904273,6.307854593907249,37.95466664592092,"[{""power_percent"": 25, ""duration_minutes"": 32.28968877240283}, {""power_percent"": 50, ""duration_minutes"": 32.28968877240283}]",WARM,0.7,120.0,293.5349013339871,6.312615382029025,16.157678447398148,46.84739361855545,53.281776261808545,172.0956282931744,146.76745066699354,20.0,5.328177626180855,37,False,
0.6893510876684551,0.5771850197306077,2.746861649921278,33.09821815867074,[],WARM,0.7,120.0,242.0254084776394,2.6198769153665644,26.89351087668455,41.01994353660985,45.54370039461215,125.56707427828091,121.0127042388197,0.0,4.554370039461215,38,False,
0.5559525423703455,0.3224852884952194,0.47203815041701724,48.14204375777455,"[{""power_percent"": 25, ""duration_minutes"": 23.69661979142116}]",WARM,0.7,120.0,322.44643509551435,0.38434893106027196,20.374694434132397,31.61484856736596,40.449705769904384,175.2681881247476,161.22321754775717,10.0,4.044970576990439,39,False,
2.420550532835853,0.7590702184986506,0.44899082293672254,23.6882467297524,"[{""power_percent"": 25, ""duration_minutes"": 39.39314564197827}]",COLD,0.1,20.0,142.9689931423425,0.14369142764378107,38.23584804625962,36.62502989859791,49.18140436997301,86.40263700816855,71.48449657117125,10.0,4.918140436997302,40,False,
0.6552571346054188,0.602689185077335,4.627921117269434,23.429595406574258,"[{""power_percent"": 25, ""duration_minutes"": 30.81165659437612}, {""power_percent"": 50, ""duration_minutes"": 30.81165659437612}]",WARM,0.7,120.0,312.06995871199854,4.545911717513413,15.471405686616574,39.23941305980433,46.0537837015467,180.64035772615395,156.03497935599927,20.0,4.60537837015467,41,False,
1.0216790583622704,0.34230023586367186,6.435628373237419,45.796932334895686,"[{""power_percent"": 25, ""duration_minutes"": 30.001662511683087}]",COLD,0.1,20.0,225.05788480920842,6.409544467423984,24.71670745803855,43.87880970148841,40.84600471727344,126.61354287633155,112.52894240460421,10.0,4.084600471727344,42,False,
2.2442362344897955,0.8279386279075349,3.485467778295274,40.173578945759964,"[{""power_percent"": 25, ""duration_minutes"": 16.820542518297653}, {""power_percent"": 50, ""duration_minutes"": 16.820542518297653}]",COLD,0.1,20.0,147.03104222597884,3.4003808876268375,32.76030809306819,41.69696654038311,50.5587725581507,98.5713983688045,73.51552111298942,20.0,5.05587725581507,43,False,
1.4452979495280367,0.49069053825246967,2.1827309368379173,13.366285025261618,"[{""power_percent"": 25, ""duration_minutes"": 58.09054660731152}]",HOT,2.0,200.0,164.3852607372392,2.011207275615677,27.548452164914792,32.51103193448613,43.813810765049396,96.57401144512454,82.1926303686196,10.0,4.3813810765049395,44,False,
2.8694799018604837,0.6343505139912258,1.4300135770024136,43.72967098024645,"[{""power_percent"": 25, ""duration_minutes"": 7.151412922109424}, {""power_percent"": 50, ""duration_minutes"": 7.151412922109424}, {""power_percent"": 75, ""duration_minutes"": 7.151412922109424}]",HOT,2.0,200.0,85.34742150866904,1.3870666455758016,35.62208708028842,32.108551850900035,46.68701027982451,77.34241178231697,42.67371075433452,30.0,4.6687010279824515,45,False,
1.1947303673483953,0.8434860291767868,1.0683425075443043,34.8121994835149,"[{""power_percent"": 25, ""duration_minutes"": 10.805624326017133}, {""power_percent"": 50, ""duration_minutes"": 10.805624326017133}]",COLD,0.1,20.0,192.10624970298153,0.9810377384034921,22.866741240882238,37.410179905649024,50.86972058353574,121.14009690984435,96.05312485149076,20.0,5.086972058353574,46,False,
2.9817540956080366,0.8598048143587158,0.7578345917486207,36.87246974869353,"[{""power_percent"": 25, ""duration_minutes"": 48.311875963614675}]",COLD,0.1,20.0,144.1795761291078,0.618111122380075,43.40194715789963,38.18397067689339,51.19609628717431,87.20939769327133,72.0897880645539,10.0,5.1196096287174315,47,False,
0.9637050275338356,0.7249351555450212,5.64090209886559,46.78904619208127,"[{""power_percent"": 25, ""duration_minutes"": 3.2419690591943517}]",WARM,0.7,120.0,187.42796948727147,5.608330143975918,25.47495182237864,46.4837669924956,48.49870311090042,108.56385505472578,93.71398474363573,10.0,4.849870311090043,48,False,
0.6252213978068456,0.5371241351698506,5.062076167050303,22.346437644781197,"[{""power_percent"": 25, ""duration_minutes"": 42.518312481740544}]",HOT,2.0,200.0,287.63725712271975,4.9616642494884555,20.126298353981426,39.2940925816866,44.74248270339701,158.29287683169957,143.81862856135987,10.0,4.474248270339701,49,False,
2.6248389831290027,0.3496331573636309,0.1837464556556294,17.06150330942956,"[{""power_percent"": 25, ""duration_minutes"": 9.738202891084027}, {""power_percent"": 50, ""duration_minutes"": 9.738202891084027}]",HOT,2.0,200.0,80.2412192620356,-0.33140167803078535,37.274569542181624,33.24381280358727,40.992663147272616,64.21987594574506,40.1206096310178,20.0,4.099266314727262,50,False,
1.5191244228990088,0.8185341570548198,0.3612832946896184,12.689114196871786,[],WARM,0.7,120.0,117.047823362052,-0.2213469970451113,35.19124422899009,40.4998432952786,50.37068314109639,63.56097999513564,58.523911681026,0.0,5.037068314109639,51,False,
0.9704065195151965,0.4498937501228931,6.265990588576972,27.231415526828137,[],HOT,2.0,200.0,161.24381897986132,6.118562820957333,29.704065195151966,43.93070617862866,42.99787500245786,84.92169699017644,80.62190948993066,0.0,4.299787500245786,52,False,
1.2042146058939611,0.43674797637623886,2.1567599840257974,21.398403648897553,[],WARM,0.7,120.0,145.48203616950175,1.9389818216834245,32.04214605893961,38.15449568456646,42.73495952752478,77.01451403750336,72.74101808475088,0.0,4.273495952752478,53,False,
1.8250178264342343,0.2957036249153516,0.6221447660145364,27.417697633815113,"[{""power_percent"": 25, ""duration_minutes"": 15.413701150292207}]",COLD,0.1,20.0,140.329988428347,0.33906393991034994,33.47949320682773,32.13032199650453,39.914072498307036,84.1564014640042,70.1649942141735,10.0,3.991407249830704,54,False,
1.5403479164222378,0.5056375128908841,2.5899997570348,46.75390348421034,"[{""power_percent"": 25, ""duration_minutes"": 1.9035546061931674}]",COLD,0.1,20.0,147.81032285342127,2.5208128158893657,31.308301433912717,38.990543030574415,44.11275025781768,88.3164364524924,73.90516142671063,10.0,4.4112750257817686,55,False,
1.3422459658849233,0.4683156439680056,5.013710735051958,22.20542408284261,"[{""power_percent"": 25, ""duration_minutes"": 27.369938762359904}]",WARM,0.7,120.0,160.2845559849194,4.842623379675975,28.05396272073124,41.426111034849185,43.36631287936011,94.47890928039571,80.1422779924597,10.0,4.336631287936011,56,False,
2.5667873785856727,0.12196937631116207,5.969085469053949,10.543321146642572,"[{""power_percent"": 25, ""duration_minutes"": 10.66665489670729}]",WARM,0.7,120.0,86.7684612689197,5.662340555687083,41.134541041021365,39.68180380694063,36.43938752622324,57.02816938708217,43.38423063445985,10.0,3.6439387526223244,57,False,
2.5732837200890004,0.5152866827092402,0.7571797817969939,37.87482749002965,"[{""power_percent"": 25, ""duration_minutes"": 48.42793724648364}, {""power_percent"": 50, ""duration_minutes"": 48.42793724648364}, {""power_percent"": 75, ""duration_minutes"": 48.42793724648364}]",WARM,0.7,120.0,229.43753926864176,0.7887812096730628,26.468646613917457,25.93928540392134,44.305733654184806,149.14934299973936,114.71876963432088,30.0,4.430573365418481,58,False,
0.7343764394174475,0.6966680107647641,2.45458636504252,7.009346624264538,"[{""power_percent"": 25, ""duration_minutes"": 5.740179974282718}]",COLD,0.1,20.0,246.59790275905132,2.1830075671856926,23.05675539546034,40.89698346003373,47.93336021529528,138.0922874010552,123.29895137952566,10.0,4.793336021529528,59,False,
1.450867660603437,0.177446066236319,3.977025937343693,37.11657971254535,"[{""power_percent"": 25, ""duration_minutes"": 7.867485194824038}, {""power_percent"": 50, ""duration_minutes"": 7.867485194824038}]",COLD,0.1,20.0,164.75635512024166,3.8874256795844757,25.721928086551966,35.411355557833765,37.54892132472638,106.13306969259347,82.37817756012083,20.0,3.754892132472638,60,False,
0.7527709865451,0.7018093414801208,3.350029956241493,26.360515139429364,[],HOT,2.0,200.0,205.6719448327332,3.206082207616265,27.527709865451,41.121772010244435,48.036186829602414,107.63959109932685,102.8359724163666,0.0,4.803618682960241,61,False,
1.3650199584351703,0.3908441295132571,1.8457453333364635,46.91594470376384,"[{""power_percent"": 25, ""duration_minutes"": 58.46273757588737}]",COLD,0.1,20.0,216.92602413531978,1.841102940797527,26.727062705557337,34.42773809355539,41.81688259026514,122.6447003266864,108.46301206765989,10.0,4.181688259026514,62,False,
2.015951950100798,0.1831211925749327,1.8949930369809254,5.96447987546436,"[{""power_percent"": 25, ""duration_minutes"": 16.65298239712137}, {""power_percent"": 50, ""duration_minutes"": 16.65298239712137}]",HOT,2.0,200.0,108.00184408749843,1.6514478030239226,30.49422126129584,27.40828929311006,37.66242385149866,77.76716442889908,54.00092204374921,20.0,3.766242385149866,63,False,
0.748839517998532,0.1891798101662559,1.31183032503262,33.82100324760482,"[{""power_percent"": 25, ""duration_minutes"": 42.57794543968954}]",WARM,0.7,120.0,267.53418785631624,1.2493807092379972,21.35949790800084,30.216480008869624,37.78359620332512,147.54545354849063,133.76709392815812,10.0,3.778359620332512,64,False,
2.2873908581286697,0.5370444186015939,0.8090876751673058,47.65899110797587,"[{""power_percent"": 25, ""duration_minutes"": 25.712037982523533}, {""power_percent"": 50, ""duration_minutes"": 25.712037982523533}]",COLD,0.1,20.0,165.79867261350864,0.7849700634550614,32.30270478303434,32.319986094602335,44.740888372031876,107.3734251439575,82.89933630675432,20.0,4.474088837203188,65,False,
0.773067498154938,0.34904520905829883,1.5185229689758217,23.5988066773277,"[{""power_percent"": 25, ""duration_minutes"": 9.321419583918654}, {""power_percent"": 50, ""duration_minutes"": 9.321419583918654}]",COLD,0.1,20.0,254.25469744969365,1.377835948281428,18.79853302315751,32.466303271616106,40.980904181165975,151.2254391429634,127.12734872484683,20.0,4.098090418116597,66,False,
0.5722690537971632,0.43587209940370764,1.2388838788364298,29.307687223256693,"[{""power_percent"": 25, ""duration_minutes"": 17.39649066152941}, {""power_percent"": 50, ""duration_minutes"": 17.39649066152941}]",WARM,0.7,120.0,320.1997579558221,1.168632221347142,15.983041471818689,31.264443510825586,42.71744198807415,184.3716231767185,160.09987897791106,20.0,4.271744198807415,67,False,
0.9792511469409413,0.965682727534737,6.302898715277754,34.168795903675246,"[{""power_percent"": 25, ""duration_minutes"": 48.680533814049994}, {""power_percent"": 50, ""duration_minutes"": 48.680533814049994}]",COLD,0.1,20.0,295.2899798876548,6.296102512450267,16.924458088004414,47.07315813212935,53.31365455069474,172.97635539889689,147.6449899438274,20.0,5.3313654550694745,68,False,
0.520588429446756,0.4182410092609977,6.2734586370454775,35.167922160865686,"[{""power_percent"": 25, ""duration_minutes"": 55.058657615873244}, {""power_percent"": 50, ""duration_minutes"": 55.058657615873244}]",HOT,2.0,200.0,407.30317764062755,6.341759948064547,11.700018532880234,36.26228992827054,42.364820185219955,227.88807083883577,203.65158882031378,20.0,4.236482018521996,69,False,
0.9897538682452065,0.14785906523525388,2.7459060983149657,12.809216768270533,"[{""power_percent"": 25, ""duration_minutes"": 59.4979503068805}, {""power_percent"": 50, ""duration_minutes"": 59.4979503068805}]",COLD,0.1,20.0,308.8914959109669,2.632167144808542,15.947743651764014,29.496243961040147,36.957181304705074,178.14146608595397,154.44574795548345,20.0,3.6957181304705076,70,False,
2.8153660376178467,0.14496172907324548,3.325807193524391,14.110426016027844,"[{""power_percent"": 25, ""duration_minutes"": 38.483282159908164}, {""power_percent"": 50, ""duration_minutes"": 38.483282159908164}]",COLD,0.1,20.0,168.978732219503,3.1048216724356603,36.305332160187646,31.88215820633324,36.89923458146491,108.179289567898,84.4893661097515,20.0,3.6899234581464913,71,False,
1.1860582547682057,0.9337497362782355,5.05878856136494,11.937539297627872,"[{""power_percent"": 25, ""duration_minutes"": 2.6657671191525667}, {""power_percent"": 50, ""duration_minutes"": 2.6657671191525667}]",COLD,0.1,20.0,169.88213207999073,4.818303001198284,23.5940058357668,46.96262793091955,52.67499472556471,110.20856551255183,84.94106603999536,20.0,5.267499472556471,72,False,
1.6524383850904742,0.8885360817267222,1.3475510222713831,32.042677155843464,[],HOT,2.0,200.0,98.88774601506894,1.2017095498028247,36.52438385090474,41.9673309361779,51.77072163453444,54.620945170987916,49.44387300753447,0.0,5.1770721634534445,73,False,
2.9900516793218004,0.16143901516554665,6.752914055200687,33.82269587538394,[],COLD,0.1,20.0,94.81316576485361,6.526248163280118,49.900516793218,45.24309629238793,37.228780303310934,51.1294609127579,47.406582882426804,0.0,3.7228780303310938,74,False,
1.035130495964782,0.6405272827159493,2.9398059917990964,42.48561167848007,"[{""power_percent"": 25, ""duration_minutes"": 52.2819205038669}, {""power_percent"": 50, ""duration_minutes"": 52.2819205038669}, {""power_percent"": 75, ""duration_minutes"": 52.2819205038669}]",WARM,0.7,120.0,329.0007106437205,3.0721602035429862,10.509016884067783,31.460566530841565,46.810545654318986,199.18140988729215,164.50035532186024,30.0,4.681054565431899,75,False,
2.1556896302899493,0.13774206406977055,6.2165827477907944,40.751833495851194,"[{""power_percent"": 25, ""duration_minutes"": 26.859844086953267}, {""power_percent"": 50, ""duration_minutes"": 26.859844086953267}]",COLD,0.1,20.0,170.02853903383868,6.158585851728209,30.87091189420417,38.274479619201635,36.75484128139541,108.68975364505889,85.01426951691934,20.0,3.6754841281395407,76,False,
2.3010062622047602,0.8644631646388891,5.895167110468692,9.301538500928778,[],WARM,0.7,120.0,82.4793323777201,5.560936090986073,43.0100626220476,50.763892196604054,51.28926329277778,46.36859251813783,41.23966618886005,0.0,5.128926329277778,77,False,
1.182366610527898,0.6744796341799457,3.9289652851010595,14.827090316781518,"[{""power_percent"": 25, ""duration_minutes"": 44.556834271065114}]",WARM,0.7,120.0,190.36916631267587,3.737189996851698,25.595824391725724,41.21498115222952,47.489592683598914,109.93354242469783,95.18458315633794,10.0,4.748959268359892,78,False,
1.6599492929093445,0.9698823574850841,1.3928334575852326,14.723843919154241,"[{""power_percent"": 25, ""duration_minutes"": 8.414940508376885}, {""power_percent"": 50, ""duration_minutes"": 8.414940508376885}, {""power_percent"": 75, ""duration_minutes"": 8.414940508376885}]",HOT,2.0,200.0,118.52618078882278,1.2280233709089148,23.33725185283691,36.095576728896624,53.39764714970168,94.60285510938157,59.26309039441139,30.0,5.339764714970169,79,False,
2.049743787998135,0.9271327842650992,5.788470682117723,48.5854741022843,[],WARM,0.7,120.0,102.25552006629333,5.699993775211503,40.49743787998135,51.30253477541663,52.54265568530198,56.382025601676865,51.127760033146664,0.0,5.254265568530198,80,False,
1.4959971083176933,0.7716985946711722,1.9469113292256361,32.39770034009196,"[{""power_percent"": 25, ""duration_minutes"": 39.56284330569913}]",HOT,2.0,200.0,148.04972689834716,1.8690204902391796,28.981828917891974,36.17967517843182,49.43397189342344,88.96826063851593,74.02486344917358,10.0,4.9433971893423445,81,False,
2.859662062717907,0.9310457251739918,6.6617314120546816,34.73415218244949,"[{""power_percent"": 25, ""duration_minutes"": 27.31752504409374}, {""power_percent"": 50, ""duration_minutes"": 27.31752504409374}]",WARM,0.7,120.0,132.00904611978874,6.552384892728848,37.8648681227697,47.456960023551645,52.62091450347983,91.26661451024235,66.00452305989437,20.0,5.262091450347984,82,False,
2.1718256434572476,0.6843021946848267,5.650241234575441,22.27039816257572,"[{""power_percent"": 25, ""duration_minutes"": 59.90630119732817}, {""power_percent"": 50, ""duration_minutes"": 59.90630119732817}]",WARM,0.7,120.0,210.06003959867053,5.558803200207261,27.727626314839657,40.517730733529106,47.686043893696535,129.7986241887049,105.03001979933526,20.0,4.768604389369654,83,False,
1.2453916406405678,0.2667856126162849,6.313286197109835,34.158672182387164,"[{""power_percent"": 25, ""duration_minutes"": 58.44054032795958}]",COLD,0.1,20.0,223.63218151617332,6.236863104906494,25.531889390007702,41.874783535776295,39.33571225232569,125.74966198331923,111.81609075808666,10.0,3.933571225232569,84,False,
1.577782846720388,0.1097724914597137,1.5189212662393143,14.567641855650445,"[{""power_percent"": 25, ""duration_minutes"": 30.792165893576747}]",HOT,2.0,200.0,128.73257555275723,1.3220079693979785,30.238220172525043,29.35566238823063,36.195449829194274,77.98583275929803,64.36628777637861,10.0,3.6195449829194275,85,False,
1.886189775831668,0.9154194336235784,2.70180293509378,18.21254852916075,"[{""power_percent"": 25, ""duration_minutes"": 41.965038737319894}, {""power_percent"": 50, ""duration_minutes"": 41.965038737319894}, {""power_percent"": 75, ""duration_minutes"": 41.965038737319894}]",WARM,0.7,120.0,225.38428267988814,2.6235257514474375,20.567141947718696,35.21178558731171,52.308388672471565,147.92298020719122,112.69214133994407,30.0,5.230838867247157,86,False,
1.6673155363914012,0.3055058600658531,0.6469126446420546,44.923038696739084,"[{""power_percent"": 25, ""duration_minutes"": 57.36626431979741}, {""power_percent"": 50, ""duration_minutes"": 57.36626431979741}]",HOT,2.0,200.0,216.67441491960625,0.6324907840064278,22.936528931934273,28.930269172318287,40.11011720131706,132.34821917993483,108.33720745980312,20.0,4.011011720131706,87,False,
2.9135069582535116,0.48720797460005505,5.023306378141759,43.21440578697321,"[{""power_percent"": 25, ""duration_minutes"": 20.578502467765727}]",WARM,0.7,120.0,99.52717009672517,4.908631037001221,44.10614445914683,41.875753377451204,43.7441594920011,64.1380009975627,49.763585048362586,10.0,4.3744159492001105,88,False,
2.4269289037728337,0.8547616384723683,1.33964928707251,36.800916145726326,"[{""power_percent"": 25, ""duration_minutes"": 11.240770789283728}, {""power_percent"": 50, ""duration_minutes"": 11.240770789283728}]",WARM,0.7,120.0,109.82832413119036,1.2278591693745222,35.14521195879996,36.86199198845641,51.095232769447364,80.02368534253992,54.91416206559518,20.0,5.109523276944737,89,False,
2.4720998249154484,0.24998220354531825,0.13327663546649285,26.51428543708761,[],WARM,0.7,120.0,83.1314470014728,-0.40452164490759945,44.72099824915448,34.13323317161084,38.99964407090636,45.46568790782703,41.5657235007364,0.0,3.8999644070906365,90,False,
2.7804589234216013,0.8594776598243139,0.7802047974259542,32.83256795363982,"[{""power_percent"": 25, ""duration_minutes"": 23.60536712723274}, {""power_percent"": 50, ""duration_minutes"": 23.60536712723274}]",COLD,0.1,20.0,145.5084334290222,0.6431925824653943,37.444052521492736,36.25781948510971,51.18955319648628,97.87317203415974,72.7542167145111,20.0,5.118955319648628,91,False,
0.5696877428876125,0.4893280823294006,1.626416897033264,18.997347970437175,"[{""power_percent"": 25, ""duration_minutes"": 42.147991812371046}]",HOT,2.0,200.0,309.6493329840576,1.5077614669527537,19.589477838257572,33.35466343951515,43.78656164658801,169.2033226566876,154.8246664920288,10.0,4.378656164658802,92,False,
2.8292679737885695,0.5627412246986397,3.6015979764437644,12.971840131892321,"[{""power_percent"": 25, ""duration_minutes"": 2.522011863150584}]",COLD,0.1,20.0,93.93081125774364,3.278780310146726,44.16657914472816,41.68043029337669,45.25482449397279,61.4908880782691,46.96540562887182,10.0,4.52548244939728,93,False,
2.6929235218398633,0.7354934996751016,3.761541979019397,30.526996222333356,[],HOT,2.0,200.0,63.359643594385695,3.5649870154798027,46.92923521839863,42.34900595414001,48.70986999350203,36.55080879654305,31.679821797192847,0.0,4.870986999350204,94,False,
0.5246527834579524,0.8696001341913453,3.952402225046732,14.52662914294736,"[{""power_percent"": 25, ""duration_minutes"": 14.423543019267807}, {""power_percent"": 50, ""duration_minutes"": 14.423543019267807}]",COLD,0.1,20.0,353.60844693425537,3.777422974604634,15.804173532652744,43.27459347923354,51.3920026838269,201.94342373551038,176.80422346712768,20.0,5.139200268382691,95,False,
1.437987063270528,0.8592186402642709,6.02209205495286,11.332499915805826,"[{""power_percent"": 25, ""duration_minutes"": 53.2299978945346}, {""power_percent"": 50, ""duration_minutes"": 53.2299978945346}]",HOT,2.0,200.0,212.67222800467556,5.907027567705942,21.056870843251815,41.161007919404895,51.18437280528541,131.45455128286633,106.33611400233778,20.0,5.118437280528542,96,False,
2.806927172066087,0.45873291588610465,0.5209754167348689,23.632262336794568,"[{""power_percent"": 25, ""duration_minutes"": 43.64819812977151}]",WARM,0.7,120.0,118.67709730391888,0.21614010200276434,41.8868618141723,32.55339821327038,43.17465831772209,73.65601448373165,59.33854865195944,10.0,4.31746583177221,97,False,
1.729131730251565,0.8178365418835198,1.367149164843449,17.746033904660685,"[{""power_percent"": 25, ""duration_minutes"": 58.97279116375157}, {""power_percent"": 50, ""duration_minutes"": 58.97279116375157}]",HOT,2.0,200.0,208.5181331389086,1.2904056813888536,23.39403818614049,33.54137270309024,50.3567308376704,129.29473965322134,104.2590665694543,20.0,5.0356730837670405,98,False,
2.6388861528805707,0.9016730325440508,6.214566762735395,49.03743226734875,"[{""power_percent"": 25, ""duration_minutes"": 24.966710041781873}, {""power_percent"": 50, ""duration_minutes"": 24.966710041781873}, {""power_percent"": 75, ""duration_minutes"": 24.966710041781873}]",WARM,0.7,120.0,160.95352400284315,6.240136040349609,30.643855022538425,43.60220601223904,52.03346065088102,115.68010806650967,80.47676200142158,30.0,5.203346065088102,99,False,
0.6893510876684551,0.5732754691121523,2.746861649921278,40.89262657727267,"[{""power_percent"": 25, ""duration_minutes"": 17.323078755886307}, {""power_percent"": 50, ""duration_minutes"": 17.323078755886307}]",WARM,0.7,120.0,279.0098885149926,2.741289523389949,17.16120300109592,35.93364420383521,45.46550938224304,164.0514951957206,139.5049442574963,20.0,4.546550938224304,100,False,
0.5038457468861013,0.7346362708151561,0.16058690550124596,40.64227139085737,"[{""power_percent"": 25, ""duration_minutes"": 42.57001334058232}, {""power_percent"": 50, ""duration_minutes"": 42.57001334058232}, {""power_percent"": 75, ""duration_minutes"": 42.57001334058232}]",HOT,2.0,200.0,436.1128855657023,-3.2560073069953788e-06,6.652955467773663,32.66316023812697,48.69272541630312,252.92571532448147,218.05644278285115,30.0,4.869272541630313,101,False,
2.763436684381621,0.19773240957635962,4.942868725287065,14.09646176058054,"[{""power_percent"": 25, ""duration_minutes"": 23.586954852177485}, {""power_percent"": 50, ""duration_minutes"": 23.586954852177485}]",COLD,0.1,20.0,140.18308589737933,4.694083938179638,37.27567135859846,36.64330907435979,37.95464819152719,93.88700776784238,70.09154294868966,20.0,3.7954648191527194,102,False,
2.847994002304188,0.45873291588610465,1.2384469199155967,23.632262336794568,"[{""power_percent"": 25, ""duration_minutes"": 35.790529321348856}]",WARM,0.7,120.0,110.04885826485317,1.0241112631655456,42.690413556974434,33.507972950823984,43.17465831772209,69.34189496419879,55.02442913242658,10.0,4.31746583177221,103,False,
1.5403479164222378,0.8520516268073106,2.5899997570348,46.75390348421034,"[{""power_percent"": 25, ""duration_minutes"": 3.7345344715214224}]",COLD,0.1,20.0,149.64130271874953,2.522643795754694,31.216752440646303,43.09258300161168,51.04103253614621,89.92475461298939,74.82065135937476,10.0,5.104103253614621,104,False,
1.6673155363914012,0.3055058600658531,1.724031226772905,45.93582042832558,"[{""power_percent"": 25, ""duration_minutes"": 57.36626431979741}, {""power_percent"": 50, ""duration_minutes"": 57.36626431979741}]",HOT,2.0,200.0,216.97824943908216,1.8156860565267976,22.936528931934273,26.776032008056585,40.11011720131706,132.5001364396728,108.48912471954108,20.0,4.011011720131706,105,False,
2.921293416282309,0.5030732759128288,3.746415313140208,28.486041872622046,"[{""power_percent"": 25, ""duration_minutes"": 39.68117292269466}, {""power_percent"": 50, ""duration_minutes"": 39.68117292269466}]",WARM,0.7,120.0,153.755277174483,3.6218421735700375,37.24481687055362,35.748839561872686,44.061465518256576,101.28378513906716,76.8776385872415,20.0,4.406146551825658,106,False,
2.839187179378125,0.12046399800259852,3.774524960691915,18.73250874416281,"[{""power_percent"": 25, ""duration_minutes"": 38.483282159908164}, {""power_percent"": 50, ""duration_minutes"": 38.483282159908164}]",COLD,0.1,20.0,169.9183391110629,3.5803190903015834,36.54354357779043,32.485620967820516,36.40927996005197,108.60009755153665,84.95916955553145,20.0,3.640927996005197,107,False,
2.240062550618117,0.4182410092609977,6.2734586370454775,35.167922160865686,[],WARM,0.7,120.0,92.01279247839328,6.096863667985946,42.40062550618117,46.16580938522293,42.364820185219955,50.24287825771864,46.00639623919664,0.0,4.236482018521996,108,False,
2.2873908581286697,0.5370444186015939,1.7753665552364002,47.65899110797587,"[{""power_percent"": 25, ""duration_minutes"": 25.712037982523533}, {""power_percent"": 50, ""duration_minutes"": 25.712037982523533}]",COLD,0.1,20.0,165.79867261350864,1.7512489435241558,32.30270478303434,34.25254385474052,44.740888372031876,107.3734251439575,82.89933630675432,20.0,4.474088837203188,109,False,
1.2508205153441077,0.8178365418835198,1.367149164843449,17.748242680070636,"[{""power_percent"": 25, ""duration_minutes"": 58.97279116375157}, {""power_percent"": 50, ""duration_minutes"": 58.97279116375157}]",HOT,2.0,200.0,241.69133732982132,1.3095513826376117,18.610926037065916,33.54137270309024,50.3567308376704,145.8813417486777,120.84566866491066,20.0,5.0356730837670405,110,False,
0.7386647324638433,0.6911891986396048,6.307854593907249,37.74198850393101,"[{""power_percent"": 25, ""duration_minutes"": 32.28968877240283}, {""power_percent"": 50, ""duration_minutes"": 32.28968877240283}]",WARM,0.7,120.0,293.4710978913901,6.311339313177085,16.157678447398148,43.57259824514558,47.82378397279209,171.51792734297428,146.73554894569506,20.0,4.782378397279209,111,False,
2.5732837200890004,0.5765286767004432,6.575785935640254,37.61697112968065,"[{""power_percent"": 25, ""duration_minutes"": 42.09563209189655}, {""power_percent"": 50, ""duration_minutes"": 42.09563209189655}, {""power_percent"": 75, ""duration_minutes"": 42.09563209189655}]",WARM,0.7,120.0,210.36326689677577,6.586843309890466,27.41849238710552,38.881309103415134,45.530573534008866,139.73469080178876,105.18163344838788,30.0,4.553057353400887,112,False,
1.9920642014118373,0.6112237094852148,4.770599992926744,22.38148366206755,"[{""power_percent"": 25, ""duration_minutes"": 30.81165659437612}, {""power_percent"": 50, ""duration_minutes"": 30.81165659437612}]",WARM,0.7,120.0,158.13653625531668,4.6288296400314275,28.83947635468076,39.627185104013506,46.224474189704296,103.69071554662877,79.06826812765834,20.0,4.62244741897043,113,False,
0.9740354767996507,0.6524998062680782,1.4527287754592726,17.960266834468033,"[{""power_percent"": 25, ""duration_minutes"": 40.430990896919724}]",COLD,0.1,20.0,234.3175685100481,1.2719599482910147,23.71880522315052,37.32252549922789,47.04999612536157,131.86378386756022,117.15878425502405,10.0,4.704999612536157,114,False,
2.0910438990041538,0.3978568906274583,0.23870652490729663,13.18841824102683,[],COLD,0.1,20.0,110.19103093698841,-0.3758047216067085,40.91043899004154,35.05169573734409,41.95713781254916,59.29122924974912,55.095515468494206,0.0,4.195713781254916,115,False,
2.9262159460956827,0.25965510111484036,4.160368774043405,42.956592339634796,"[{""power_percent"": 25, ""duration_minutes"": 9.541030206785388}]",HOT,2.0,200.0,72.18874968685464,4.058600720444172,44.78510795061755,35.15036785526133,39.193102022296806,50.013685045657,36.09437484342732,10.0,3.919310202229681,116,False,
0.6549085583616852,0.16394498668165058,6.921532158397364,33.8208175408163,"[{""power_percent"": 25, ""duration_minutes"": 9.859325302173565}]",WARM,0.7,120.0,263.5451793538333,6.830120046609966,22.056119318508173,42.11462439790933,37.27889973363301,145.50047965027994,131.77258967691665,10.0,3.7278899733633013,117,False,
2.9817540956080366,0.2722047910978943,0.7578345917486207,37.408775911337294,"[{""power_percent"": 25, ""duration_minutes"": 48.23908187233269}]",COLD,0.1,20.0,144.26767388661895,0.6212561652646557,43.40558686246373,31.134954220501996,39.44409582195789,86.07824652550526,72.13383694330948,10.0,3.9444095821957887,118,False,
0.9587959961983445,0.9640618684424139,0.3612832946896184,35.10218722587002,"[{""power_percent"": 25, ""duration_minutes"": 50.86033745839393}, {""power_percent"": 50, ""duration_minutes"": 50.86033745839393}, {""power_percent"": 75, ""duration_minutes"": 50.86033745839393}]",WARM,0.7,120.0,334.0578787844901,0.1481255905720865,9.958909343224354,31.66874546067428,53.28123736884828,202.35706312912987,167.02893939224504,30.0,5.328123736884828,119,False,
0.7343764394174475,0.6966680107647641,2.45458636504252,7.009346624264538,"[{""power_percent"": 25, ""duration_minutes"": 5.740179974282718}]",WARM,0.7,120.0,226.59790275905132,2.1950075671856926,23.05675539546034,39.69698346003373,47.93336021529528,128.0922874010552,113.29895137952566,10.0,4.793336021529528,120,False,
0.5808532689731187,0.7051791133465275,3.04585197032786,36.27444207361649,"[{""power_percent"": 25, ""duration_minutes"": 3.8206543412092153}]",HOT,2.0,200.0,271.4437648196065,2.992085146351844,21.617499972670725,38.43923367057777,48.10358226693055,150.5322406364963,135.72188240980324,10.0,4.810358226693055,121,False,
1.437987063270528,0.6335748028166069,2.4298561994338597,11.332499915805826,"[{""power_percent"": 25, ""duration_minutes"": 6.5099097199558145}, {""power_percent"": 50, ""duration_minutes"": 6.5099097199558145}]",HOT,2.0,200.0,119.23205165551798,2.221351535837785,25.728879660709694,34.07201544946966,46.67149605633214,84.2831754333922,59.61602582775899,20.0,4.667149605633214,122,False,
1.1606855540775434,0.7315736807069357,1.4859793303736903,28.61129406437311,"[{""power_percent"": 25, ""duration_minutes"": 54.46650878493278}, {""power_percent"": 50, ""duration_minutes"": 54.46650878493278}]",WARM,0.7,120.0,261.25037400136284,1.4621526901666928,18.160204662282155,33.08285230213465,48.63147361413871,155.4883343620953,130.62518700068142,20.0,4.863147361413872,123,False,
0.9792511469409413,0.8426299798478479,6.302898715277754,34.168795903675246,"[{""power_percent"": 25, ""duration_minutes"": 43.35626905031384}, {""power_percent"": 50, ""duration_minutes"": 43.35626905031384}]",COLD,0.1,20.0,284.6414503601825,6.285453982922795,17.45688456437803,45.91598104571085,50.852599596956956,167.40598513978694,142.32072518009124,20.0,5.085259959695696,124,False,
1.577782846720388,0.1081789162113343,6.307274395924969,14.567641855650445,"[{""power_percent"": 25, ""duration_minutes"": 30.773729562584997}]",COLD,0.1,20.0,164.7141392217655,6.07234266275264,30.239141989074632,40.7894838995084,36.163578324226684,95.97342744330541,82.35706961088275,10.0,3.6163578324226684,125,False,
2.899396745328269,0.7294650523268228,3.761541979019397,30.526996222333356,[],WARM,0.7,120.0,75.39299863220864,3.5307280865402664,48.99396745328269,44.87666458596067,48.589301046536455,42.55542942075797,37.69649931610432,0.0,4.858930104653646,126,False,
0.8996972787799515,0.8754432860884154,0.25541833023562577,13.435339210401477,"[{""power_percent"": 25, ""duration_minutes"": 33.00845454805731}, {""power_percent"": 50, ""duration_minutes"": 33.00845454805731}, {""power_percent"": 75, ""duration_minutes"": 33.00845454805731}]",WARM,0.7,120.0,284.278710421493,-0.13893216200899156,12.045704605590917,32.423721863264575,51.50886572176831,177.29024178292332,142.1393552107465,30.0,5.150886572176831,127,False,
0.8587190134766782,0.6405272827159493,5.788407517365529,42.48561167848007,"[{""power_percent"": 25, ""duration_minutes"": 51.509194366415}, {""power_percent"": 50, ""duration_minutes"": 51.509194366415}, {""power_percent"": 75, ""duration_minutes"": 51.509194366415}]",WARM,0.7,120.0,356.45205867086963,5.925500009996586,8.86081097980453,37.2273149343451,46.810545654318986,212.90708390086672,178.22602933543482,30.0,4.681054565431899,128,False,
2.3930299015862313,0.633189536528193,4.627921117269434,23.429595406574258,"[{""power_percent"": 25, ""duration_minutes"": 13.684900630310745}, {""power_percent"": 50, ""duration_minutes"": 13.684900630310745}, {""power_percent"": 75, ""duration_minutes"": 13.684900630310745}]",HOT,2.0,200.0,109.26562217923379,4.501832195536361,29.877563921315698,35.62247561614922,46.66379073056386,89.29919016267328,54.632811089616894,30.0,4.666379073056386,129,False,
1.0460338167666174,0.9426341466495674,1.722642062735687,21.456848012630513,[],COLD,0.1,20.0,184.33586005967433,1.4995417981408055,30.460338167666173,44.55689388526618,52.85268293299134,97.4531983231363,92.16793002983717,0.0,5.285268293299135,130,False,
1.0960472441742681,0.17402076461141158,3.977025937343693,37.11657971254535,"[{""power_percent"": 25, ""duration_minutes"": 7.838905368727263}, {""power_percent"": 50, ""duration_minutes"": 7.838905368727263}]",COLD,0.1,20.0,198.1681992305467,3.9015613365894493,22.176581904869956,35.37196672790069,37.48041529222823,122.83214114449616,99.08409961527335,20.0,3.748041529222823,131,False,
2.806927172066087,0.45873291588610465,0.5209754167348689,23.632262336794568,"[{""power_percent"": 25, ""duration_minutes"": 43.64819812977151}]",HOT,2.0,200.0,102.67709730391888,0.2421401020027643,41.8868618141723,35.15339821327037,43.17465831772209,65.65601448373165,51.33854865195944,10.0,4.31746583177221,132,False,
2.9817540956080366,0.8598048143587158,0.7637206949489304,36.87246974869353,[],COLD,0.1,20.0,95.86770016549312,0.5556853496167701,49.817540956080364,41.64509916220245,51.19609628717431,53.053459711463994,47.93385008274656,0.0,5.1196096287174315,133,False,
1.1478646703312698,0.5950785867346261,3.295399645402516,14.129412746804446,[],WARM,0.7,120.0,149.41624937518276,3.0362615350700923,31.478646703312698,42.331742331620546,45.901571734692524,79.29828186106063,74.70812468759138,0.0,4.590157173469253,134,False,
0.8503848913450149,0.5591591093954767,3.678826149444909,23.578347846830646,"[{""power_percent"": 25, ""duration_minutes"": 9.237687190002259}, {""power_percent"": 50, ""duration_minutes"": 9.237687190002259}]",COLD,0.1,20.0,236.4395948987681,3.534756215252097,19.580080194449923,39.313300380235404,45.18318218790954,142.738115668175,118.21979744938405,20.0,4.518318218790954,135,False,
2.2873908581286697,0.5531798086803238,0.8090876751673058,47.65899110797587,"[{""power_percent"": 25, ""duration_minutes"": 25.712037982523533}, {""power_percent"": 50, ""duration_minutes"": 25.712037982523533}]",HOT,2.0,200.0,129.79867261350864,0.8229700634550614,32.30270478303434,33.47726007487787,45.06359617360648,89.40569592411497,64.89933630675432,20.0,4.506359617360648,136,False,
1.2453916406405678,0.8021205354829486,0.8746708778235641,34.158672182387164,"[{""power_percent"": 25, ""duration_minutes"": 58.44054032795958}]",COLD,0.1,20.0,223.63218151617332,0.7982477856202239,25.531889390007702,37.42157197160372,50.042410709658974,126.82033182905256,111.81609075808666,10.0,5.0042410709658975,137,False,
2.4092024655269415,0.13086149264795843,4.949674036826276,30.177996631070677,[],WARM,0.7,120.0,85.81466683473326,4.736373917991621,44.09202465526941,40.06968598542805,36.61722985295917,46.56905640266255,42.90733341736663,0.0,3.661722985295917,138,False,
2.9900516793218004,0.154985940489612,6.752914055200687,33.45766848290267,[],COLD,0.1,20.0,94.70365754710923,6.5240579989252305,49.900516793218,45.16565939627672,37.099718809792236,51.06180065453384,47.351828773554615,0.0,3.7099718809792237,139,False,
1.9745815249992187,0.2677120004256915,1.9176729527568015,46.91553534767172,[],COLD,0.1,20.0,124.54012371682575,1.8101829038428632,39.74581524999219,36.8478899106219,39.35424000851383,66.20548585926426,62.27006185841287,0.0,3.9354240008513828,140,False,
2.8792137846618364,0.47203037926760155,3.016593232781743,43.43927209556893,"[{""power_percent"": 25, ""duration_minutes"": 48.01363590100097}, {""power_percent"": 50, ""duration_minutes"": 48.01363590100097}]",WARM,0.7,120.0,175.65660895054432,3.0000875857706855,35.99077425651827,33.416732862714646,43.440607585352026,112.17236523380737,87.82830447527216,20.0,4.3440607585352025,141,False,
2.4070864339242988,0.9907685452243259,0.3301947476810234,8.114664729160925,"[{""power_percent"": 25, ""duration_minutes"": 48.42793724648364}, {""power_percent"": 50, ""duration_minutes"": 48.42793724648364}]",COLD,0.1,20.0,196.10627465268328,-0.19054484680801576,31.228070614594625,35.443935803264935,53.815370904486514,123.43467441679029,98.05313732634164,20.0,5.381537090448652,142,False,
1.3650199584351703,0.6527700203955957,1.8457453333364635,47.0550082051095,"[{""power_percent"": 25, ""duration_minutes"": 10.229854242392083}]",COLD,0.1,20.0,168.7348598522282,1.7937044384721057,29.1387068722321,39.017835284148305,47.05540040791191,99.07296996690529,84.3674299261141,10.0,4.705540040791191,143,False,
2.118422016002693,0.9268461719412334,6.8360223538252125,22.826845693245396,"[{""power_percent"": 25, ""duration_minutes"": 43.12694573431214}]",COLD,0.1,20.0,155.28242065812026,6.641373493078889,35.027872873311324,51.300390398915866,52.536923438824665,92.89490267294259,77.64121032906013,10.0,5.2536923438824665,144,False,
2.2442362344897955,0.8279386279075349,3.485467778295274,32.37917052424907,[],COLD,0.1,20.0,111.05163466293025,3.2799733520611767,42.44236234489796,46.70619909148097,50.5587725581507,60.5816945872802,55.52581733146513,0.0,5.05587725581507,145,False,
2.8751922562743726,0.756097638016044,3.761541979019397,30.526996222333356,[],WARM,0.7,120.0,75.8285231827308,3.5316962661024225,48.75192256274373,45.19625561423132,49.12195276032088,42.82645686739749,37.9142615913654,0.0,4.912195276032088,146,False,
0.5634718965338923,0.8594776598243139,0.7802047974259542,32.83256795363982,"[{""power_percent"": 25, ""duration_minutes"": 41.63481197466977}, {""power_percent"": 50, ""duration_minutes"": 41.63481197466977}, {""power_percent"": 75, ""duration_minutes"": 41.63481197466977}]",WARM,0.7,120.0,415.4609167471277,0.8415657652104468,7.389497169138457,30.727008435023393,51.18955319648628,242.84941369321248,207.73045837356386,30.0,5.118955319648628,147,False,
1.0968390367792265,0.8210112457985721,0.5129051454910553,34.8121994835149,"[{""power_percent"": 25, ""duration_minutes"": 10.805624326017133}, {""power_percent"": 50, ""duration_minutes"": 10.805624326017133}, {""power_percent"": 75, ""duration_minutes"": 10.805624326017133}]",COLD,0.1,20.0,214.11715341208682,0.360321653899027,17.347546718889692,33.70543905122343,50.42022491597144,142.10059919764055,107.05857670604341,30.0,5.0420224915971446,148,False,
0.5246527834579524,0.5231851159759535,3.952402225046732,14.52662914294736,"[{""power_percent"": 25, ""duration_minutes"": 14.423543019267807}, {""power_percent"": 50, ""duration_minutes"": 14.423543019267807}]",COLD,0.1,20.0,353.60844693425537,3.777422974604634,15.804173532652744,39.11761326064883,44.46370231951907,201.2505936990796,176.80422346712768,20.0,4.446370231951907,149,False,
1.0460338167666174,0.9213062863940831,0.6455237244405493,18.091052127147954,[],COLD,0.1,20.0,183.32612129402958,0.3022286845327723,30.460338167666173,42.146722885610096,52.42612572788166,96.90567321980295,91.66306064701479,0.0,5.2426125727881665,150,False,
1.6617905040043321,0.6893330557031774,5.533334632599349,40.42319680905266,"[{""power_percent"": 25, ""duration_minutes"": 21.824829009640595}, {""power_percent"": 50, ""duration_minutes"": 21.824829009640595}]",WARM,0.7,120.0,160.54070247983555,5.4950518513127715,26.435422139079265,42.62917619305839,47.78666111406355,105.04901735132412,80.27035123991777,20.0,4.778666111406355,151,False,
2.9135069582535116,0.5143588309725959,5.023306378141759,39.70554518612569,"[{""power_percent"": 25, ""duration_minutes"": 20.578502467765727}, {""power_percent"": 50, ""duration_minutes"": 20.578502467765727}]",WARM,0.7,120.0,119.05301438423663,4.928156375863902,39.07721933575854,39.584208579888724,44.28717661945192,83.9552248540635,59.526507192118316,20.0,4.428717661945192,152,False,
0.6033120085926342,0.8644631646388891,5.895167110468692,9.301538500928778,"[{""power_percent"": 25, ""duration_minutes"": 53.05550273501679}, {""power_percent"": 50, ""duration_minutes"": 53.05550273501679}]",HOT,2.0,200.0,356.0290392609343,5.800954866600592,12.727569812424662,40.980562032503045,51.28926329277778,203.14344595974495,178.01451963046716,20.0,5.128926329277778,153,False,
0.8087296931169512,0.6046818677847441,0.8652148859102375,31.61263541803889,"[{""power_percent"": 25, ""duration_minutes"": 45.56554662444094}, {""power_percent"": 50, ""duration_minutes"": 45.56554662444094}, {""power_percent"": 75, ""duration_minutes"": 45.56554662444094}]",WARM,0.7,120.0,346.15649410396725,0.9212381505671156,9.252464937503369,27.485712989037722,46.09363735569488,207.68761078755313,173.07824705198362,30.0,4.609363735569488,154,False,
1.739457488386572,0.7008843457754632,4.516158785470122,22.031421970399837,"[{""power_percent"": 25, ""duration_minutes"": 18.922843115777514}, {""power_percent"": 50, ""duration_minutes"": 18.922843115777514}]",HOT,2.0,200.0,129.18889605766051,4.384614703988613,27.502290572287972,38.30755913329915,48.017686915509266,89.39621672038119,64.59444802883026,20.0,4.801768691550927,155,False,
1.1606855540775434,0.9586407629953861,1.4601620567915308,19.642653510134203,"[{""power_percent"": 25, ""duration_minutes"": 53.705544168246625}, {""power_percent"": 50, ""duration_minutes"": 53.705544168246625}]",WARM,0.7,120.0,257.0378526017189,1.3810016440257273,18.23630112395077,35.8016806194329,53.17281525990772,153.83620782685023,128.51892630085945,20.0,5.317281525990772,156,False,
2.237324849349938,0.9293182735007993,0.9787792036231258,37.87643040685592,"[{""power_percent"": 25, ""duration_minutes"": 47.90308111508092}]",COLD,0.1,20.0,160.81036458898024,0.8744478732053446,35.978094437745334,39.47228525580341,52.586365470015984,95.66381884149172,80.40518229449012,10.0,5.258636547001599,157,False,
0.6799167743666183,0.24551857111344433,1.7523147348880923,7.0596156948178574,"[{""power_percent"": 25, ""duration_minutes"": 16.65298239712137}, {""power_percent"": 50, ""duration_minutes"": 16.65298239712137}]",HOT,2.0,200.0,254.53908603620891,1.5687817228765777,17.133869503954045,28.44241443975787,38.91037142226889,151.16058016033134,127.26954301810446,20.0,3.891037142226889,158,False,
1.2012906252766287,0.9943481712055847,4.655181455312815,7.924787320221649,"[{""power_percent"": 25, ""duration_minutes"": 52.25530443114813}]",HOT,2.0,200.0,177.99844493208138,4.454933858654227,25.40014103120888,43.6748818321582,53.88696342411169,104.38791880845186,88.99922246604069,10.0,5.388696342411169,159,False,
2.6580245126854796,0.41445678606666503,0.6242123278430998,5.71462702644284,"[{""power_percent"": 25, ""duration_minutes"": 46.62090899911723}, {""power_percent"": 50, ""duration_minutes"": 46.62090899911723}, {""power_percent"": 75, ""duration_minutes"": 46.62090899911723}]",COLD,0.1,20.0,232.51000324612815,0.3420418364916893,27.587108776987215,25.826024278565626,42.2891357213333,150.4839151951974,116.25500162306408,30.0,4.22891357213333,160,False,
1.5365715561525732,0.1097724914597137,1.5189212662393143,14.729564740721276,"[{""power_percent"": 25, ""duration_minutes"": 30.792165893576747}]",WARM,0.7,120.0,147.3309602710523,1.2986279583311162,29.826107266846893,30.031347453187887,36.195449829194274,87.28502511844557,73.66548013552615,10.0,3.6195449829194275,161,False,
1.5110374934798076,0.9873429019327227,2.214209329590599,22.453440365605804,[],COLD,0.1,20.0,140.50557416092568,1.978488472045042,35.110374934798074,46.076533482373875,53.74685803865445,75.62747288432828,70.25278708046284,0.0,5.374685803865446,162,False,
1.8250178264342343,0.2957036249153516,0.6475053671339719,27.417697633815113,"[{""power_percent"": 25, ""duration_minutes"": 15.413701150292207}]",COLD,0.1,20.0,140.329988428347,0.36442454102978544,33.47949320682773,32.181043198743396,39.914072498307036,84.1564014640042,70.1649942141735,10.0,3.991407249830704,163,False,
2.989762617351385,0.18667383865015258,1.2953107974349194,33.822881582172464,[],COLD,0.1,20.0,94.81807175694902,1.0686575822338988,49.89762617351385,34.630707658671675,37.73347677300305,51.18238355577482,47.40903587847451,0.0,3.773347677300305,164,False,
0.5559525423703455,0.9097449166155926,0.47203815041701724,47.60406594689738,"[{""power_percent"": 25, ""duration_minutes"": 23.769405124154716}]",WARM,0.7,120.0,322.35782708498476,0.3811938495277424,20.37105516749572,38.659780544828436,52.19489833231185,176.39840337572357,161.17891354249238,10.0,5.219489833231186,165,False,
1.5395795776210348,0.8126220745946559,6.302898715277754,11.756146871155185,[],COLD,0.1,20.0,135.4560397848834,6.001852413399843,35.39579577621035,52.15726232569138,50.252441491893116,72.75326404163101,67.7280198924417,0.0,5.025244149189312,166,False,
0.7343764394174475,0.866186183078694,6.046744953057041,7.009346624264538,"[{""power_percent"": 25, ""duration_minutes"": 50.4042048133918}]",COLD,0.1,20.0,291.2619275981604,5.819830180039321,20.823554153504883,48.775597958656654,51.32372366157388,160.7633361652376,145.6309637990802,10.0,5.132372366157388,167,False,
2.921293416282309,0.5015839218497748,3.7582061200926384,19.304723551893847,"[{""power_percent"": 25, ""duration_minutes"": 22.9645067572013}, {""power_percent"": 50, ""duration_minutes"": 22.9645067572013}]",WARM,0.7,120.0,117.56754934727785,3.545111738267112,38.91648348710296,36.757548896950496,44.0316784369955,83.18694251733848,58.78377467363892,20.0,4.40316784369955,168,False,
1.440623345213821,0.9665364591687464,1.0683425075443043,34.8121994835149,"[{""power_percent"": 25, ""duration_minutes"": 15.424824713465219}, {""power_percent"": 50, ""duration_minutes"": 15.424824713465219}]",COLD,0.1,20.0,179.91490392637155,0.9804404200637713,24.86375098079169,38.60963304230565,53.33072918337493,115.29052488152327,89.95745196318578,20.0,5.333072918337493,169,False,
0.7386647324638433,0.9779398956529394,1.518249248106026,37.95466664592092,"[{""power_percent"": 25, ""duration_minutes"": 32.30812510339458}, {""power_percent"": 50, ""duration_minutes"": 32.30812510339458}]",HOT,2.0,200.0,277.57177399597055,1.549046908889787,16.155834814298974,36.76029274541955,53.55879791305879,164.14176678929115,138.78588699798527,20.0,5.355879791305879,170,False,
2.7070334498105613,0.4285231925337929,5.023306378141759,43.21440578697321,"[{""power_percent"": 25, ""duration_minutes"": 43.24068337329281}]",HOT,2.0,200.0,110.11621549191516,4.965552158244467,40.90830032944097,37.891670565490244,42.57046385067586,69.31515413102517,55.05810774595758,10.0,4.257046385067586,171,False,
2.520561417791253,0.37131239454346193,6.013703223722487,20.38562568609907,"[{""power_percent"": 25, ""duration_minutes"": 10.842222741028014}]",COLD,0.1,20.0,110.96846192210953,5.756036743868458,40.66350304086113,43.95788849973568,41.426247890869234,69.62685575014169,55.48423096105476,10.0,4.142624789086923,172,False,
2.049743787998135,0.9271327842650992,2.914214671817355,48.5854741022843,[],WARM,0.7,120.0,102.25552006629333,2.8257377649111355,40.49743787998135,45.5540227548159,52.54265568530198,56.382025601676865,51.127760033146664,0.0,5.254265568530198,173,False,
0.6602164750378785,0.6154327035687378,4.976226601326028,20.846249852332413,"[{""power_percent"": 25, ""duration_minutes"": 30.528395689070102}]",WARM,0.7,120.0,278.48047861344264,4.827423837127576,21.075744965925278,43.021793774804806,46.308654071374754,153.87110471385878,139.24023930672132,10.0,4.630865407137476,174,False,
1.2042146058939611,0.42888602113293245,2.4061437778648584,19.05776209971035,[],WARM,0.7,120.0,144.7798437047456,2.1743217662273624,32.04214605893961,38.558919809324905,42.57772042265865,76.64769389463866,72.3899218523728,0.0,4.257772042265866,175,False,
1.8911289000180234,0.2405470786672014,0.6221447660145364,27.417697633815113,"[{""power_percent"": 25, ""duration_minutes"": 15.442280978605286}]",COLD,0.1,20.0,137.48529304330444,0.33644807679531136,34.13917495124997,31.467586046677333,38.810941573344024,82.62374067898662,68.74264652165222,10.0,3.8810941573344024,176,False,
2.4720998249154484,0.32421185176135825,0.13046096189660888,26.51428543708761,"[{""power_percent"": 25, ""duration_minutes"": 49.31414551897247}]",WARM,0.7,120.0,132.44559252044525,-0.338023172958511,38.25529097320586,31.550195931773906,40.48423703522717,80.27121996374534,66.22279626022262,10.0,4.048423703522717,177,False,
0.822683266215878,0.1891798101662559,1.31183032503262,33.82100324760482,"[{""power_percent"": 25, ""duration_minutes"": 42.57794543968954}]",WARM,0.7,120.0,249.5544409856434,1.2464269593093034,22.0979353901743,30.216480008869624,37.78359620332512,138.5555801131542,124.7772204928217,10.0,3.778359620332512,178,False,
2.8153660376178467,0.1519220951807776,0.2829064385725004,15.558195516258495,"[{""power_percent"": 25, ""duration_minutes"": 38.607403253816976}, {""power_percent"": 50, ""duration_minutes"": 38.607403253816976}]",COLD,0.1,20.0,169.66130525738984,-0.22914422332702855,36.292920050796766,25.872433824085313,37.03844190361555,108.53449681905647,84.83065262869492,20.0,3.703844190361555,179,False,
2.8150708449698154,0.3526273243755051,1.441294992750014,12.992299033293019,"[{""power_percent"": 25, ""duration_minutes"": 2.6057586905624377}]",COLD,0.1,20.0,94.28807541732029,1.119251711841542,44.02042051517004,34.835945117289214,41.0525464875101,61.24929235741115,47.14403770866014,10.0,4.10525464875101,180,False,
0.5767272195136126,0.7219241382338192,3.04585197032786,36.27444207361649,"[{""power_percent"": 25, ""duration_minutes"": 3.8206543412092153}]",COLD,0.1,20.0,309.29128334456027,2.954250188330224,21.576239478075664,42.44017396922527,48.43848276467638,169.48948994874777,154.64564167228014,10.0,4.8438482764676385,181,False,
2.3497058884554147,0.31942016053097266,6.732973219360748,36.800916145726326,"[{""power_percent"": 25, ""duration_minutes"": 11.240770789283728}, {""power_percent"": 50, ""duration_minutes"": 11.240770789283728}]",WARM,0.7,120.0,111.85959319978788,6.624272022275456,34.37298180562578,41.22454211773614,40.38840321061945,79.96863692095589,55.92979659989394,20.0,4.0388403210619455,182,False,
0.587805339582991,0.8942131396700826,4.127139703407456,10.46465000276723,"[{""power_percent"": 25, ""duration_minutes"": 40.35873584436238}, {""power_percent"": 50, ""duration_minutes"": 40.35873584436238}, {""power_percent"": 75, ""duration_minutes"": 40.35873584436238}]",WARM,0.7,120.0,393.90212415758117,4.0494915973738275,7.824243019175551,37.95255085686328,51.88426279340165,232.13948835813076,196.95106207879059,30.0,5.188426279340166,183,False,
2.9150946546057193,0.4132756057160808,6.175770907182611,33.818887449113625,"[{""power_percent"": 25, ""duration_minutes"": 41.700274178380354}, {""power_percent"": 50, ""duration_minutes"": 41.700274178380354}]",COLD,0.1,20.0,179.50251971112675,6.0754809940498244,36.980919128219156,40.60883263225537,42.265512114321616,113.97781106699554,89.75125985556338,20.0,4.226551211432162,184,False,
1.0129386801179245,0.4142139630424182,0.2301885895384868,5.320800433322407,[],COLD,0.1,20.0,184.18022877039226,-0.3884041550662958,30.129386801179244,35.23094473558599,42.284279260848365,96.31854231128096,92.09011438519613,0.0,4.228427926084836,185,False,
2.3010062622047602,0.8549630729722814,5.895167110468692,9.301538500928778,[],WARM,0.7,120.0,82.4793323777201,5.560936090986073,43.0100626220476,50.64989109660476,51.09926145944563,46.34959233480461,41.23966618886005,0.0,5.109926145944563,186,False,
1.223723426045599,0.5119501405526504,5.322736581085082,37.711936354343095,"[{""power_percent"": 25, ""duration_minutes"": 52.25530443114813}, {""power_percent"": 50, ""duration_minutes"": 52.25530443114813}, {""power_percent"": 75, ""duration_minutes"": 52.25530443114813}]",HOT,2.0,200.0,289.15621113383224,5.44482517546276,12.398938595783772,32.08589744999863,44.239002811053005,179.0020058480214,144.57810556691612,30.0,4.4239002811053005,187,False,
1.9892395801414122,0.3978313329511917,1.1720310640045069,42.44523065639,"[{""power_percent"": 25, ""duration_minutes"": 56.36479443909879}, {""power_percent"": 50, ""duration_minutes"": 56.36479443909879}]",WARM,0.7,120.0,215.3688565628436,1.201862453615388,26.255916357504248,28.33615045707739,41.95662665902383,131.8800909473242,107.6844282814218,20.0,4.1956626659023835,188,False,
1.61978611374992,0.9883696772770585,1.7594971024125394,37.24516867774555,"[{""power_percent"": 25, ""duration_minutes"": 58.66979091529066}]",COLD,0.1,20.0,196.94816059113947,1.6868464608443068,29.26437159173467,41.41933660469107,53.76739354554117,113.85081965012385,98.47408029556973,10.0,5.376739354554117,189,False,
0.5559525423703455,0.3224852884952194,0.5454075195733248,48.14204375777455,"[{""power_percent"": 25, ""duration_minutes"": 23.69661979142116}]",WARM,0.7,120.0,322.44643509551435,0.4577183002165795,20.374694434132397,31.468109829053347,40.449705769904384,175.2681881247476,161.22321754775717,10.0,4.044970576990439,190,False,
1.1478646703312698,0.6016430335267812,0.18351631914034994,15.577182247035095,[],WARM,0.7,120.0,149.85058022525195,-0.3669351741906903,31.478646703312698,38.252683764040675,46.03286067053562,79.52857617967953,74.92529011262597,0.0,4.6032860670535625,191,False,
0.7739047509720081,0.6505096889788813,1.7337233738991573,22.326219390722812,"[{""power_percent"": 25, ""duration_minutes"": 10.90053576725736}, {""power_percent"": 50, ""duration_minutes"": 10.90053576725736}, {""power_percent"": 75, ""duration_minutes"": 10.90053576725736}]",HOT,2.0,200.0,231.72177465106137,1.657426107506386,14.103967144631476,31.3576213008951,47.01019377957763,150.56190670348843,115.86088732553068,30.0,4.7010193779577625,192,False,
2.921293416282309,0.49878257177588503,1.8192025360054327,46.93315543243223,"[{""power_percent"": 25, ""duration_minutes"": 59.09210499283406}, {""power_percent"": 50, ""duration_minutes"": 59.09210499283406}]",WARM,0.7,120.0,198.1112753827049,1.8441339419344018,35.303723663539685,30.67826963375144,43.9756514355177,123.45320283490422,99.05563769135244,20.0,4.39756514355177,193,False,
1.0014917610241496,0.2677120004256915,1.8443300255276327,46.91553534767172,[],COLD,0.1,20.0,198.35122975611,1.7757635671726972,30.014917610241497,36.70120405616356,39.35424000851383,103.11103887890638,99.175614878055,0.0,3.9354240008513828,194,False,
2.8292679737885695,0.5627412246986397,3.6015979764437644,12.971840131892321,"[{""power_percent"": 25, ""duration_minutes"": 38.63121988744102}]",COLD,0.1,20.0,130.04001928203408,3.3148895181710167,42.36111874351364,40.59715405264798,45.25482449397279,79.54549209041431,65.02000964101704,10.0,4.52548244939728,195,False,
2.8823316122856086,0.39809971365170516,0.8799615386418588,13.544207959184837,"[{""power_percent"": 25, ""duration_minutes"": 12.830451034369617}, {""power_percent"": 50, ""duration_minutes"": 12.830451034369617}]",COLD,0.1,20.0,116.26536587851086,0.6015944239742828,39.54027101941912,31.567292579042004,41.9619942730341,82.32888236655884,58.13268293925543,20.0,4.1961994273034104,196,False,
0.9593163699899763,0.8540939356598507,5.633576843827862,46.78904619208127,[],WARM,0.7,120.0,184.89806105486582,5.5779384661807505,29.593163699899762,50.11628091557393,51.081878713197014,97.55721839875261,92.44903052743291,0.0,5.108187871319702,197,False,
1.6601637232100557,0.9707846114666836,4.516158785470122,22.031421970399837,"[{""power_percent"": 25, ""duration_minutes"": 18.922843115777514}, {""power_percent"": 50, ""duration_minutes"": 18.922843115777514}]",HOT,2.0,200.0,133.30764727630304,4.387786454595673,26.709352920522807,41.5463623215938,53.41569222933367,91.9953928610849,66.65382363815152,20.0,5.3415692229333676,198,False,
2.7746523725836543,0.45909193824485983,4.945706522519315,24.6523832179883,"[{""power_percent"": 25, ""duration_minutes"": 43.253574937448164}]",HOT,2.0,200.0,103.21011621829604,4.773888301861345,41.58384497896413,38.1029090558535,43.18183876489719,65.92324198563773,51.60505810914802,10.0,4.318183876489719,199,False,
0.843629239402397,0.7997328397044794,5.46925931476564,11.937539297627872,"[{""power_percent"": 25, ""duration_minutes"": 2.6657671191525667}, {""power_percent"": 50, ""duration_minutes"": 2.6657671191525667}]",COLD,0.1,20.0,221.21602165578028,5.242470915213617,20.169715682108713,46.17536667883588,49.994656794089586,135.6074765072991,110.60801082789014,20.0,4.999465679408959,200,False,
0.5431821257269771,0.15257118585535578,4.9237810701589915,41.05688695435933,[],HOT,2.0,200.0,286.96753734720386,4.876395106856068,25.43182125726977,37.678416370582255,37.05142371710711,147.18891104531264,143.48376867360193,0.0,3.7051423717107115,201,False,
0.5291257267593823,0.4182410092609977,6.2734586370454775,35.167922160865686,"[{""power_percent"": 25, ""duration_minutes"": 55.058657615873244}, {""power_percent"": 50, ""duration_minutes"": 55.058657615873244}]",HOT,2.0,200.0,402.65419123937653,6.341418456172042,11.7853915060065,36.26228992827054,42.364820185219955,225.56357763821026,201.32709561968827,20.0,4.236482018521996,202,False,
2.959390717470126,0.18667383865015258,1.2953107974349194,23.753161544192235,"[{""power_percent"": 25, ""duration_minutes"": 36.835418278253286}, {""power_percent"": 50, ""duration_minutes"": 36.835418278253286}]",COLD,0.1,20.0,165.98289385781231,1.1231249745577745,37.91036534687593,28.420582561976477,37.73347677300305,106.76479460620646,82.99144692890616,20.0,3.773347677300305,203,False,
0.9792511469409413,0.44240866470711426,6.302898715277754,32.74668848979988,"[{""power_percent"": 25, ""duration_minutes"": 43.35626905031384}]",COLD,0.1,20.0,240.858549085706,6.213565069389229,23.62469801689372,44.414013335531465,42.848173294142285,134.71409187226723,120.429274542853,10.0,4.284817329414229,204,False,
2.5732837200890004,0.5152866827092402,0.4904579868433391,37.87482749002965,"[{""power_percent"": 25, ""duration_minutes"": 46.753835531837645}, {""power_percent"": 50, ""duration_minutes"": 46.753835531837645}, {""power_percent"": 75, ""duration_minutes"": 46.753835531837645}]",WARM,0.7,120.0,224.41523412470377,0.4170371095754699,26.719761871114358,26.39467902095881,44.305733654184806,146.63819042777035,112.20761706235189,30.0,4.430573365418481,205,False,
0.6549085583616852,0.7444606043527249,6.983163211728813,30.60945291955197,"[{""power_percent"": 25, ""duration_minutes"": 49.5109206381214}]",WARM,0.7,120.0,302.2333653034018,6.912134507549777,20.07353955171078,48.014526056546686,48.889212087054496,166.00560386040635,151.1166826517009,10.0,4.88892120870545,206,False,
1.577782846720388,0.1081789162113343,6.307274395924969,14.567641855650445,"[{""power_percent"": 25, ""duration_minutes"": 30.590298004853643}]",COLD,0.1,20.0,164.53070766403414,6.072159231194909,30.2483135669612,40.79498684624034,36.163578324226684,95.88171166443973,82.26535383201707,10.0,3.6163578324226684,207,False,
0.5038457468861013,0.8649952851712726,0.16058690550124596,40.64227139085737,"[{""power_percent"": 25, ""duration_minutes"": 42.52255735162402}, {""power_percent"": 50, ""duration_minutes"": 42.52255735162402}, {""power_percent"": 75, ""duration_minutes"": 42.52255735162402}]",HOT,2.0,200.0,435.9705175988274,-0.00014562397418188544,6.660073866117408,34.23173944940662,51.29990570342545,253.11524936975627,217.9852587994137,30.0,5.129990570342546,208,False,
2.8348232840795182,0.24321620789755147,1.647384847459729,7.021562794452834,"[{""power_percent"": 25, ""duration_minutes"": 19.36238110123947}, {""power_percent"": 50, ""duration_minutes"": 19.36238110123947}]",COLD,0.1,20.0,128.24458223360557,1.3448460550657442,38.41199473067124,30.851621323615703,38.86432415795103,88.00872353259788,64.12229111680278,20.0,3.8864324157951033,209,False,
0.6893510876684551,0.5203605652857151,2.746861649921278,46.93765894554747,"[{""power_percent"": 25, ""duration_minutes"": 17.323078755886307}, {""power_percent"": 50, ""duration_minutes"": 17.323078755886307}]",WARM,0.7,120.0,280.82339822547505,2.7775597175995976,17.16120300109592,35.29866535791796,44.4072113057143,164.85242024330896,140.41169911273752,20.0,4.44072113057143,210,False,
2.5455094404680856,0.8762987617069031,3.5747475953084367,13.007811349953885,"[{""power_percent"": 25, ""duration_minutes"": 58.35342089085199}, {""power_percent"": 50, ""duration_minutes"": 58.35342089085199}]",WARM,0.7,120.0,194.03648579509684,3.409680927571141,31.619752315595658,38.76387507764859,51.52597523413806,122.17084042096222,97.01824289754842,20.0,5.152597523413807,211,False,
0.8587190134766782,0.635264447704352,4.085924953018568,42.756674087331916,"[{""power_percent"": 25, ""duration_minutes"": 40.51848067448093}, {""power_percent"": 50, ""duration_minutes"": 40.51848067448093}, {""power_percent"": 75, ""duration_minutes"": 40.51848067448093}]",WARM,0.7,120.0,323.56123631772294,4.191671679026935,10.509418033594642,34.74836001778608,46.70528895408704,196.45114705427017,161.78061815886147,30.0,4.670528895408704,212,False,
0.8087296931169512,0.6046818677847441,1.6219502015188063,33.1058444729554,"[{""power_percent"": 25, ""duration_minutes"": 56.184117986778276}, {""power_percent"": 50, ""duration_minutes"": 56.184117986778276}, {""power_percent"": 75, ""duration_minutes"": 56.184117986778276}]",WARM,0.7,120.0,378.4601709074542,1.7187884345921955,7.6596792331527705,28.043512197644503,46.09363735569488,223.8394491892966,189.2300854537271,30.0,4.609363735569488,213,False,
2.6580245126854796,0.6948357056971362,5.981306494375655,5.71462702644284,"[{""power_percent"": 25, ""duration_minutes"": 46.62090899911723}, {""power_percent"": 50, ""duration_minutes"": 46.62090899911723}, {""power_percent"": 75, ""duration_minutes"": 46.62090899911723}]",WARM,0.7,120.0,212.51000324612815,5.811136003024243,27.587108776987215,38.7047596471964,47.89671411394272,141.04467303445836,106.25500162306408,30.0,4.789671411394273,214,False,
0.9897538682452065,0.14785906523525388,6.384000427916197,12.810209203634589,"[{""power_percent"": 25, ""duration_minutes"": 59.09385214971189}]",COLD,0.1,20.0,248.989745177527,6.190365380557907,22.94284607496647,40.569494074164076,36.957181304705074,138.190590719234,124.4948725887635,10.0,3.6957181304705076,215,False,
2.9900516793218004,0.154985940489612,0.14396052257659964,26.965752321171514,[],COLD,0.1,20.0,92.75608269858989,-0.42384703066924323,49.900516793218,31.947752331028543,37.099718809792236,50.08801323027417,46.378041349294946,0.0,3.7099718809792237,216,False,
1.2181280635823253,0.9995175649948453,2.9164224510235046,43.43927209556893,"[{""power_percent"": 25, ""duration_minutes"": 48.01363590100097}, {""power_percent"": 50, ""duration_minutes"": 48.01363590100097}]",HOT,2.0,200.0,230.6988155660866,2.9923602328556274,19.37991704572316,36.94623752792509,53.99035129989691,140.748442913033,115.3494077830433,20.0,5.3990351299896915,217,False,
1.678086410453764,0.8553325341569448,5.949847454383798,19.455400264665442,[],HOT,2.0,200.0,93.7241504625574,5.72745639955364,36.78086410453764,48.163685318650934,51.106650683138895,51.972740299592594,46.8620752312787,0.0,5.11066506831389,218,False,
1.035130495964782,0.6405272827159493,2.9022225401969783,42.48561167848007,"[{""power_percent"": 25, ""duration_minutes"": 52.2819205038669}, {""power_percent"": 50, ""duration_minutes"": 52.2819205038669}, {""power_percent"": 75, ""duration_minutes"": 52.2819205038669}]",WARM,0.7,120.0,329.0007106437205,3.034576751940868,10.509016884067783,31.38539962763733,46.810545654318986,199.18140988729215,164.50035532186024,30.0,4.681054565431899,219,False,
0.6479010362560288,0.6283694472314109,6.85491118509825,36.93917609334431,"[{""power_percent"": 25, ""duration_minutes"": 25.80294038828761}, {""power_percent"": 50, ""duration_minutes"": 25.80294038828761}]",WARM,0.7,120.0,308.704472760744,6.844236080984649,15.898716323731527,44.302079313676174,46.56738894462821,179.00897527483482,154.352236380372,20.0,4.656738894462822,220,False,
0.5140714941618272,0.19773240957635962,4.942868725287065,14.09646176058054,"[{""power_percent"": 25, ""duration_minutes"": 41.97255345413756}, {""power_percent"": 50, ""duration_minutes"": 41.97255345413756}, {""power_percent"": 75, ""duration_minutes"": 41.97255345413756}]",WARM,0.7,120.0,436.4348067634411,4.894802296446486,6.844831923497637,31.08099655461806,37.95464819152719,252.01286820087327,218.21740338172054,30.0,3.7954648191527194,221,False,
2.8018722709944948,0.4728551756933196,1.7905371712362457,33.74032501056875,"[{""power_percent"": 25, ""duration_minutes"": 6.485466327951793}]",WARM,0.7,120.0,84.643194827877,1.6093896967878305,43.69444939354736,35.66077246095377,43.45710351386639,56.667307765325134,42.3215974139385,10.0,4.345710351386639,222,False,
0.8087296931169512,0.5146911269532304,1.7243062618169618,31.22943010762902,"[{""power_percent"": 25, ""duration_minutes"": 45.56554662444094}, {""power_percent"": 50, ""duration_minutes"": 45.56554662444094}, {""power_percent"": 75, ""duration_minutes"": 45.56554662444094}]",WARM,0.7,120.0,346.04153251084426,1.778030294611381,9.252464937503369,28.124006850873002,44.29382253906461,207.45014850932859,173.02076625542213,30.0,4.429382253906461,223,False,
1.035130495964782,0.16585623703916894,2.9398059917990964,33.9429751377742,"[{""power_percent"": 25, ""duration_minutes"": 52.2819205038669}, {""power_percent"": 50, ""duration_minutes"": 52.2819205038669}, {""power_percent"": 75, ""duration_minutes"": 52.2819205038669}]",WARM,0.7,120.0,326.43791968150873,3.020904384298751,10.509016884067783,25.7645139827202,37.31712474078338,196.9506723148327,163.21895984075437,30.0,3.731712474078338,224,False,
0.5984463448108314,0.6293521570669511,4.244386057777946,46.95706956213499,"[{""power_percent"": 25, ""duration_minutes"": 25.3496706050612}, {""power_percent"": 50, ""duration_minutes"": 25.3496706050612}, {""power_percent"": 75, ""duration_minutes"": 25.3496706050612}]",WARM,0.7,120.0,355.28516964538323,4.340239633173507,10.182012857349134,36.359527645903796,46.587043141339024,212.30128913682552,177.64258482269162,30.0,4.658704314133902,225,False,
0.8056230739240372,0.7713517640545702,0.16058690550124596,40.67552727363373,"[{""power_percent"": 25, ""duration_minutes"": 28.866861476455195}, {""power_percent"": 50, ""duration_minutes"": 28.866861476455195}, {""power_percent"": 75, ""duration_minutes"": 28.866861476455195}]",WARM,0.7,120.0,299.49453337151107,-0.07898426938454758,11.726201517772093,31.73702982477139,49.427035281091406,184.68997021386468,149.74726668575553,30.0,4.942703528109141,226,False,
1.577782846720388,0.5049628995042653,6.440562281712996,14.567641855650445,"[{""power_percent"": 25, ""duration_minutes"": 27.623586713777826}, {""power_percent"": 50, ""duration_minutes"": 27.623586713777826}]",COLD,0.1,20.0,189.18758308673614,6.250103992405638,25.0154697958261,43.08326415465051,44.099257990085306,119.0037173423766,94.59379154336807,20.0,4.409925799008531,227,False,
1.1824763811908483,0.8929500937070928,4.132952460062868,11.94640543809113,"[{""power_percent"": 25, ""duration_minutes"": 40.073816756549505}, {""power_percent"": 50, ""duration_minutes"": 40.073816756549505}]",COLD,0.1,20.0,245.0839831388496,3.9674794709568806,19.81738213625353,42.37687703921788,51.85900187414185,147.72789175683897,122.5419915694248,20.0,5.185900187414186,228,False,
2.6929235218398633,0.8616625548169878,5.784787152376902,30.26613020457429,[],WARM,0.7,120.0,79.28138378905797,5.560666992730752,46.92923521839863,50.509524962557656,51.23325109633976,44.76401700416296,39.640691894528985,0.0,5.123325109633976,229,False,
1.5110374934798076,0.9968690936860564,2.214209329590599,22.453440365605804,[],COLD,0.1,20.0,140.50557416092568,1.978488472045042,35.110374934798074,46.19084778341387,53.93738187372113,75.64652526783495,70.25278708046284,0.0,5.393738187372113,230,False,
0.689629665549304,0.8594776598243139,0.7802047974259542,33.81433003441346,"[{""power_percent"": 25, ""duration_minutes"": 41.51428001372908}, {""power_percent"": 50, ""duration_minutes"": 41.51428001372908}]",COLD,0.1,20.0,345.1809035626968,0.7685341510379209,14.744868654120134,35.18328471191993,51.18955319648628,197.70940710099703,172.5904517813484,20.0,5.118955319648628,231,False,
0.9087417728150056,0.5056375128908841,2.7551336598696716,46.75390348421034,"[{""power_percent"": 25, ""duration_minutes"": 0.3340538984185648}]",COLD,0.1,20.0,213.9236175236724,2.7096414637607524,25.07071503322913,39.3678958574774,44.11275025781768,121.37308378761796,106.9618087618362,10.0,4.4112750257817686,232,False,
0.9792511469409413,0.8189800513973029,6.302898715277754,34.168795903675246,"[{""power_percent"": 25, ""duration_minutes"": 10.578004610137057}, {""power_percent"": 50, ""duration_minutes"": 10.578004610137057}]",COLD,0.1,20.0,219.0849214798289,6.219897454042441,20.734711008395706,47.59887777071492,50.37960102794606,134.58042084270906,109.54246073991445,20.0,5.037960102794607,233,False,
0.8945196903780703,0.5635781115792279,0.25541833023562577,16.935645201397662,"[{""power_percent"": 25, ""duration_minutes"": 33.00845454805731}, {""power_percent"": 50, ""duration_minutes"": 33.00845454805731}, {""power_percent"": 75, ""duration_minutes"": 33.00845454805731}]",WARM,0.7,120.0,286.29381367712034,-0.11772322252693916,11.993928721572107,28.681339769154327,45.271562231584554,177.6740630617186,143.14690683856017,30.0,4.527156223158456,234,False,
2.9900516793218004,0.154985940489612,6.752914055200687,36.09737971057987,[],WARM,0.7,120.0,75.4955709154124,6.551896266291294,49.900516793218,43.96565939627672,37.099718809792236,41.457757338685425,37.7477854577062,0.0,3.7099718809792237,235,False,
2.5686657835903293,0.6802853213325702,6.94384633125042,14.73821371063643,"[{""power_percent"": 25, ""duration_minutes"": 9.627539574483851}, {""power_percent"": 50, ""duration_minutes"": 9.627539574483851}]",WARM,0.7,120.0,96.57261836007926,6.690784061319592,36.723903878454905,46.07346414402265,47.6057064266514,73.04687982270477,48.28630918003963,20.0,4.76057064266514,236,False,
1.2012906252766287,0.9995184933689341,4.655181455312815,7.924787320221649,"[{""power_percent"": 25, ""duration_minutes"": 52.25530443114813}]",HOT,2.0,200.0,177.99844493208138,4.454933858654227,25.40014103120888,43.73692569811839,53.99036986737868,104.39825945277856,88.99922246604069,10.0,5.399036986737869,237,False,
0.8996972787799515,0.8486792757032635,6.047258378924533,18.312529717513804,[],WARM,0.7,120.0,186.71650392945475,5.823145666078417,28.996972787799514,50.87866806628823,50.97358551406527,98.4556105161339,93.35825196472737,0.0,5.097358551406527,238,False,
2.6422773607282988,0.42938186212348295,2.9164224510235046,43.43927209556893,"[{""power_percent"": 25, ""duration_minutes"": 47.76644232547667}, {""power_percent"": 50, ""duration_minutes"": 47.76644232547667}]",HOT,2.0,200.0,163.83387689673162,2.9348998738187397,33.646129374735324,30.119440708000205,42.587637242469654,106.17570217261277,81.91693844836581,20.0,4.258763724246966,239,False,
0.5036334093626857,0.24518548955694197,4.9296574226713235,17.097051953657072,"[{""power_percent"": 25, ""duration_minutes"": 41.693352903172155}]",COLD,0.1,20.0,379.15815057758607,4.763787750921929,18.95166644846825,39.35074013293079,38.90370979113884,203.46944626790693,189.57907528879304,10.0,3.890370979113884,240,False,
1.551016124774928,0.6790753281020792,3.7052573899227164,11.756146871155185,[],COLD,0.1,20.0,134.7376374592984,3.4037536261586503,35.51016124774928,45.35941871707038,47.58150656204158,72.12696938585336,67.3688187296492,0.0,4.758150656204158,241,False,
1.2430462654300554,0.27561248540391187,4.512870084967366,14.882534741750254,"[{""power_percent"": 25, ""duration_minutes"": 44.966562513585096}, {""power_percent"": 50, ""duration_minutes"": 44.966562513585096}]",HOT,2.0,200.0,213.56917836259797,4.410376567827836,19.933806402942047,31.63509624396657,39.51224970807824,130.7358141521068,106.78458918129898,20.0,3.9512249708078238,242,False,
0.5188445007739653,0.37052366842560785,6.246597907173321,20.38562568609907,"[{""power_percent"": 25, ""duration_minutes"": 12.263159681423737}]",WARM,0.7,120.0,321.9828077766256,6.082421040940379,20.575287023668466,43.17158504501123,41.41047336851216,175.132451225164,160.9914038883128,10.0,4.141047336851216,243,False,
2.3010062622047602,0.725804292843231,5.90249236550642,9.301538500928778,"[{""power_percent"": 25, ""duration_minutes"": 2.5270839571288795}]",WARM,0.7,120.0,85.00641633484898,5.59078842998093,38.883708424191155,47.038823726417746,48.51608585686462,57.35481675311095,42.50320816742449,10.0,4.851608585686463,244,False,
0.7386647324638433,0.6938673064199541,6.307854593907249,37.95466664592092,"[{""power_percent"": 25, ""duration_minutes"": 32.28968877240283}, {""power_percent"": 50, ""duration_minutes"": 32.28968877240283}]",WARM,0.7,120.0,293.5349013339871,6.312615382029025,16.157678447398148,43.60473553850977,47.87734612839908,171.55518527983344,146.76745066699354,20.0,4.787734612839908,245,False,
2.713164603484206,0.4281641701750377,0.60301296156941,42.19422476487058,"[{""power_percent"": 25, ""duration_minutes"": 43.63530656561615}]",HOT,2.0,200.0,110.07956726189651,0.4392870325848814,40.94988070656126,34.62288492199315,42.563283403500755,69.29611197129833,55.03978363094826,10.0,4.256328340350076,246,False,
1.247850299966577,0.3829720823049316,5.060308931941032,16.9580126757777,[],HOT,2.0,200.0,123.79413052629755,4.840142995997034,32.47850299966577,40.71628285154124,41.65944164609863,66.06300942775864,61.897065263148775,0.0,4.165944164609863,247,False,
2.1213518073462123,0.7552404091560985,0.3778015888593531,10.253048151318781,"[{""power_percent"": 25, ""duration_minutes"": 28.02536359123884}, {""power_percent"": 50, ""duration_minutes"": 28.02536359123884}, {""power_percent"": 75, ""duration_minutes"": 28.02536359123884}]",WARM,0.7,120.0,172.3616345604369,-0.09945810375286619,25.0097135347763,31.18499900894298,49.10480818312197,121.09129809853064,86.18081728021845,30.0,4.910480818312197,248,False,
0.7503990656892455,0.15560290817315603,6.553119810114209,30.79335588104809,"[{""power_percent"": 25, ""duration_minutes"": 7.099471688498637}, {""power_percent"": 50, ""duration_minutes"": 7.099471688498637}]",COLD,0.1,20.0,257.8305892175067,6.4520629261499245,18.79404348804259,40.34750621699637,37.11205816346312,152.62650042509966,128.91529460875336,20.0,3.711205816346312,249,False,
1.0510692531006773,0.5591591093954767,3.678826149444909,33.648067884795026,[],COLD,0.1,20.0,187.3062346036504,3.528671786629652,30.510692531006775,43.86756161163554,45.18318218790954,98.17143552061616,93.6531173018252,0.0,4.518318218790954,250,False,
1.2042146058939611,0.8291066294918746,2.4061437778648584,19.223756627840952,"[{""power_percent"": 25, ""duration_minutes"": 14.332544725151779}, {""power_percent"": 50, ""duration_minutes"": 14.332544725151779}]",WARM,0.7,120.0,173.49473151348832,2.2439828228464496,22.60889158642443,38.50161442612311,50.58213258983749,111.80557901572791,86.74736575674416,20.0,5.058213258983749,251,False,
1.182366610527898,0.6744796341799457,3.7122040592961034,14.827090316781518,"[{""power_percent"": 25, ""duration_minutes"": 48.61385908136018}]",WARM,0.7,120.0,194.42619112297092,3.524485795857037,25.392973151210974,40.659747956310746,47.489592683598914,111.96205482984536,97.21309556148546,10.0,4.748959268359892,252,False,
2.6929235218398633,0.1557876598500581,3.523713059438597,33.73836084359769,[],HOT,2.0,200.0,64.323052980765,3.3464262836265886,46.92923521839863,34.91687803707789,37.11575319700116,35.873101810082616,32.1615264903825,0.0,3.7115753197001164,253,False,
0.6252213978068456,0.504453241537246,4.502637730531478,22.346437644781197,"[{""power_percent"": 25, ""duration_minutes"": 42.701744039362204}]",WARM,0.7,120.0,303.8206886803414,4.3764092445272516,20.117126776100342,40.37766203832905,44.08906483074492,166.3192508232452,151.9103443401707,10.0,4.4089064830744915,254,False,
0.5634718965338923,0.7291186453761752,0.7802047974259542,32.83256795363982,"[{""power_percent"": 25, ""duration_minutes"": 41.68226796362807}, {""power_percent"": 50, ""duration_minutes"": 41.68226796362807}, {""power_percent"": 75, ""duration_minutes"": 41.68226796362807}]",WARM,0.7,120.0,415.6032847140026,0.8417081331773216,7.382378770794713,29.158429222639484,48.58237290752351,242.65987964775366,207.8016423570013,30.0,4.858237290752351,255,False,
0.660745239312966,0.14726414684774009,3.430737086243065,14.148576226076742,"[{""power_percent"": 25, ""duration_minutes"": 38.483282159908164}, {""power_percent"": 50, ""duration_minutes"": 38.483282159908164}]",HOT,2.0,200.0,306.727528794135,3.334165298346823,14.759124177138842,28.31964700506452,36.9452829369548,177.05829269076298,153.3637643970675,20.0,3.69452829369548,256,False,
2.034258049143511,0.2677120004256915,1.9176729527568015,40.87050149006935,[],COLD,0.1,20.0,120.49810828437822,1.7715256397314774,40.34258049143511,36.8478899106219,39.35424000851383,64.1844781430405,60.24905414218911,0.0,3.9354240008513828,257,False,
0.8203649796147242,0.6794298380286131,0.25541833023562577,14.127225102362576,"[{""power_percent"": 25, ""duration_minutes"": 33.185168528155366}, {""power_percent"": 50, ""duration_minutes"": 33.185168528155366}, {""power_percent"": 75, ""duration_minutes"": 33.185168528155366}]",HOT,2.0,200.0,285.13911840764206,-0.10507741275032172,11.225874516923934,32.655656228338124,47.58859676057226,177.32841887987826,142.56955920382103,30.0,4.758859676057226,258,False,
0.587805339582991,0.8994752608673336,5.829622216705594,10.199325706353132,"[{""power_percent"": 25, ""duration_minutes"": 51.349449473498716}, {""power_percent"": 50, ""duration_minutes"": 51.349449473498716}, {""power_percent"": 75, ""duration_minutes"": 51.349449473498716}]",WARM,0.7,120.0,426.79466775606596,5.783354305780889,6.1756359748051,40.43149711120431,51.989505217346675,248.59628439976765,213.39733387803298,30.0,5.198950521734668,259,False,
1.6673155363914012,0.3055058600658531,0.6469126446420546,44.923038696739084,"[{""power_percent"": 25, ""duration_minutes"": 46.74729072436651}, {""power_percent"": 50, ""duration_minutes"": 46.74729072436651}]",HOT,2.0,200.0,195.43646772874445,0.611252836815566,23.99842629147736,29.56740758804414,40.11011720131706,121.72924558450393,97.71823386437222,20.0,4.011011720131706,260,False,
0.7386647324638433,0.41081027899755174,0.7172824537498408,37.74198850393101,"[{""power_percent"": 25, ""duration_minutes"": 32.28968877240283}, {""power_percent"": 50, ""duration_minutes"": 32.28968877240283}]",COLD,0.1,20.0,313.4710978913901,0.7087671730196788,16.157678447398148,30.226906929126134,42.21620557995104,180.95716950369015,156.73554894569506,20.0,4.221620557995104,261,False,
1.5395795776210348,0.8126220745946559,2.6638966847738517,11.75515443579113,[],COLD,0.1,20.0,135.4557420542742,2.3628444282837573,35.39579577621035,44.87925826468357,50.252441491893116,72.75311517632642,67.7278710271371,0.0,5.025244149189312,262,False,
2.59863847757348,0.532315048405147,6.9141011285255125,33.686618101065015,[],WARM,0.7,120.0,82.32852024788477,6.714275298028962,45.9863847757348,48.81598283791279,44.646300968102935,45.62889022075268,41.164260123942384,0.0,4.464630096810294,263,False,
2.6374758747101614,0.37289910518989566,4.655181455312815,7.924787320221649,"[{""power_percent"": 25, ""duration_minutes"": 52.62509866578615}]",HOT,2.0,200.0,110.37509299150145,4.397856242911524,39.74350381381231,36.20639921293079,41.45798210379791,69.33334470613052,55.18754649575072,10.0,4.145798210379791,264,False,
0.8889266913271427,0.29884049183356864,1.8370206672396732,45.93582042832558,"[{""power_percent"": 25, ""duration_minutes"": 32.24004413962202}, {""power_percent"": 50, ""duration_minutes"": 32.24004413962202}]",WARM,0.7,120.0,261.50365815629425,1.8835586104357853,17.665262499309225,29.92572458810485,39.97680983667137,154.74951006181425,130.75182907814713,20.0,3.9976809836671374,265,False,
2.763436684381621,0.22197859662525146,5.148737443997306,14.09646176058054,"[{""power_percent"": 25, ""duration_minutes"": 23.586954852177485}, {""power_percent"": 50, ""duration_minutes"": 23.586954852177485}]",COLD,0.1,20.0,140.18308589737933,4.899952656889879,37.27567135859846,37.34600075636698,38.43957193250503,93.93550014194017,70.09154294868966,20.0,3.8439571932505032,266,False,
2.303992703424143,0.31942016053097266,4.263457249524137,41.21967471327147,"[{""power_percent"": 25, ""duration_minutes"": 12.07446990455766}, {""power_percent"": 50, ""duration_minutes"": 12.07446990455766}, {""power_percent"": 75, ""duration_minutes"": 12.07446990455766}]",WARM,0.7,120.0,128.1936849744405,4.216838999380474,29.22875654855778,33.873254134009755,40.38840321061945,98.13568280828218,64.09684248722024,30.0,4.0388403210619455,267,False,
2.213092185586803,0.4142139630424182,0.31599658849400114,5.320800433322407,[],COLD,0.1,20.0,103.87470908709865,-0.35060229632953654,42.13092185586803,35.40256073349702,42.284279260848365,56.16578246963416,51.937354543549326,0.0,4.228427926084836,268,False,
0.8467150129117097,0.14496172907324548,3.271706989646681,14.110426016027844,"[{""power_percent"": 25, ""duration_minutes"": 36.42368517116746}, {""power_percent"": 50, ""duration_minutes"": 36.42368517116746}]",COLD,0.1,20.0,288.73573658348016,3.1253483155687145,16.824781612000347,31.897533617902255,36.89923458146491,168.05779174988658,144.36786829174008,20.0,3.6899234581464913,269,False,
1.223723426045599,0.601940881384164,5.322736581085082,38.04544385780326,"[{""power_percent"": 25, ""duration_minutes"": 52.25530443114813}, {""power_percent"": 50, ""duration_minutes"": 52.25530443114813}, {""power_percent"": 75, ""duration_minutes"": 52.25530443114813}]",HOT,2.0,200.0,289.2562633848703,5.446826220483521,12.398938595783772,33.1657863399768,46.03881762768328,179.2320134552035,144.62813169243515,30.0,4.603881762768328,270,False,
2.989762617351385,0.6616618046239552,1.2953107974349194,43.159545438375076,[],COLD,0.1,20.0,97.61907091380981,1.1246775653711145,49.89762617351385,40.3305632503573,47.2332360924791,53.53285906615282,48.809535456904904,0.0,4.7233236092479105,271,False,
0.9624050642251338,0.7239524457094807,5.796604495632804,41.189909853004686,"[{""power_percent"": 25, ""duration_minutes"": 4.53546104086152}]",WARM,0.7,120.0,187.2519629787413,5.731783213222688,25.397277590208265,46.74457450855353,48.47904891418961,108.47388638078961,93.62598148937064,10.0,4.8479048914189615,272,False,
0.5253496567965008,0.5619130968983569,0.8652148859102375,31.57937953245031,"[{""power_percent"": 25, ""duration_minutes"": 45.56554662444094}, {""power_percent"": 50, ""duration_minutes"": 45.56554662444094}, {""power_percent"": 75, ""duration_minutes"": 45.56554662444094}]",WARM,0.7,120.0,446.1945766851434,0.9323738167064023,6.418664574298867,26.972487738401078,45.23826193796714,257.6211145363684,223.0972883425717,30.0,4.523826193796714,273,False,
2.811467990203253,0.10925674875599958,3.650378579676243,28.486041872622046,"[{""power_percent"": 25, ""duration_minutes"": 22.9645067572013}]",WARM,0.7,120.0,99.36322979945041,3.453800618061047,42.96645456417247,34.522902941708445,36.18513497511999,63.3001283972372,49.681614899725204,10.0,3.6185134975119997,274,False,
0.5915381036039145,0.9350127822410508,5.052975804709472,10.45578386230397,"[{""power_percent"": 25, ""duration_minutes"": 3.0225832256690133}, {""power_percent"": 50, ""duration_minutes"": 3.0225832256690133}, {""power_percent"": 75, ""duration_minutes"": 3.0225832256690133}]",WARM,0.7,120.0,280.2807110942147,4.8631167334161445,13.46199355218879,43.65407250600134,52.70025564482101,175.41038111158946,140.14035554710736,30.0,5.2700255644821015,275,False,
2.3010062622047602,0.7287940177735541,3.8719215933227975,9.563803800885923,[],HOT,2.0,200.0,66.55801196770724,3.5652641656399227,43.0100626220476,42.489371399928245,48.575880355471085,38.13659401940073,33.27900598385362,0.0,4.857588035547109,276,False,
0.6033120085926342,0.8644631646388891,5.895167110468692,9.301538500928778,"[{""power_percent"": 25, ""duration_minutes"": 50.77264194099797}, {""power_percent"": 50, ""duration_minutes"": 50.77264194099797}]",HOT,2.0,200.0,351.46331767289666,5.796389145012554,12.955855891826545,41.11753368014418,51.28926329277778,200.86058516572612,175.73165883644833,20.0,5.128926329277778,277,False,
0.5631933509556901,0.4515139022621325,2.746861649921278,40.89262657727267,"[{""power_percent"": 25, ""duration_minutes"": 17.443610828905825}, {""power_percent"": 50, ""duration_minutes"": 17.443610828905825}, {""power_percent"": 75, ""duration_minutes"": 17.443610828905825}]",WARM,0.7,120.0,345.43699207856815,2.784020507833404,11.015391885221028,31.941965152386626,43.03027804524265,207.02152384380835,172.71849603928408,30.0,4.303027804524265,278,False,
1.5553335593996247,0.34230023586367186,6.269596890177032,45.796932334895686,"[{""power_percent"": 25, ""duration_minutes"": 30.001662511683087}]",COLD,0.1,20.0,174.6830771013325,6.222166804322103,30.05325246841209,43.546746735367634,40.84600471727344,101.42613902239358,87.34153855066624,10.0,4.084600471727344,279,False,
0.7739047509720081,0.674159617018647,1.2732043788470941,23.650933353932306,"[{""power_percent"": 25, ""duration_minutes"": 43.67903097289201}, {""power_percent"": 50, ""duration_minutes"": 43.67903097289201}, {""power_percent"": 75, ""duration_minutes"": 43.67903097289201}]",WARM,0.7,120.0,346.45467445692816,1.2771908818504836,9.18719286378628,29.30521137435767,47.48319234037294,207.97565646250138,173.22733722846408,30.0,4.748319234037294,280,False,
0.6303991150990318,0.8489886562494313,5.062076167050303,21.80211825578025,"[{""power_percent"": 25, ""duration_minutes"": 42.518312481740544}]",HOT,2.0,200.0,285.5034444009164,4.958191224462762,20.17807552690329,43.036466834641566,50.979773124988625,157.84969951295707,142.7517222004582,10.0,5.0979773124988625,281,False,
2.171163767334219,0.9791699805489272,2.4421872837897225,10.173599519023487,[],COLD,0.1,20.0,106.63945237766647,2.106382330210495,41.71163767334219,46.434414334166576,53.583399610978546,58.67806614993109,53.319726188833236,0.0,5.358339961097855,282,False,
0.6549085583616852,0.16394498668165058,3.4847559885528643,33.8208175408163,"[{""power_percent"": 25, ""duration_minutes"": 58.462558067445045}]",HOT,2.0,200.0,296.14841211910476,3.4679471095307397,19.625957680244596,31.182975075262185,37.27889973363301,161.80209603291567,148.07420605955238,10.0,3.7278899733633013,283,False,
1.6673155363914012,0.29639432539898064,1.724031226772905,45.93582042832558,"[{""power_percent"": 25, ""duration_minutes"": 57.36626431979741}, {""power_percent"": 50, ""duration_minutes"": 57.36626431979741}]",HOT,2.0,200.0,216.97824943908216,1.8156860565267976,22.936528931934273,26.666693592054113,39.927886507979615,132.48191337033904,108.48912471954108,20.0,3.9927886507979617,284,False,
0.8587190134766782,0.6405272827159493,5.804183586701252,43.627455830803726,"[{""power_percent"": 25, ""duration_minutes"": 33.08517440751859}, {""power_percent"": 50, ""duration_minutes"": 33.08517440751859}, {""power_percent"": 75, ""duration_minutes"": 33.08517440751859}]",WARM,0.7,120.0,301.5225520398775,5.892855084369561,11.624413973638994,38.91702886931723,46.810545654318986,185.44233058537066,150.76127601993875,30.0,4.681054565431899,285,False,
0.5571857381709973,0.7450914454269036,0.16058690550124596,40.64227139085737,"[{""power_percent"": 25, ""duration_minutes"": 42.81720691610648}, {""power_percent"": 50, ""duration_minutes"": 42.81720691610648}, {""power_percent"": 75, ""duration_minutes"": 42.81720691610648}]",HOT,2.0,200.0,408.3543513897114,-0.0013952749321303748,7.149276344293999,32.766374911670766,48.90182890853807,239.06735858570948,204.1771756948557,30.0,4.890182890853808,286,False,
1.284935110210817,0.19773240957635962,6.326496938601537,31.158089124295238,"[{""power_percent"": 25, ""duration_minutes"": 58.34617668516135}, {""power_percent"": 50, ""duration_minutes"": 58.34617668516135}, {""power_percent"": 75, ""duration_minutes"": 58.34617668516135}]",WARM,0.7,120.0,315.6233692955641,6.399086598994357,12.097424599333971,32.37462689045486,37.95464819152719,191.60714946693477,157.81168464778204,30.0,3.7954648191527194,287,False,
0.8389486964666051,0.5591591093954767,6.276423515840151,23.578347846830646,"[{""power_percent"": 25, ""duration_minutes"": 9.237687190002259}, {""power_percent"": 50, ""duration_minutes"": 9.237687190002259}]",COLD,0.1,20.0,238.84407876446565,6.132811029442475,19.465718245665826,44.508495113025894,45.18318218790954,143.94035760102378,119.42203938223282,20.0,4.518318218790954,288,False,
1.182366610527898,0.6744796341799457,3.9289652851010595,43.56214104235857,"[{""power_percent"": 25, ""duration_minutes"": 36.84657284828714}]",WARM,0.7,120.0,191.27942010757099,3.9018900397823826,25.981337462864623,41.446288994912855,47.489592683598914,110.38866932214539,95.63971005378549,10.0,4.748959268359892,289,False,
1.6673155363914012,0.3055058600658531,0.6469126446420546,44.923038696739084,"[{""power_percent"": 25, ""duration_minutes"": 57.923049430082806}, {""power_percent"": 50, ""duration_minutes"": 57.923049430082806}]",HOT,2.0,200.0,217.78798514017703,0.6336043542269986,22.88085042090573,28.896862065701164,40.11011720131706,132.90500429022023,108.89399257008851,20.0,4.011011720131706,290,False,
2.5805235274694853,0.41902973537885174,6.006319497277414,35.167922160865686,"[{""power_percent"": 25, ""duration_minutes"": 53.61293298557009}, {""power_percent"": 50, ""duration_minutes"": 53.61293298557009}]",HOT,2.0,200.0,174.4039823602939,5.989331955114968,32.44394197613784,35.824219839966844,42.38059470757703,111.44005065090465,87.20199118014695,20.0,4.238059470757704,291,False,
0.7155130607790384,0.5203605652857151,2.746861649921278,46.93765894554747,"[{""power_percent"": 25, ""duration_minutes"": 17.323078755886307}, {""power_percent"": 50, ""duration_minutes"": 17.323078755886307}]",WARM,0.7,120.0,272.8672342886131,2.7765132386751743,17.42282273220175,35.29866535791796,44.4072113057143,160.87433827487797,136.43361714430654,20.0,4.44072113057143,292,False,
2.9262159460956827,0.2683994041261049,4.160368774043405,11.80103275190652,"[{""power_percent"": 25, ""duration_minutes"": 10.448897540420536}, {""power_percent"": 50, ""duration_minutes"": 10.448897540420536}, {""power_percent"": 75, ""duration_minutes"": 10.448897540420536}]",HOT,2.0,200.0,84.64774422501237,3.933473025332279,35.69482482989374,30.601129618962222,39.367988082522096,76.2606709207584,42.32387211250619,30.0,3.9367988082522096,293,False,
1.2760853124435563,0.6030332459544367,1.7577685549530138,31.158089124295238,"[{""power_percent"": 25, ""duration_minutes"": 58.489214486400535}, {""power_percent"": 50, ""duration_minutes"": 58.489214486400535}, {""power_percent"": 75, ""duration_minutes"": 58.489214486400535}]",WARM,0.7,120.0,316.8620700226752,1.8311413206602447,11.987470951475482,28.08790675758322,46.06066491908874,193.03710150324648,158.4310350113376,30.0,4.606066491908874,294,False,
0.770528363294688,0.6928787853667413,5.653954006076086,46.78904619208127,[],WARM,0.7,120.0,223.2083277079151,5.605867148696785,27.70528363294688,48.22245343655307,47.857575707334824,116.38992142469102,111.60416385395754,0.0,4.785757570733483,295,False,
2.0638648093025265,0.9268461719412334,6.8360223538252125,20.23451833944283,"[{""power_percent"": 25, ""duration_minutes"": 43.11956399588499}]",COLD,0.1,20.0,156.36909854273085,6.627994435485652,34.48266989323102,51.30061185106868,52.536923438824665,93.43824161524789,78.18454927136543,10.0,5.2536923438824665,296,False,
0.8314104791270598,0.7997328397044794,5.46925931476564,11.937539297627872,"[{""power_percent"": 25, ""duration_minutes"": 33.40542844381491}, {""power_percent"": 50, ""duration_minutes"": 33.40542844381491}]",COLD,0.1,20.0,285.3084157597895,5.304438988273954,16.973561946889106,44.330986999356135,49.994656794089586,167.6536735593037,142.65420787989476,20.0,4.999465679408959,297,False,
1.3067442085222043,0.9831335958447678,1.3153973086093562,43.43927209556893,"[{""power_percent"": 25, ""duration_minutes"": 48.821865217583635}, {""power_percent"": 50, ""duration_minutes"": 48.821865217583635}]",HOT,2.0,200.0,223.96461847176676,1.3894069032770489,20.185255563463677,36.237496619863485,53.662671916895356,137.3485764275729,111.98230923588338,20.0,5.366267191689536,298,False,
0.5971400730796315,0.6020239723351001,4.400088469458821,41.43322914266347,"[{""power_percent"": 25, ""duration_minutes"": 55.55845951745816}, {""power_percent"": 50, ""duration_minutes"": 55.55845951745816}, {""power_percent"": 75, ""duration_minutes"": 55.55845951745816}]",HOT,2.0,200.0,428.802690703069,4.57947761994399,5.637631803177591,31.024203250367616,46.040479446702,249.00539329620472,214.4013453515345,30.0,4.6040479446702,299,False,
0.6299137922166828,0.29036777511416934,5.052975804709472,10.45578386230397,"[{""power_percent"": 25, ""duration_minutes"": 2.4441420065236343}, {""power_percent"": 50, ""duration_minutes"": 2.4441420065236343}, {""power_percent"": 75, ""duration_minutes"": 2.4441420065236343}]",WARM,0.7,120.0,263.0969841493169,4.859846382214198,13.932516621188283,35.97039213020185,39.807355502283386,165.52922762488677,131.54849207465844,30.0,3.9807355502283386,300,False,
1.5395795776210348,0.808750141045936,6.302898715277754,11.538751859353894,[],COLD,0.1,20.0,135.39082128134302,6.000548043329036,35.39579577621035,52.110799123106744,50.17500282091872,72.71291092276338,67.69541064067151,0.0,5.017500282091873,301,False,
0.7798928935753118,0.6343500847548397,1.3819692887218098,43.72671573582053,"[{""power_percent"": 25, ""duration_minutes"": 40.51848067448093}, {""power_percent"": 50, ""duration_minutes"": 40.51848067448093}, {""power_percent"": 75, ""duration_minutes"": 40.51848067448093}]",WARM,0.7,120.0,341.5075595879084,1.4966893094171634,9.721156834580977,29.32947633379841,46.68700169509679,205.4224799634639,170.7537797939542,30.0,4.6687001695096795,302,False,
2.7539292844889864,0.7354934996751016,3.761541979019397,30.675109045312503,[],COLD,0.1,20.0,98.1701622365623,3.5254354619117128,47.539292844889864,46.14900595414001,48.70986999350203,53.956068117631354,49.08508111828115,0.0,4.870986999350204,303,False,
2.3449973964183193,0.7450914454269036,6.952203499765033,33.41206245202652,"[{""power_percent"": 25, ""duration_minutes"": 15.821991836052007}, {""power_percent"": 50, ""duration_minutes"": 15.821991836052007}, {""power_percent"": 75, ""duration_minutes"": 15.821991836052007}]",HOT,2.0,200.0,119.95555012461298,6.894341954128614,29.076675188775393,41.42152507940823,48.90182890853807,94.8679579531603,59.97777506230649,30.0,4.890182890853808,304,False,
1.5403479164222378,0.5056375128908841,2.5899997570348,44.36733147445118,"[{""power_percent"": 25, ""duration_minutes"": 1.9035546061931674}]",COLD,0.1,20.0,147.0943512504935,2.5064933838308106,31.308301433912717,38.990543030574415,44.11275025781768,87.95845065102851,73.54717562524675,10.0,4.4112750257817686,305,False,
0.8150434191641885,0.7864393886069142,0.2555405160805706,40.31919799290673,"[{""power_percent"": 25, ""duration_minutes"": 28.91389278813999}]",COLD,0.1,20.0,259.5489272393854,-0.09623213994041663,22.704739552234887,36.88093691179991,49.72878777213828,144.74734239690653,129.7744636196927,10.0,4.972878777213829,306,False,
0.9619786501596712,0.15405305333453567,6.302898715277754,34.168795903675246,"[{""power_percent"": 25, ""duration_minutes"": 10.578004610137057}, {""power_percent"": 50, ""duration_minutes"": 10.578004610137057}]",COLD,0.1,20.0,221.8352644685747,6.220588353913692,20.561986040583008,39.61975379396171,37.08106106669071,134.62573834095642,110.91763223428735,20.0,3.708106106669071,307,False,
2.646183892242071,0.5292092987070314,6.125140481489178,33.686618101065015,[],WARM,0.7,120.0,81.29138830037752,5.923412834405884,46.46183892242071,47.20079254746274,44.584185974140624,45.10411274760282,40.64569415018876,0.0,4.458418597414062,308,False,
1.2430462654300554,0.27561248540391187,4.589312792085307,43.61874204887282,"[{""power_percent"": 25, ""duration_minutes"": 37.25630109081115}, {""power_percent"": 50, ""duration_minutes"": 37.25630109081115}]",WARM,0.7,120.0,222.76951770918686,4.617815995942963,20.70483254521944,34.850597343568886,39.51224970807824,135.33598382540126,111.38475885459343,20.0,3.9512249708078238,309,False,
2.763436684381621,0.22481382402992872,4.250164692111316,13.927779987352567,"[{""power_percent"": 25, ""duration_minutes"": 23.76859061519724}, {""power_percent"": 50, ""duration_minutes"": 23.76859061519724}]",COLD,0.1,20.0,140.49575289145045,4.0007310858905605,37.257507782296486,35.57197983566994,38.496276480598574,94.09750409378508,70.24787644572523,20.0,3.8496276480598577,310,False,
2.5732837200890004,0.1535561173865763,5.951610137186741,40.68747297846299,"[{""power_percent"": 25, ""duration_minutes"": 42.051313521799635}, {""power_percent"": 50, ""duration_minutes"": 42.051313521799635}, {""power_percent"": 75, ""duration_minutes"": 42.051313521799635}]",WARM,0.7,120.0,211.15146174111973,5.980957566819357,27.425140172620058,32.56127546605043,37.071122347731524,139.28284310533303,105.57573087055987,30.0,3.7071122347731524,311,False,
2.4150307319743587,0.8578515728488334,3.83137766926126,19.455400264665442,"[{""power_percent"": 25, ""duration_minutes"": 57.06557952906445}]",HOT,2.0,200.0,123.51321045981278,3.656574421099343,37.297028343290364,40.24500682683659,51.15703145697667,76.87230837560406,61.75660522990639,10.0,5.115703145697667,312,False,
2.9900516793218004,0.17345938674169184,6.788314972280242,36.09737971057987,"[{""power_percent"": 25, ""duration_minutes"": 10.542863864741967}, {""power_percent"": 50, ""duration_minutes"": 10.542863864741967}, {""power_percent"": 75, ""duration_minutes"": 10.542863864741967}]",WARM,0.7,120.0,107.1241625096383,6.678925774965074,36.319087213506705,37.309284837634,37.46918773483384,87.30900002830253,53.56208125481915,30.0,3.746918773483384,313,False,
1.5314244100201906,0.845488825218187,3.2735542825488904,34.52107556256658,"[{""power_percent"": 25, ""duration_minutes"": 43.35626905031384}, {""power_percent"": 50, ""duration_minutes"": 43.35626905031384}]",COLD,0.1,20.0,229.51688812128137,3.23613629762411,22.97861719517052,39.89159832469719,50.90977650436374,139.84942171107707,114.75844406064068,20.0,5.090977650436375,314,False,
0.686456998455521,0.5591591093954767,6.440901802245544,14.299425194644638,"[{""power_percent"": 25, ""duration_minutes"": 9.594033549213577}, {""power_percent"": 50, ""duration_minutes"": 9.594033549213577}]",COLD,0.1,20.0,276.4912179057484,6.248428140573617,17.905166629633854,44.816070904284,45.18318218790954,162.76392717166516,138.2456089528742,20.0,4.518318218790954,315,False,
2.614706411929119,0.5121585588533009,6.251390118365908,31.57937953245031,"[{""power_percent"": 25, ""duration_minutes"": 45.57030920655014}, {""power_percent"": 50, ""duration_minutes"": 45.57030920655014}, {""power_percent"": 75, ""duration_minutes"": 45.57030920655014}]",WARM,0.7,120.0,218.05255888161946,6.234989066703093,27.311517738308666,37.14735511438192,44.24317117706602,143.45059655851634,109.02627944080973,30.0,4.424317117706602,316,False,
0.9593163699899763,0.8540939356598507,5.593023478637917,46.78904619208127,"[{""power_percent"": 25, ""duration_minutes"": 41.487767719481354}]",WARM,0.7,120.0,226.38582877434717,5.598872868710286,23.518775313925694,46.7905411536096,51.081878713197014,128.3011022584933,113.19291438717359,10.0,5.108187871319702,317,False,
2.9900516793218004,0.5892961865442463,6.511854819280453,35.88666886288857,[],WARM,0.7,120.0,75.432357661105,6.309572765284911,49.900516793218,48.69526387709186,45.785923730884925,42.29477120364099,37.7161788305525,0.0,4.578592373088493,318,False,
2.257469158589537,0.31942016053097266,4.263457249524137,41.21967471327147,"[{""power_percent"": 25, ""duration_minutes"": 12.07446990455766}, {""power_percent"": 50, ""duration_minutes"": 12.07446990455766}, {""power_percent"": 75, ""duration_minutes"": 12.07446990455766}]",COLD,0.1,20.0,149.5354026220733,4.2066999411738575,28.763521100211722,35.07325413400976,40.38840321061945,108.80654163209859,74.76770131103665,30.0,4.0388403210619455,319,False,
2.1479483704346904,0.5523610124659308,0.33833071294231876,47.589426658606804,[],WARM,0.7,120.0,98.61090877189963,-0.06005066192342806,41.479483704346904,37.35167072370653,45.04722024931861,53.810176410881674,49.305454385949815,0.0,4.504722024931861,320,False,
0.5842448216562002,0.8189800513973029,6.302898715277754,10.237950404205424,"[{""power_percent"": 25, ""duration_minutes"": 51.7092204747901}, {""power_percent"": 50, ""duration_minutes"": 51.7092204747901}]",COLD,0.1,20.0,397.7315111315402,6.174375065786318,12.671526169082991,45.131004818835734,50.37960102794606,223.9037156685647,198.8657555657701,20.0,5.037960102794607,321,False,
0.6080513381046194,0.7249980638490825,0.22185818936961382,27.645180830574944,[],WARM,0.7,120.0,269.4832506612729,-0.23459277917112134,26.080513381046195,39.65626038744976,48.49996127698165,139.59162145833463,134.74162533063645,0.0,4.849996127698166,322,False,
0.9587959961983445,0.7399872366265781,0.3612832946896184,35.10218722587002,"[{""power_percent"": 25, ""duration_minutes"": 50.86033745839393}, {""power_percent"": 50, ""duration_minutes"": 50.86033745839393}, {""power_percent"": 75, ""duration_minutes"": 50.86033745839393}]",WARM,0.7,120.0,334.0578787844901,0.1481255905720865,9.958909343224354,28.979849878884245,48.79974473253156,201.9089138654982,167.02893939224504,30.0,4.8799744732531565,323,False,
0.5984463448108314,0.1707853741055545,4.244386057777946,46.95706956213499,"[{""power_percent"": 25, ""duration_minutes"": 25.3496706050612}, {""power_percent"": 50, ""duration_minutes"": 25.3496706050612}, {""power_percent"": 75, ""duration_minutes"": 25.3496706050612}]",WARM,0.7,120.0,355.28516964538323,4.340239633173507,10.182012857349134,30.85672625036704,37.41570748211109,211.38415557090272,177.64258482269162,30.0,3.741570748211109,324,False,
2.9410250063139673,0.5734334662445368,3.7107029760031747,42.956592339634796,"[{""power_percent"": 25, ""duration_minutes"": 9.541030206785388}]",HOT,2.0,200.0,71.93063443445207,3.60834255999521,44.9331985528004,38.01637664073723,45.46866932489073,50.51218414971511,35.96531721722604,10.0,4.546866932489073,325,False,
1.6782284753631722,0.8553325341569448,5.949847454383798,20.363167470053497,"[{""power_percent"": 25, ""duration_minutes"": 55.835433513531314}, {""power_percent"": 50, ""duration_minutes"": 55.835433513531314}]",HOT,2.0,200.0,205.65978084397955,5.884568187216654,23.19874140227859,40.81355930783906,51.106650683138895,127.94055549030367,102.82989042198977,20.0,5.11066506831389,326,False,
1.5403479164222378,0.5056375128908841,2.564414301753465,44.3363089101361,"[{""power_percent"": 25, ""duration_minutes"": 1.9035546061931674}, {""power_percent"": 50, ""duration_minutes"": 1.9035546061931674}, {""power_percent"": 75, ""duration_minutes"": 1.9035546061931674}]",COLD,0.1,20.0,150.89215369358533,2.524528902375972,23.1179459732934,34.82515884364015,44.11275025781768,109.85735187257443,75.44607684679266,30.0,4.4112750257817686,327,False,
1.1588415826007081,0.6042145108390806,3.295399645402516,13.448761314840453,"[{""power_percent"": 25, ""duration_minutes"": 37.729026379557475}, {""power_percent"": 50, ""duration_minutes"": 37.729026379557475}]",WARM,0.7,120.0,223.43228899311782,3.1471966027466456,19.81551318805133,36.17763183810055,46.08429021678161,136.32457351823706,111.71614449655891,20.0,4.608429021678162,328,False,
2.8492740748503502,0.1707111428510313,3.430737086243065,33.920868895331424,"[{""power_percent"": 25, ""duration_minutes"": 36.76959092009536}, {""power_percent"": 50, ""duration_minutes"": 36.76959092009536}]",COLD,0.1,20.0,170.8604306915708,3.3238305184612305,36.81578165649397,32.50383243149278,37.414222857020626,109.17163763148746,85.4302153457854,20.0,3.741422285702063,329,False,
0.5775981636889598,0.8605412136090465,1.2628272379029684,23.650933353932306,"[{""power_percent"": 25, ""duration_minutes"": 43.598779836117544}, {""power_percent"": 50, ""duration_minutes"": 43.598779836117544}, {""power_percent"": 75, ""duration_minutes"": 43.598779836117544}]",WARM,0.7,120.0,412.0877360014537,1.2744252509873564,7.236164661471966,31.528258853863917,51.21082427218093,241.16495042794494,206.04386800072686,30.0,5.121082427218093,330,False,
1.2588654186255952,0.12975772897905713,5.034718340351567,43.43927209556893,[],WARM,0.7,120.0,146.68669507745466,4.946999356179956,32.58865418625595,40.22652942845182,36.59515457958114,77.00286299668544,73.34334753872733,0.0,3.6595154579581144,331,False,
0.748839517998532,0.18941065807097113,1.6599272133039908,7.049002729658767,"[{""power_percent"": 25, ""duration_minutes"": 42.57794543968954}, {""power_percent"": 50, ""duration_minutes"": 42.57794543968954}]",COLD,0.1,20.0,322.080533140622,1.487423539841381,15.230600636016362,28.83810559707826,37.78821316141942,184.81908788645293,161.040266570311,20.0,3.778821316141942,332,False,
0.9141259248888041,0.5391754589176861,5.75781086494609,43.699351598747924,"[{""power_percent"": 25, ""duration_minutes"": 41.93352133525381}]",WARM,0.7,120.0,233.63450497312402,5.747375458878277,23.04458318212535,43.32772159684681,44.783509178353725,131.29560340439738,116.81725248656201,10.0,4.478350917835373,333,False,
0.5253496567965008,0.5619130968983569,6.486270690427126,31.57937953245031,"[{""power_percent"": 25, ""duration_minutes"": 45.56554662444094}, {""power_percent"": 50, ""duration_minutes"": 45.56554662444094}, {""power_percent"": 75, ""duration_minutes"": 45.56554662444094}]",WARM,0.7,120.0,446.1945766851434,6.553429621223289,6.418664574298867,38.214599347434856,45.23826193796714,257.6211145363684,223.0972883425717,30.0,4.523826193796714,334,False,
1.5943427533732122,0.15060316580092084,1.6408559467433017,45.9886930620467,"[{""power_percent"": 25, ""duration_minutes"": 30.773729562584997}]",COLD,0.1,20.0,173.1529929720834,1.5937881245432386,30.40474105560287,31.965737996220103,37.01206331601841,100.27770281764354,86.5764964860417,10.0,3.7012063316018415,335,False,
1.182366610527898,0.6744796341799457,4.071973321781602,14.827090316781518,"[{""power_percent"": 25, ""duration_minutes"": 45.47321257728153}]",WARM,0.7,120.0,191.2855446188923,3.881114411838457,25.550005476414906,41.47350587640411,47.489592683598914,110.39173157780604,95.64277230944614,10.0,4.748959268359892,336,False,
0.7024694556986258,0.9350127822410508,5.052975804709472,10.45578386230397,"[{""power_percent"": 25, ""duration_minutes"": 3.0225832256690133}, {""power_percent"": 50, ""duration_minutes"": 3.0225832256690133}, {""power_percent"": 75, ""duration_minutes"": 3.0225832256690133}]",WARM,0.7,120.0,240.2369007765746,4.858679479332356,14.571307073135905,43.65407250600134,52.70025564482101,155.3884759527694,120.1184503882873,30.0,5.2700255644821015,337,False,
1.284935110210817,0.19773240957635962,6.326496938601537,31.158089124295238,"[{""power_percent"": 25, ""duration_minutes"": 58.73597083238629}, {""power_percent"": 50, ""duration_minutes"": 58.73597083238629}, {""power_percent"": 75, ""duration_minutes"": 58.73597083238629}]",WARM,0.7,120.0,316.7927517372389,6.400255981436032,12.038955477250228,32.33954541720462,37.95464819152719,192.19184068777218,158.39637586861946,30.0,3.7954648191527194,338,False,
2.171163767334219,0.9791699805489272,2.4407753234957617,34.318185751015164,"[{""power_percent"": 25, ""duration_minutes"": 10.140652693649482}]",WARM,0.7,120.0,104.02348094091346,2.291978540002134,37.204605038659714,42.927370832769164,53.583399610978546,67.37008043155458,52.01174047045673,10.0,5.358339961097855,339,False,
2.0671825585717967,0.4142139630424182,0.2301885895384868,5.320800433322407,[],COLD,0.1,20.0,108.65877186093104,-0.4305739102044507,40.67182558571797,35.23094473558599,42.284279260848365,58.557813856550354,54.32938593046552,0.0,4.228427926084836,340,False,
0.587805339582991,0.8906227712038945,5.829622216705594,41.37299448629364,"[{""power_percent"": 25, ""duration_minutes"": 50.20953102308677}]",WARM,0.7,120.0,332.3079509926387,5.826557501063122,19.36757684467557,47.44043175716532,51.81245542407789,181.33522103872716,166.15397549631936,10.0,5.1812455424077895,341,False,
0.8175795028440853,0.22615432233610755,6.18946413548483,33.1058444729554,"[{""power_percent"": 25, ""duration_minutes"": 56.272940786441275}, {""power_percent"": 50, ""duration_minutes"": 56.272940786441275}, {""power_percent"": 75, ""duration_minutes"": 56.272940786441275}]",WARM,0.7,120.0,376.7189717143201,6.286214844568121,7.73485391047466,32.62821546822323,38.52308644672215,222.21179450183226,188.35948585716005,30.0,3.852308644672215,342,False,
2.235405633718785,0.13086149264795843,4.929296874577748,30.177996631070677,[],WARM,0.7,120.0,90.65531451525749,4.722948629015419,42.35405633718785,40.02893166093099,36.61722985295917,48.98938024292466,45.32765725762874,0.0,3.661722985295917,343,False,
0.660745239312966,0.14726414684774009,3.430737086243065,14.331980805721138,"[{""power_percent"": 25, ""duration_minutes"": 38.49066389833531}, {""power_percent"": 50, ""duration_minutes"": 38.49066389833531}]",HOT,2.0,200.0,306.79731364488265,3.3352804893015437,14.758386003296128,28.319204100758892,36.9452829369548,177.0931851161368,153.39865682244132,20.0,3.69452829369548,344,False,
0.8849729985286322,0.29884049183356864,1.8370206672396732,45.93582042832558,"[{""power_percent"": 25, ""duration_minutes"": 2.878260631928789}, {""power_percent"": 50, ""duration_minutes"": 2.878260631928789}]",WARM,0.7,120.0,203.5339641835477,1.8249931911323392,20.561903922093443,31.687431598566445,39.97680983667137,125.76466307544099,101.76698209177385,20.0,3.9976809836671374,345,False,
2.8747926251999885,0.18667383865015258,2.896335952335228,33.822881582172464,[],COLD,0.1,20.0,96.82454111300233,2.6742815368202635,48.747926251999885,37.832757968472286,37.73347677300305,52.18561823380147,48.41227055650116,0.0,3.773347677300305,346,False,
1.223723426045599,0.6282863562804749,5.322736581085082,37.97014937603006,"[{""power_percent"": 25, ""duration_minutes"": 23.31304331202417}, {""power_percent"": 50, ""duration_minutes"": 23.31304331202417}, {""power_percent"": 75, ""duration_minutes"": 23.31304331202417}]",WARM,0.7,120.0,218.40689168296646,5.333547670235509,16.740277763652365,38.68673553945369,46.5657271256095,143.8600185540442,109.20344584148323,30.0,4.65657271256095,347,False,
1.6302306147958112,0.9485696290456248,0.6469126446420546,44.923038696739084,"[{""power_percent"": 25, ""duration_minutes"": 47.53228683471532}, {""power_percent"": 50, ""duration_minutes"": 47.53228683471532}]",HOT,2.0,200.0,199.05300723038658,0.6143062259000872,23.54907746448658,37.237073049180474,52.97139258091249,124.82364287328454,99.52650361519329,20.0,5.297139258091249,348,False,
2.6929235218398633,0.1557876598500581,3.7792091031399444,33.95604047953529,[],HOT,2.0,200.0,64.38835687154628,3.6032284051435615,46.92923521839863,35.427870124480584,37.11575319700116,35.905753755473256,32.19417843577314,0.0,3.7115753197001164,349,False,
2.9265271930286794,0.635264876940738,4.133970881082054,42.75962933175784,"[{""power_percent"": 25, ""duration_minutes"": 7.720329485358919}, {""power_percent"": 50, ""duration_minutes"": 7.720329485358919}, {""power_percent"": 75, ""duration_minutes"": 7.720329485358919}]",HOT,2.0,200.0,85.74416726531837,4.08462855780753,36.10722250748296,35.19629063177066,46.70529753881476,77.54261338654067,42.872083632659184,30.0,4.6705297538814765,350,False,
1.552292043293195,0.1081789162113343,6.307274395924969,14.419530462507467,"[{""power_percent"": 25, ""duration_minutes"": 30.773729562584997}]",HOT,2.0,200.0,130.23088991046686,6.11047362653087,29.984233954802704,36.9894838995084,36.163578324226684,78.7318027876561,65.11544495523343,10.0,3.6163578324226684,351,False,
0.5713889304520052,0.31942016053097266,0.11371857272318264,36.800916145726326,"[{""power_percent"": 25, ""duration_minutes"": 38.236047522904826}, {""power_percent"": 50, ""duration_minutes"": 38.236047522904826}]",WARM,0.7,120.0,364.5305812264892,-0.16985939257472996,13.89028455222957,28.711441929551015,40.38840321061945,206.30413093430653,182.2652906132446,20.0,4.0388403210619455,352,False,
2.7080592579910094,0.42938186212348295,2.9164224510235046,43.43927209556893,"[{""power_percent"": 25, ""duration_minutes"": 47.76644232547667}, {""power_percent"": 50, ""duration_minutes"": 47.76644232547667}]",HOT,2.0,200.0,162.4548869911451,2.932268597928231,34.30394834736243,30.119440708000205,42.587637242469654,105.4862072198195,81.22744349557254,20.0,4.258763724246966,353,False,
1.0122587131235619,0.32721248758172017,6.422198824441109,46.153261370729304,"[{""power_percent"": 25, ""duration_minutes"": 29.95463119999829}, {""power_percent"": 50, ""duration_minutes"": 29.95463119999829}, {""power_percent"": 75, ""duration_minutes"": 29.95463119999829}]",WARM,0.7,120.0,266.3933334675639,6.510491937740536,13.629392451235876,36.675030691863014,40.5442497516344,167.25109170894538,133.19666673378194,30.0,4.054424975163441,354,False,
1.1133197409555387,0.8406727006291099,3.977025937343693,37.11657971254535,"[{""power_percent"": 25, ""duration_minutes"": 7.838905368727263}, {""power_percent"": 50, ""duration_minutes"": 7.838905368727263}]",COLD,0.1,20.0,196.04496848122747,3.9008704367181983,22.34930687268266,43.37178996011307,50.8134540125822,123.10382964187195,98.02248424061374,20.0,5.08134540125822,355,False,
0.7766649473679407,0.6436330324140649,6.949600697950663,43.627455830803726,"[{""power_percent"": 25, ""duration_minutes"": 34.23078023144939}, {""power_percent"": 50, ""duration_minutes"": 34.23078023144939}, {""power_percent"": 75, ""duration_minutes"": 34.23078023144939}]",WARM,0.7,120.0,323.4140521914053,7.044991175735115,10.632032438962,41.14202756403966,46.8726606482813,196.39429216053077,161.70702609570264,30.0,4.68726606482813,356,False,
0.6549085583616852,0.7444606043527249,6.8700050946523685,30.60945291955197,"[{""power_percent"": 25, ""duration_minutes"": 46.12521103103546}]",HOT,2.0,200.0,282.8476556963159,6.821590680866247,20.242825032065078,45.28978111060637,48.889212087054496,156.3127490568634,141.42382784815794,10.0,4.88892120870545,357,False,
2.303992703424143,0.35493037386757537,5.1620300014100104,41.73436243594142,"[{""power_percent"": 25, ""duration_minutes"": 11.892834147445692}, {""power_percent"": 50, ""duration_minutes"": 11.892834147445692}, {""power_percent"": 75, ""duration_minutes"": 11.892834147445692}]",WARM,0.7,120.0,127.80318401990557,5.117954970331029,29.256001912124574,36.11286941596081,41.09860747735151,98.01145275768793,63.901592009952786,30.0,4.1098607477351505,358,False,
1.1961336189911993,0.5891581317213013,2.9398059917990964,33.9429751377742,"[{""power_percent"": 25, ""duration_minutes"": 52.32623899286908}, {""power_percent"": 50, ""duration_minutes"": 52.32623899286908}, {""power_percent"": 75, ""duration_minutes"": 52.32623899286908}]",WARM,0.7,120.0,307.0656593839569,3.014597214844701,12.112400340981631,30.840148054895593,45.78316263442603,188.11114595542108,153.53282969197846,30.0,4.578316263442603,359,False,
1.5640619148444916,0.7262749790513137,5.990390107762786,9.563803800885923,[],HOT,2.0,200.0,97.27327292453334,5.713210453974321,35.64061914844491,46.69607996414133,48.525499581026274,53.4891864203693,48.63663646226667,0.0,4.852549958102628,360,False,
0.7739047509720081,0.6560388839231586,1.197421232128196,23.650933353932306,[],WARM,0.7,120.0,215.41758153825214,1.0103706422129095,27.73904750972008,38.8673090713343,47.12077767846317,112.42086853697239,107.70879076912607,0.0,4.712077767846317,361,False,
1.157082724007164,0.5922197265291598,6.324580831788085,13.777158221226914,[],WARM,0.7,120.0,148.2695138970463,6.062960472155158,31.57082724007164,48.355798381926085,45.844394530583195,78.71919640158147,74.13475694852315,0.0,4.5844394530583195,362,False,
0.8467150129117097,0.14496172907324548,3.235934765042379,23.38934867317514,"[{""power_percent"": 25, ""duration_minutes"": 36.06744190272021}, {""power_percent"": 50, ""duration_minutes"": 36.06744190272021}]",COLD,0.1,20.0,290.80692684372985,3.144537140370402,16.860405938845073,31.847363764800487,36.89923458146491,169.09338688001142,145.40346342186493,20.0,3.6899234581464913,363,False,
0.5759224174233213,0.9508824538279805,0.8285946357898588,49.03743226734875,"[{""power_percent"": 25, ""duration_minutes"": 24.961947193536737}, {""power_percent"": 50, ""duration_minutes"": 24.961947193536737}, {""power_percent"": 75, ""duration_minutes"": 24.961947193536737}]",WARM,0.7,120.0,364.548818687318,0.9366681742776286,10.014932095202703,33.42120347009718,53.01764907655961,217.57617425131494,182.274409343659,30.0,5.301764907655961,364,False,
2.118422016002693,0.9736639972352589,6.874644716031072,37.61857404650692,[],WARM,0.7,120.0,96.59299342978659,6.7176192796700045,41.18422016002693,54.03325739888525,53.473279944705176,53.64382470936381,48.296496714893294,0.0,5.347327994470518,365,False,
0.6886878866683614,0.17057062697530637,1.8452653330369704,33.3165553206467,"[{""power_percent"": 25, ""duration_minutes"": 56.184117986778276}, {""power_percent"": 50, ""duration_minutes"": 56.184117986778276}]",WARM,0.7,120.0,354.66868877577224,1.871985385467673,13.268467068005785,26.96633111057092,37.411412539506124,201.07548564183674,177.33434438788612,20.0,3.7411412539506124,366,False,
1.0573731279228205,0.8426299798478479,6.302898715277754,34.168795903675246,"[{""power_percent"": 25, ""duration_minutes"": 43.35626905031384}, {""power_percent"": 50, ""duration_minutes"": 43.35626905031384}]",WARM,0.7,120.0,253.32416807610366,6.29432910368352,18.238104374196823,44.71598104571085,50.852599596956956,151.74734399774752,126.66208403805183,20.0,5.085259959695696,367,False,
0.6354263843178499,0.4142139630424182,2.646599012759725,5.320800433322407,"[{""power_percent"": 25, ""duration_minutes"": 18.27825653842348}, {""power_percent"": 50, ""duration_minutes"": 18.27825653842348}]",COLD,0.1,20.0,308.7147167984715,2.4196632730637924,16.526438189336147,34.96707018972306,42.284279260848365,178.58578632532058,154.35735839923575,20.0,4.228427926084836,368,False,
0.9828393674065579,0.8994752608673336,5.829622216705594,35.397603974879196,"[{""power_percent"": 25, ""duration_minutes"": 5.895650892802982}, {""power_percent"": 50, ""duration_minutes"": 5.895650892802982}, {""power_percent"": 75, ""duration_minutes"": 5.895650892802982}]",WARM,0.7,120.0,195.42527313036902,5.782381218537015,16.944046040145132,44.52233898346693,51.989505217346675,132.91158708691918,97.71263656518451,30.0,5.198950521734668,369,False,
2.5667997079704956,0.5364356299303419,0.7802047974259542,32.83256795363982,"[{""power_percent"": 25, ""duration_minutes"": 26.768998992534}, {""power_percent"": 50, ""duration_minutes"": 26.768998992534}, {""power_percent"": 75, ""duration_minutes"": 26.768998992534}]",WARM,0.7,120.0,163.0952966864985,0.7168352138065752,29.652647230824854,28.188427244687947,44.72871259860683,116.02051960310993,81.54764834324925,30.0,4.472871259860684,370,False,
2.6929235218398633,0.9595248077149885,3.761541979019397,30.526996222333356,[],HOT,2.0,200.0,63.359643594385695,3.5649870154798027,46.92923521839863,45.037381650618656,53.190496154299765,36.998871412622826,31.679821797192847,0.0,5.319049615429977,371,False,
1.035130495964782,0.6245532379255725,2.9398059917990964,33.9429751377742,"[{""power_percent"": 25, ""duration_minutes"": 52.2819205038669}, {""power_percent"": 50, ""duration_minutes"": 52.2819205038669}, {""power_percent"": 75, ""duration_minutes"": 52.2819205038669}]",WARM,0.7,120.0,326.43791968150873,3.020904384298751,10.509016884067783,31.26887799335704,46.49106475851145,197.8680663166055,163.21895984075437,30.0,4.649106475851145,372,False,
2.558333645846537,0.2627503812280293,6.2894237326678315,37.61697112968065,"[{""power_percent"": 25, ""duration_minutes"": 42.09563209189655}, {""power_percent"": 50, ""duration_minutes"": 42.09563209189655}, {""power_percent"": 75, ""duration_minutes"": 42.09563209189655}]",WARM,0.7,120.0,210.70390227651666,6.301079109887742,27.268991644680884,34.54324515180132,39.255007624560584,139.2774519007144,105.35195113825833,30.0,3.9255007624560587,373,False,
2.3497058884554147,0.31942016053097266,6.732973219360748,35.89314888678329,[],WARM,0.7,120.0,89.1057214435375,6.55634387714323,43.49705888455415,45.89898836509317,40.38840321061945,48.5917010428307,44.55286072176875,0.0,4.0388403210619455,374,False,
0.7739047509720081,0.6505096889788813,1.7593088291806422,24.73672017205123,"[{""power_percent"": 25, ""duration_minutes"": 10.90053576725736}]",WARM,0.7,120.0,226.6438533509452,1.6096734959413268,23.194020721357212,37.59771785309014,47.01019377957763,128.02294605343036,113.3219266754726,10.0,4.7010193779577625,375,False,
0.832652327293433,0.7905969155148528,5.46925931476564,13.169639233381742,[],COLD,0.1,20.0,218.5981093819325,5.204971057074193,28.32652327293433,50.22568161570952,49.81193831029705,114.28024852199594,109.29905469096624,0.0,4.981193831029706,376,False,
0.5363678079876939,0.1492848398014741,1.2953107974349194,14.050600096372673,[],HOT,2.0,200.0,282.3740219022882,1.0861596856936477,25.36367807987694,33.20079648274785,36.98569679602948,144.88558063074703,141.1870109511441,0.0,3.698569679602948,377,False,
0.8698259412195224,0.6730960616485289,0.7905819383747144,32.83256795363982,"[{""power_percent"": 25, ""duration_minutes"": 41.71506311144424}, {""power_percent"": 50, ""duration_minutes"": 41.71506311144424}, {""power_percent"": 75, ""duration_minutes"": 41.71506311144424}]",WARM,0.7,120.0,321.9432541340121,0.839929497782105,10.440999945478588,28.503960936501798,47.461921232970575,195.7178191903031,160.97162706700604,30.0,4.746192123297058,378,False,
2.3684648836851547,0.9888347103640738,2.831378143068414,30.177996631070677,"[{""power_percent"": 25, ""duration_minutes"": 47.94861773013154}, {""power_percent"": 50, ""duration_minutes"": 47.94861773013154}]",WARM,0.7,120.0,182.78279572976808,2.7556047629676956,30.889787063838398,39.25185574669782,53.77669420728147,116.7690672856122,91.39139786488404,20.0,5.3776694207281475,379,False,
2.8604359062335365,0.24664364785147982,1.299287959188358,33.839362510492265,"[{""power_percent"": 25, ""duration_minutes"": 19.36238110123947}]",WARM,0.7,120.0,96.45374973863979,1.1292690791032096,43.636240007273386,31.57742825955729,38.932872957029595,62.120162165022855,48.22687486931989,10.0,3.89328729570296,380,False,
1.5395795776210348,0.7231633013860921,6.302898715277754,8.479577960574606,[],COLD,0.1,20.0,134.47306911170924,5.98219299993636,35.39579577621035,51.08375704718861,48.46326602772184,72.0828611586268,67.23653455585462,0.0,4.8463266027721845,381,False,
0.6252213978068456,0.6384759589681136,5.108448888804473,22.274316610508627,"[{""power_percent"": 25, ""duration_minutes"": 33.6699655540031}, {""power_percent"": 50, ""duration_minutes"": 33.6699655540031}, {""power_percent"": 75, ""duration_minutes"": 33.6699655540031}]",HOT,2.0,200.0,346.1072049927067,5.106095829217259,9.201719144967988,34.84831238536603,46.76951917936227,207.7305544142896,173.05360249635336,30.0,4.676951917936227,382,False,
0.6549085583616852,0.7444606043527249,1.2644923855912737,30.60945291955197,"[{""power_percent"": 25, ""duration_minutes"": 49.5109206381214}]",WARM,0.7,120.0,302.2333653034018,1.1934636814122397,20.07353955171078,36.577184404271605,48.889212087054496,166.00560386040635,151.1166826517009,10.0,4.88892120870545,383,False,
0.8056230739240372,0.7713517640545702,0.6189950498052956,40.67552727363373,"[{""power_percent"": 25, ""duration_minutes"": 28.866861476455195}, {""power_percent"": 50, ""duration_minutes"": 28.866861476455195}, {""power_percent"": 75, ""duration_minutes"": 28.866861476455195}]",WARM,0.7,120.0,299.49453337151107,0.5794238749195022,11.726201517772093,30.820213536163287,49.427035281091406,184.68997021386468,149.74726668575553,30.0,4.942703528109141,384,False,
0.8723669895067152,0.29884049183356864,6.496885421369922,14.501081726070355,"[{""power_percent"": 25, ""duration_minutes"": 32.24004413962202}, {""power_percent"": 50, ""duration_minutes"": 32.24004413962202}]",WARM,0.7,120.0,255.27639631578853,6.355477320425319,17.49966548110495,39.24545409636534,39.97680983667137,151.6358791415614,127.63819815789427,20.0,3.9976809836671374,385,False,
2.6388861528805707,0.9102098008452901,6.214566762735395,49.03743226734875,"[{""power_percent"": 25, ""duration_minutes"": 24.966710041781873}, {""power_percent"": 50, ""duration_minutes"": 24.966710041781873}, {""power_percent"": 75, ""duration_minutes"": 24.966710041781873}]",WARM,0.7,120.0,160.95352400284315,6.240136040349609,30.643855022538425,43.704647231853905,52.204196016905804,115.69718160311216,80.47676200142158,30.0,5.220419601690581,386,False,
1.6673155363914012,0.3055058600658531,0.6469126446420546,44.923038696739084,"[{""power_percent"": 25, ""duration_minutes"": 45.89396294054377}, {""power_percent"": 50, ""duration_minutes"": 45.89396294054377}]",HOT,2.0,200.0,193.72981216109895,0.6095461812479205,24.083759069859635,29.618607255073506,40.11011720131706,120.87591780068118,96.86490608054947,20.0,4.011011720131706,387,False,
0.9587959961983445,0.9640618684424139,0.3612832946896184,35.10218722587002,"[{""power_percent"": 25, ""duration_minutes"": 47.76512942121529}, {""power_percent"": 50, ""duration_minutes"": 47.76512942121529}, {""power_percent"": 75, ""duration_minutes"": 47.76512942121529}]",WARM,0.7,120.0,324.7722546729542,0.13883996646055055,10.42319054880115,31.947314184020357,53.28123736884828,197.71425107336194,162.3861273364771,30.0,5.328123736884828,388,False,
2.0719622794298,0.5944125275095137,2.390545535845446,6.582420320165401,[],HOT,2.0,200.0,72.86986643677037,2.0751615665892467,40.719622794298,37.91404140180506,45.88825055019027,41.02375827340421,36.43493321838518,0.0,4.5888250550190275,389,False,
0.6775010135229642,0.9995175649948453,3.0243440446988887,43.43189559748094,"[{""power_percent"": 25, ""duration_minutes"": 48.01363590100097}, {""power_percent"": 50, ""duration_minutes"": 48.01363590100097}]",HOT,2.0,200.0,328.9587232917369,3.121862649544858,13.973646545129546,37.16208071527586,53.99035129989691,189.87839677585814,164.47936164586844,20.0,5.3990351299896915,390,False,
0.5880942600640776,0.1707853741055545,6.3726999338759915,34.30671035166387,"[{""power_percent"": 25, ""duration_minutes"": 11.745023186671702}, {""power_percent"": 50, ""duration_minutes"": 11.745023186671702}, {""power_percent"": 75, ""duration_minutes"": 11.745023186671702}]",WARM,0.7,120.0,315.08823558963275,6.352251495143425,12.119189122640023,36.33777227021818,37.41570748211109,191.28568854302748,157.54411779481637,30.0,3.741570748211109,391,False,
2.298347114325076,0.9268461719412334,6.737217792221464,22.826845693245396,[],COLD,0.1,20.0,106.61234693204061,6.472244981807933,42.98347114325076,54.39658964773773,52.536923438824665,58.559865809902774,53.306173466020304,0.0,5.2536923438824665,392,False,
0.7024694556986258,0.9350127822410508,4.885125187933918,12.414468375809847,"[{""power_percent"": 25, ""duration_minutes"": 3.0225832256690133}, {""power_percent"": 50, ""duration_minutes"": 3.0225832256690133}, {""power_percent"": 75, ""duration_minutes"": 3.0225832256690133}]",WARM,0.7,120.0,240.82450613062636,4.702580969637837,14.571307073135905,43.31837127245023,52.70025564482101,155.6822786297953,120.41225306531318,30.0,5.2700255644821015,393,False,
2.9410250063139673,0.5734334662445368,3.9749351504809747,40.38544648262629,"[{""power_percent"": 25, ""duration_minutes"": 42.164137072278564}]",HOT,2.0,200.0,103.78239754284269,3.889770966196452,43.30204320952574,37.56614778372803,45.46866932489073,66.43806570391041,51.891198771421344,10.0,4.546866932489073,394,False,
0.6490600861754671,0.10774853393097106,6.302288670564871,31.16737132244062,"[{""power_percent"": 25, ""duration_minutes"": 46.12521103103546}]",HOT,2.0,200.0,285.07883364484405,6.2574557060835305,20.1843403102029,36.51380341737033,36.15497067861942,156.15491389028398,142.53941682242203,10.0,3.6154970678619422,395,False,
0.7757130776390456,0.6826352944172451,0.7477159733095644,14.73821371063643,"[{""power_percent"": 25, ""duration_minutes"": 58.49720254202814}, {""power_percent"": 50, ""duration_minutes"": 58.49720254202814}, {""power_percent"": 75, ""duration_minutes"": 58.49720254202814}]",HOT,2.0,200.0,371.7835386347657,0.7686083400939054,6.982550395086232,29.43144335760528,47.652705888344904,220.65703990621734,185.89176931738285,30.0,4.765270588834491,396,False,
1.006679292078747,0.2188135642876803,5.322736581085082,38.39363153292709,"[{""power_percent"": 25, ""duration_minutes"": 56.23247913954077}, {""power_percent"": 50, ""duration_minutes"": 56.23247913954077}, {""power_percent"": 75, ""duration_minutes"": 56.23247913954077}]",HOT,2.0,200.0,327.7202806072245,5.469528636018116,9.631921049856354,28.21031281106366,38.3762712857536,197.6977674321876,163.86014030361224,30.0,3.8376271285753605,397,False,
1.5563474667525652,0.13314115415099503,1.0153596542673007,23.603463232523296,"[{""power_percent"": 25, ""duration_minutes"": 43.64819812977151}]",HOT,2.0,200.0,145.60874309312655,0.8863747331221093,29.381064761037077,30.257528597384194,36.6628230830199,86.47065385486526,72.80437154656327,10.0,3.6662823083019904,398,False,
1.660158272607859,0.7135455993713478,4.516158785470122,22.031421970399837,"[{""power_percent"": 25, ""duration_minutes"": 18.97072725512052}, {""power_percent"": 50, ""duration_minutes"": 18.97072725512052}]",HOT,2.0,200.0,133.40371219882772,4.387882440898447,26.704510000566536,38.45662112808918,48.270911987426956,91.52894729815655,66.70185609941386,20.0,4.827091198742696,399,False,
2.6929235218398633,0.7131843694696247,3.5155466343568653,30.526996222333356,[],HOT,2.0,200.0,63.359643594385695,3.318991670817271,46.92923521839863,41.58930570234923,48.263687389392494,36.506190536132095,31.679821797192847,0.0,4.82636873893925,400,False,
0.8087296931169512,0.36442452999046515,1.5006472416932914,33.1058444729554,[],COLD,0.1,20.0,229.9078169471194,1.356933120806346,28.08729693116951,37.17438884327217,41.2884905998093,119.08275753354063,114.9539084735597,0.0,4.12884905998093,401,False,
1.035130495964782,0.16585623703916894,2.6926717471198227,30.39095915793203,"[{""power_percent"": 25, ""duration_minutes"": 52.104591157738625}, {""power_percent"": 50, ""duration_minutes"": 52.104591157738625}, {""power_percent"": 75, ""duration_minutes"": 52.104591157738625}]",WARM,0.7,120.0,324.8403268491712,2.75192605570204,10.535616285987025,25.286205134513196,37.31712474078338,196.15187589866395,162.4201634245856,30.0,3.731712474078338,402,False,
1.2110586682385225,0.8117958796813746,6.302898715277754,11.756146871155185,[],WARM,0.7,120.0,141.8854183269303,6.026993249775143,32.110586682385225,50.947347986732,50.23591759362749,75.9663009228279,70.94270916346515,0.0,5.023591759362749,403,False,
0.5571604554788567,0.22354472589254065,1.5421444700509248,11.710981442806226,"[{""power_percent"": 25, ""duration_minutes"": 36.835418278253286}, {""power_percent"": 50, ""duration_minutes"": 36.835418278253286}]",WARM,0.7,120.0,360.90639636186324,1.405794777045115,13.88806272696324,28.15670055411714,38.47089451785081,204.3002876327167,180.45319818093162,20.0,3.847089451785081,404,False,
2.199876409991781,0.9553367646226688,2.0254388699785335,33.84102000389221,[],HOT,2.0,200.0,76.83795466702176,1.8684899336022158,41.998764099917814,41.51491891542909,53.10673529245337,43.729650862756216,38.41897733351088,0.0,5.310673529245338,405,False,
0.7790890025910668,0.6744796341799457,4.077593251121039,14.827090316781518,"[{""power_percent"": 25, ""duration_minutes"": 11.418720106784207}]",WARM,0.7,120.0,222.89940702635127,3.8688109530248695,23.21995402057146,42.506380509197896,47.489592683598914,126.19866278153553,111.44970351317563,10.0,4.748959268359892,406,False,
1.5403479164222378,0.5056375128908841,2.564414301753465,44.374731876386576,"[{""power_percent"": 25, ""duration_minutes"": 1.9035546061931674}, {""power_percent"": 50, ""duration_minutes"": 1.9035546061931674}]",WARM,0.7,120.0,129.00012597726732,2.5148558855672816,27.21312370360306,35.68226548182595,44.11275025781768,88.91133801441542,64.50006298863366,20.0,4.4112750257817686,407,False,
2.3845403333556208,0.7611694022986784,6.291864314802042,22.54220108726829,"[{""power_percent"": 25, ""duration_minutes"": 37.03068243449287}, {""power_percent"": 50, ""duration_minutes"": 37.03068243449287}]",HOT,2.0,200.0,142.22923082400706,6.173797272860413,32.14233509010692,41.49592051111865,49.223388045973564,96.03695421660089,71.11461541200353,20.0,4.922338804597357,408,False,
0.832652327293433,0.9924692820543498,5.46925931476564,37.02979586068826,[],WARM,0.7,120.0,205.75615637012444,5.360131996838032,28.32652327293433,51.44815001418348,53.849385641087,108.26301674917092,102.87807818506222,0.0,5.3849385641087,409,False,
0.9587959961983445,0.7341974040725396,0.3612832946896184,35.10218722587002,"[{""power_percent"": 25, ""duration_minutes"": 45.44777922453725}, {""power_percent"": 50, ""duration_minutes"": 45.44777922453725}, {""power_percent"": 75, ""duration_minutes"": 45.44777922453725}]",WARM,0.7,120.0,317.8202040829201,0.13188791587051646,10.770793078302855,29.397502129282888,48.683948081450794,193.77849684960512,158.91010204146005,30.0,4.86839480814508,410,False,
1.5395795776210348,0.7231633013860921,6.383321033094282,13.645204083828098,[],WARM,0.7,120.0,116.02275694868528,6.105609074492407,35.39579577621035,50.044601682821664,48.46326602772184,62.85770507711483,58.01137847434264,0.0,4.8463266027721845,411,False,
0.8301943526563057,0.6436330324140649,6.949600697950663,43.66198137045248,"[{""power_percent"": 25, ""duration_minutes"": 26.708287248827148}, {""power_percent"": 50, ""duration_minutes"": 26.708287248827148}, {""power_percent"": 75, ""duration_minutes"": 26.708287248827148}]",WARM,0.7,120.0,288.4040395897462,7.020489673813605,12.295700439238985,41.81905193247566,46.8726606482813,178.88928585970123,144.2020197948731,30.0,4.68726606482813,412,False,
2.836084842525373,0.24373926964372178,6.511854819280453,35.88666886288857,[],WARM,0.7,120.0,78.15581472607674,6.315731438756768,48.36084842525373,44.54858087428556,38.87478539287443,42.965385902325814,39.07790736303837,0.0,3.887478539287443,413,False,
0.5291257267593823,0.3980681873376768,6.260554847088115,35.167922160865686,"[{""power_percent"": 25, ""duration_minutes"": 55.058657615873244}, {""power_percent"": 50, ""duration_minutes"": 55.058657615873244}]",HOT,2.0,200.0,402.65419123937653,6.32851466621468,11.7853915060065,35.99440848527596,41.961363746753534,225.5232319943636,201.32709561968827,20.0,4.196136374675354,414,False,
2.6929235218398633,0.7354934996751016,3.7861981947830445,44.974984451639365,[],HOT,2.0,200.0,67.6940400631775,3.676331160619286,46.92923521839863,42.3983183856673,48.70986999350203,38.71800703093895,33.84702003158875,0.0,4.870986999350204,415,False,
0.5958848633979275,0.4252189307062503,0.2301885895384868,5.320800433322407,[],COLD,0.1,20.0,287.82272155906287,-0.37172200239749587,25.958848633979276,35.36300434755198,42.504378614125,148.16179864094394,143.91136077953144,0.0,4.2504378614125,416,False,
1.0216790583622704,0.7430862305627048,6.435088057863285,46.703069051175355,"[{""power_percent"": 25, ""duration_minutes"": 30.000758715081687}]",COLD,0.1,20.0,225.3288220274909,6.4144400685509275,24.71675264786862,48.68718812102658,48.8617246112541,127.55058347487086,112.66441101374545,10.0,4.88617246112541,417,False,
0.5291257267593823,0.4182410092609977,6.2734586370454775,35.167922160865686,"[{""power_percent"": 25, ""duration_minutes"": 1.2514884547584053}, {""power_percent"": 50, ""duration_minutes"": 1.2514884547584053}]",HOT,2.0,200.0,295.03985291714685,6.233804117849813,17.166108422117983,39.49072007793743,42.364820185219955,171.75640847709542,147.51992645857342,20.0,4.236482018521996,418,False,
2.6929235218398633,0.12218029090026425,3.740033239686527,13.152267273972992,[],HOT,2.0,200.0,58.147224909877586,3.4392299024567703,46.92923521839863,34.946229970176226,36.44360581800528,32.71797303673932,29.073612454938793,0.0,3.6443605818005285,419,False,
1.182366610527898,0.6961048928704425,3.9289652851010595,14.827090316781518,"[{""power_percent"": 25, ""duration_minutes"": 44.802546132641375}]",WARM,0.7,120.0,190.6148781742521,3.7374357087132744,25.583538798646913,41.467112900668184,47.92209785740885,110.09964887286694,95.30743908712606,10.0,4.792209785740885,420,False,
0.5984463448108314,0.8699058249289887,4.1540882866373785,46.95706956213499,"[{""power_percent"": 25, ""duration_minutes"": 58.852932580037226}, {""power_percent"": 50, ""duration_minutes"": 58.852932580037226}, {""power_percent"": 75, ""duration_minutes"": 58.852932580037226}]",WARM,0.7,120.0,455.7949555703113,4.3504516479578665,5.1565235611027305,36.05028254021927,51.398116498579775,263.03728943501363,227.89747778515564,30.0,5.139811649857978,421,False,
2.654356713114,0.7770314126490554,0.6651480826274461,43.43388268965671,"[{""power_percent"": 25, ""duration_minutes"": 48.01363590100097}, {""power_percent"": 50, ""duration_minutes"": 48.01363590100097}, {""power_percent"": 75, ""duration_minutes"": 48.01363590100097}]",WARM,0.7,120.0,228.0819398168133,0.6256180179438293,27.341521745989848,29.072853555443682,49.54062825298111,148.99503273370476,114.04096990840665,30.0,4.954062825298111,422,False,
0.8698259412195224,0.6730960616485289,0.7975662521221166,32.83256795363982,"[{""power_percent"": 25, ""duration_minutes"": 41.71506311144424}, {""power_percent"": 50, ""duration_minutes"": 41.71506311144424}, {""power_percent"": 75, ""duration_minutes"": 41.71506311144424}]",WARM,0.7,120.0,321.9432541340121,0.8469138115295074,10.440999945478588,28.517929563996603,47.461921232970575,195.7178191903031,160.97162706700604,30.0,4.746192123297058,423,False,
0.7798928935753118,0.6343500847548397,1.3840289453206325,43.72671573582053,"[{""power_percent"": 25, ""duration_minutes"": 40.530438758336246}, {""power_percent"": 50, ""duration_minutes"": 40.530438758336246}, {""power_percent"": 75, ""duration_minutes"": 40.530438758336246}]",WARM,0.7,120.0,341.5434338394744,1.498784840267552,9.71936312200268,29.33251941944908,46.68700169509679,205.4404170892469,170.7717169197372,30.0,4.6687001695096795,424,False,
0.7024694556986258,0.9350127822410508,4.980492780768918,20.400703607654677,"[{""power_percent"": 25, ""duration_minutes"": 1.6986492799501178}]",WARM,0.7,120.0,235.85127630312292,4.79849687346685,22.93976209298875,47.730179470031935,52.70025564482101,133.19566371604355,117.92563815156146,10.0,5.2700255644821015,425,False,
0.9577683908357317,0.37131239454346193,5.679518203907762,20.38562568609907,"[{""power_percent"": 25, ""duration_minutes"": 10.155901620849729}]",COLD,0.1,20.0,207.3856532645305,5.483677124011776,25.069888827314827,43.31010809371158,41.426247890869234,117.83545142135218,103.69282663226525,10.0,4.142624789086923,426,False,
1.0122587131235619,0.32721248758172017,6.422198824441109,32.80657827956808,"[{""power_percent"": 25, ""duration_minutes"": 29.95463119999829}, {""power_percent"": 50, ""duration_minutes"": 29.95463119999829}, {""power_percent"": 75, ""duration_minutes"": 29.95463119999829}]",WARM,0.7,120.0,262.3893285402155,6.430411839193568,13.629392451235876,36.675030691863014,40.5442497516344,165.2490892452712,131.19466427010775,30.0,4.054424975163441,427,False,
2.6929235218398633,0.7416137687966746,3.523713059438597,33.73836084359769,"[{""power_percent"": 25, ""duration_minutes"": 43.87566075202422}, {""power_percent"": 50, ""duration_minutes"": 43.87566075202422}, {""power_percent"": 75, ""duration_minutes"": 43.87566075202422}]",HOT,2.0,200.0,195.95003523683766,3.5380532658826613,28.347886105595,31.997981876755105,48.83227537593349,132.85824515601217,97.97501761841883,30.0,4.883227537593349,428,False,
2.9911723538598864,0.7229144062447618,1.2953107974349194,6.487263442511972,[],COLD,0.1,20.0,86.59374067574487,0.9045874839355957,49.911723538598864,41.06559446980698,48.45828812489523,48.142699150361956,43.296870337872434,0.0,4.845828812489524,429,False,
1.3466525546072132,0.601940881384164,5.322736581085082,38.14321392760475,"[{""power_percent"": 25, ""duration_minutes"": 52.25530443114813}, {""power_percent"": 50, ""duration_minutes"": 52.25530443114813}, {""power_percent"": 75, ""duration_minutes"": 52.25530443114813}]",HOT,2.0,200.0,278.09618334124275,5.442495675759866,13.628229881399914,33.1657863399768,46.03881762768328,173.6519734333897,139.04809167062137,30.0,4.603881762768328,430,False,
2.59863847757348,0.532315048405147,6.9141011285255125,33.6907795461983,"[{""power_percent"": 25, ""duration_minutes"": 53.251075408504335}, {""power_percent"": 50, ""duration_minutes"": 53.251075408504335}, {""power_percent"": 75, ""duration_minutes"": 53.251075408504335}]",WARM,0.7,120.0,242.08299490693776,6.934053492925275,25.998723464459147,38.0233860511474,44.646300968102935,155.50612755027916,121.04149745346888,30.0,4.464630096810294,431,False,
0.5971400730796315,0.13829318576422084,4.400088469458821,41.819589085011046,"[{""power_percent"": 25, ""duration_minutes"": 54.094666924109}, {""power_percent"": 50, ""duration_minutes"": 54.094666924109}, {""power_percent"": 75, ""duration_minutes"": 54.094666924109}]",HOT,2.0,200.0,424.5272209057258,4.577404401818028,5.857200692179964,25.591175144918484,36.76586371528442,245.94019682439134,212.2636104528629,30.0,3.676586371528442,432,False,
2.9900516793218004,0.5892961865442463,6.511854819280453,35.9134301677821,[],WARM,0.7,120.0,75.44038605257307,6.309733333114273,49.900516793218,48.69526387709186,45.785923730884925,42.29878539937503,37.72019302628654,0.0,4.578592373088493,433,False,
0.5036958596048479,0.8617978750173229,4.946255332361483,33.76002488427729,"[{""power_percent"": 25, ""duration_minutes"": 41.61639970488194}, {""power_percent"": 50, ""duration_minutes"": 41.61639970488194}, {""power_percent"": 75, ""duration_minutes"": 41.61639970488194}]",WARM,0.7,120.0,447.2759618003428,5.015516846397597,6.794498640316187,39.088609191491464,51.23595750034646,258.76157665020605,223.6379809001714,30.0,5.123595750034646,434,False,
1.1926475036794155,0.9995175649948453,2.7154105605444814,43.43927209556893,"[{""power_percent"": 25, ""duration_minutes"": 48.01363590100097}, {""power_percent"": 50, ""duration_minutes"": 48.01363590100097}]",HOT,2.0,200.0,233.32966003257107,2.7923675647727206,19.125111446694056,36.544213746967046,53.99035129989691,142.06386514627522,116.66483001628553,20.0,5.3990351299896915,435,False,
2.806927172066087,0.4806721014954658,0.5209754167348689,17.680591289537684,"[{""power_percent"": 25, ""duration_minutes"": 43.64819812977151}]",HOT,2.0,200.0,100.89159598974182,0.206430075719223,41.8868618141723,35.416668440582704,43.613442029909315,64.80714219786184,50.44579799487091,10.0,4.3613442029909315,436,False,
0.6781586951551628,0.6278916802175085,6.866967777509402,37.25369733869324,"[{""power_percent"": 25, ""duration_minutes"": 25.80294038828761}, {""power_percent"": 50, ""duration_minutes"": 25.80294038828761}]",WARM,0.7,120.0,298.4691561556809,6.856969494511929,16.201292912722867,44.32045929433165,46.55783360435017,173.89036143827545,149.23457807784044,20.0,4.655783360435017,437,False,
1.5395795776210348,0.7382656482215934,5.8189237455897524,11.756146871155185,[],WARM,0.7,120.0,115.4560397848834,5.5298774437118405,35.39579577621035,49.09703526983863,48.765312964431864,62.604551188884884,57.7280198924417,0.0,4.876531296443186,438,False,
1.1885380553465827,0.6283694472314109,6.726772837599576,36.94655258930055,"[{""power_percent"": 25, ""duration_minutes"": 24.101910279641395}, {""power_percent"": 50, ""duration_minutes"": 24.101910279641395}]",WARM,0.7,120.0,199.99325306491016,6.691114451480797,21.47518952550169,44.147864425197604,46.56738894462821,124.6533654269179,99.99662653245508,20.0,4.656738894462822,439,False,
0.9896325079452044,0.8189800513973029,4.17454355468694,46.81876920852777,"[{""power_percent"": 25, ""duration_minutes"": 24.18265215811401}, {""power_percent"": 50, ""duration_minutes"": 24.18265215811401}]",COLD,0.1,20.0,248.48235052415026,4.194236173936527,19.47805986364064,42.525888596654674,50.37960102794606,149.27913536486975,124.24117526207513,20.0,5.037960102794607,440,False,
2.7295332469961044,0.22481382402992872,4.343217250452964,13.927779987352567,"[{""power_percent"": 25, ""duration_minutes"": 23.76859061519724}, {""power_percent"": 50, ""duration_minutes"": 23.76859061519724}]",COLD,0.1,20.0,141.16996583278996,4.09513978172763,36.91847340844132,35.75808495235324,38.496276480598574,94.43461056445483,70.58498291639498,20.0,3.8496276480598577,441,False,
2.558333645846537,0.20334841384397698,6.2894237326678315,37.61697112968065,"[{""power_percent"": 25, ""duration_minutes"": 42.09563209189655}, {""power_percent"": 50, ""duration_minutes"": 42.09563209189655}, {""power_percent"": 75, ""duration_minutes"": 42.09563209189655}]",WARM,0.7,120.0,210.70390227651666,6.301079109887742,27.268991644680884,33.8304215431927,38.066968276879535,139.15864796594627,105.35195113825833,30.0,3.806696827687954,442,False,
2.118422016002693,0.9278810366874324,6.732736250599956,43.010055187323246,"[{""power_percent"": 25, ""duration_minutes"": 8.94841966433221}]",WARM,0.7,120.0,107.15885743636369,6.637008120748118,36.73679917681032,50.931592351519136,52.55762073374865,68.83519079155671,53.579428718181845,10.0,5.255762073374865,443,False,
1.558322259158727,0.7599007636502475,6.874956989799325,13.861617694615138,"[{""power_percent"": 25, ""duration_minutes"": 28.24855598856338}]",HOT,2.0,200.0,127.16440983442793,6.67204236158923,30.170794792159104,46.02126646374472,49.19801527300495,78.50200644451446,63.582204917213964,10.0,4.919801527300495,444,False,
2.599049394770499,0.7690017909698947,3.4218239833129855,40.67552727363373,"[{""power_percent"": 25, ""duration_minutes"": 28.86115579884937}, {""power_percent"": 50, ""duration_minutes"": 28.86115579884937}]",WARM,0.7,120.0,142.13837849830432,3.361637482761667,35.104378367820054,38.94000011033374,49.3800358193979,96.00719283109196,71.06918924915216,20.0,4.93800358193979,445,False,
1.2199855613988657,0.6092860689918611,6.18946413548483,31.35525079355979,"[{""power_percent"": 25, ""duration_minutes"": 52.29576607489795}, {""power_percent"": 50, ""duration_minutes"": 52.29576607489795}, {""power_percent"": 75, ""duration_minutes"": 52.29576607489795}]",WARM,0.7,120.0,303.74614826510145,6.247683516014926,12.355490702753968,37.58374215213118,46.18572137983722,186.49164627053446,151.87307413255073,30.0,4.618572137983722,446,False,
2.8439005180615826,0.47679335896592584,1.6408559467433017,46.01468858918148,"[{""power_percent"": 25, ""duration_minutes"": 30.773729562584997}]",WARM,0.7,120.0,111.82259715242748,1.5559617871185125,42.90031870248657,34.680020314200156,43.535867179318515,70.26488529414559,55.91129857621374,10.0,4.353586717931852,447,False,
2.3147048492097086,0.13086149264795843,4.929296874577748,30.177996631070677,[],WARM,0.7,120.0,88.35647746872789,4.719776660395782,43.147048492097085,40.02893166093099,36.61722985295917,47.83996171965986,44.178238734363944,0.0,3.661722985295917,448,False,
2.6929235218398633,0.1557876598500581,3.769708404101128,33.73836084359769,[],HOT,2.0,200.0,64.323052980765,3.5924216282891197,46.92923521839863,35.40886872640295,37.11575319700116,35.873101810082616,32.1615264903825,0.0,3.7115753197001164,449,False,
2.520561417791253,0.6115697324061906,6.249591048903165,20.38562568609907,"[{""power_percent"": 25, ""duration_minutes"": 10.842222741028014}, {""power_percent"": 50, ""duration_minutes"": 10.842222741028014}, {""power_percent"": 75, ""duration_minutes"": 10.842222741028014}]",WARM,0.7,120.0,112.65290740416556,6.065609014531192,31.579280766758327,41.4622188399881,46.23139464812381,90.94959316689516,56.32645370208278,30.0,4.623139464812382,450,False,
2.0910438990041538,0.4142139630424182,0.3892254225974625,9.15932374523653,[],COLD,0.1,20.0,108.98230258825133,-0.24946039089128447,40.91043899004154,35.54901840170394,42.284279260848365,58.7195792202105,54.491151294125665,0.0,4.228427926084836,451,False,
1.5522443354281463,0.6291125511380964,5.322736581085082,37.97014937603006,"[{""power_percent"": 25, ""duration_minutes"": 24.5651130710499}, {""power_percent"": 50, ""duration_minutes"": 24.5651130710499}, {""power_percent"": 75, ""duration_minutes"": 24.5651130710499}]",COLD,0.1,20.0,216.22065517543365,5.312163043137286,19.83767639362398,39.78396359943283,46.58225102276192,142.76855268999302,108.11032758771682,30.0,4.658225102276193,452,False,
2.981480304639673,0.8627251805130535,5.942474644225905,32.32063066961797,[],COLD,0.1,20.0,94.50676806554378,5.707139216058025,49.81480304639673,52.03765145460845,51.25450361026107,52.378834393798,47.25338403277189,0.0,5.1254503610261075,453,False,
2.6642108506943485,0.17499339503054595,4.151600927189413,34.318185751015164,"[{""power_percent"": 25, ""duration_minutes"": 10.140652693649482}, {""power_percent"": 50, ""duration_minutes"": 10.140652693649482}]",WARM,0.7,120.0,101.37861123115059,4.01322291305503,37.62804323757854,34.39468343312641,37.49986790061092,74.43929240563638,50.68930561557529,20.0,3.7499867900610924,454,False,
1.1771823665459813,0.6505096889788813,1.585095664442847,22.326219390722812,"[{""power_percent"": 25, ""duration_minutes"": 44.038807302931886}, {""power_percent"": 50, ""duration_minutes"": 44.038807302931886}, {""power_percent"": 75, ""duration_minutes"": 44.038807302931886}]",HOT,2.0,200.0,264.73719539334456,1.5920821080341403,13.16600257002003,28.67243228159701,47.01019377957763,167.06961707463003,132.36859769667228,30.0,4.7010193779577625,455,False,
2.654356713114,0.43983703833473586,2.798978777139119,43.400849129318445,"[{""power_percent"": 25, ""duration_minutes"": 47.569011703217285}, {""power_percent"": 50, ""duration_minutes"": 47.569011703217285}, {""power_percent"": 75, ""duration_minutes"": 47.569011703217285}]",COLD,0.1,20.0,246.73815715536077,2.8459166385001216,27.408215375657402,30.39479096100551,42.79674076669472,157.64875265434986,123.36907857768038,30.0,4.279674076669472,456,False,
0.9877067315153416,0.8753955349152379,4.987260793745545,35.21819441773496,"[{""power_percent"": 25, ""duration_minutes"": 13.401639637079219}]",WARM,0.7,120.0,190.33403904304794,4.894463330628419,25.206985333299457,46.67721881736157,51.507910698304755,110.31781059135444,95.16701952152397,10.0,5.1507910698304755,457,False,
2.2820878533916646,0.7688675439324872,6.645512234851217,13.75851339998933,[],COLD,0.1,20.0,104.35683774457748,6.326779801115485,42.82087853391665,52.31743499689228,49.37735087864974,57.11615396015371,52.17841887228874,0.0,4.937735087864975,458,False,
0.5253496567965008,0.5619130968983569,6.486270690427126,31.57937953245031,"[{""power_percent"": 25, ""duration_minutes"": 50.9781048582867}, {""power_percent"": 50, ""duration_minutes"": 50.9781048582867}, {""power_percent"": 75, ""duration_minutes"": 50.9781048582867}]",WARM,0.7,120.0,462.43225138668066,6.569667295924827,5.606780839222004,37.72746910638874,45.23826193796714,265.73995188713707,231.21612569334033,30.0,4.523826193796714,459,False,
0.5070890680856692,0.19773240957635962,4.942868725287065,8.930835822027701,"[{""power_percent"": 25, ""duration_minutes"": 40.599978085858694}, {""power_percent"": 50, ""duration_minutes"": 40.599978085858694}, {""power_percent"": 75, ""duration_minutes"": 40.599978085858694}]",COLD,0.1,20.0,454.7852069448083,4.84797011175338,6.980893967977888,32.40452833776316,37.95464819152719,261.1880682915569,227.39260347240415,30.0,3.7954648191527194,460,False,
0.8215524220996768,0.6283694472314109,4.400088469458821,41.323409121241546,"[{""power_percent"": 25, ""duration_minutes"": 42.441731979919766}, {""power_percent"": 50, ""duration_minutes"": 42.441731979919766}, {""power_percent"": 75, ""duration_minutes"": 42.441731979919766}]",WARM,0.7,120.0,336.80338570213667,4.504492023242041,9.849264424008805,35.1208544275018,46.56738894462821,203.05843174553115,168.40169285106833,30.0,4.656738894462822,461,False,
2.988431296362363,0.5887734726418359,1.647384847459729,7.021562794452834,"[{""power_percent"": 25, ""duration_minutes"": 19.36238110123947}, {""power_percent"": 50, ""duration_minutes"": 19.36238110123947}]",COLD,0.1,20.0,125.52478917366729,1.3387017345744303,39.94807485349968,34.99830850054712,45.77546945283672,87.33994153211731,62.76239458683364,20.0,4.577546945283672,462,False,
1.2508205153441077,0.8380075809310977,1.367149164843449,17.748242680070636,"[{""power_percent"": 25, ""duration_minutes"": 58.97279116375157}, {""power_percent"": 50, ""duration_minutes"": 58.97279116375157}]",HOT,2.0,200.0,241.69133732982132,1.3095513826376117,18.610926037065916,33.78342517166118,50.760151618621954,145.92168382677286,120.84566866491066,20.0,5.076015161862196,463,False,
0.7766649473679407,0.6436330324140649,6.88981676409991,30.31164682725589,"[{""power_percent"": 25, ""duration_minutes"": 42.42308756855964}, {""power_percent"": 50, ""duration_minutes"": 42.42308756855964}, {""power_percent"": 75, ""duration_minutes"": 42.42308756855964}]",WARM,0.7,120.0,343.9962315016717,6.929889309874405,9.40318633839546,40.28515203599823,46.8726606482813,206.68538181566396,171.99811575083584,30.0,4.68726606482813,464,False,
2.0905491789519735,0.9237857745751881,5.052975804709472,10.45578386230397,"[{""power_percent"": 25, ""duration_minutes"": 3.0225832256690133}, {""power_percent"": 50, ""duration_minutes"": 3.0225832256690133}, {""power_percent"": 75, ""duration_minutes"": 3.0225832256690133}]",WARM,0.7,120.0,98.45596598248353,4.803156290402222,28.452104305669383,43.51934841401099,52.47571549150376,84.47555454039214,49.22798299124177,30.0,5.2475715491503765,465,False,
0.6549085583616852,0.3436746171578754,6.870541364158164,30.60945291955197,"[{""power_percent"": 25, ""duration_minutes"": 46.12611479964614}]",HOT,2.0,200.0,282.84855946492655,6.822127854140654,20.242779843634544,40.48139469022145,40.87349234315751,155.51162896677903,141.42427973246328,10.0,4.087349234315751,466,False,
0.832652327293433,0.7905969155148528,5.46925931476564,15.616764960858486,[],COLD,0.1,20.0,219.33224710017552,5.219653811439054,28.32652327293433,50.22568161570952,49.81193831029705,114.64731738111746,109.66612355008776,0.0,4.981193831029706,467,False,
0.8996972787799515,0.8754432860884154,0.30943625122000395,34.23915888501343,"[{""power_percent"": 25, ""duration_minutes"": 3.1344982005501656}, {""power_percent"": 50, ""duration_minutes"": 3.1344982005501656}, {""power_percent"": 75, ""duration_minutes"": 3.1344982005501656}]",WARM,0.7,120.0,200.8979872813551,-0.04971319201946308,16.526798057716988,35.00434209257146,51.50886572176831,135.5998802128544,100.44899364067756,30.0,5.150886572176831,468,False,
1.035130495964782,0.14555672354329469,3.301383585161685,33.9429751377742,"[{""power_percent"": 25, ""duration_minutes"": 52.2819205038669}, {""power_percent"": 50, ""duration_minutes"": 52.2819205038669}, {""power_percent"": 75, ""duration_minutes"": 52.2819205038669}]",WARM,0.7,120.0,326.43791968150873,3.3824819776613393,10.509016884067783,26.24407500749489,36.91113447086589,196.91007328784096,163.21895984075437,30.0,3.691113447086589,469,False,
1.2508205153441077,0.14649562444851233,1.4574486528581363,17.748242680070636,"[{""power_percent"": 25, ""duration_minutes"": 25.596033462602872}, {""power_percent"": 50, ""duration_minutes"": 25.596033462602872}]",HOT,2.0,200.0,174.9378219275239,1.3330973552500018,21.948601807180786,27.3072881799097,36.929912488970245,111.16190221265899,87.46891096376196,20.0,3.692991248897025,470,False,
1.1087767745252606,0.4341573776461665,2.870357932681289,40.68091667954592,"[{""power_percent"": 25, ""duration_minutes"": 28.866861476455195}, {""power_percent"": 50, ""duration_minutes"": 28.866861476455195}]",HOT,2.0,200.0,203.72221696850875,2.895826084730464,20.201081597607086,31.218592708529265,42.68314755292333,126.12942323954671,101.86110848425437,20.0,4.268314755292333,471,False,
0.8889266913271427,0.29884049183356864,1.8300363764155652,45.93582042832558,"[{""power_percent"": 25, ""duration_minutes"": 32.24004413962202}, {""power_percent"": 50, ""duration_minutes"": 32.24004413962202}]",WARM,0.7,120.0,261.50365815629425,1.8765743196116773,17.665262499309225,29.911756006456628,39.97680983667137,154.74951006181425,130.75182907814713,20.0,3.9976809836671374,472,False,
0.748839517998532,0.1891798101662559,1.3097706684337973,33.82100324760482,"[{""power_percent"": 25, ""duration_minutes"": 42.565987355834224}]",WARM,0.7,120.0,267.52222977246095,1.2473090945553191,21.360095812193606,30.212719438187637,37.78359620332512,147.53947450656298,133.76111488623047,10.0,3.778359620332512,473,False,
2.3959999614937892,0.7643539250160042,5.048709625266582,10.901331630821645,"[{""power_percent"": 25, ""duration_minutes"": 14.735560390107036}, {""power_percent"": 50, ""duration_minutes"": 14.735560390107036}, {""power_percent"": 75, ""duration_minutes"": 14.735560390107036}]",HOT,2.0,200.0,108.58142223329713,4.850484297762081,29.74966555642184,37.94346591561558,49.287078500320085,89.21941896668058,54.290711116648566,30.0,4.9287078500320085,474,False,
2.5267575715768946,0.9640618684424139,0.7149174589206191,33.46278190918871,"[{""power_percent"": 25, ""duration_minutes"": 48.45195052211019}, {""power_percent"": 50, ""duration_minutes"": 48.45195052211019}, {""power_percent"": 75, ""duration_minutes"": 48.45195052211019}]",WARM,0.7,120.0,229.2593049245721,0.721979699079006,25.99978313745242,31.237901792160287,53.28123736884828,149.95777619917087,114.62965246228605,30.0,5.328123736884828,475,False,
0.8087296931169512,0.6046818677847441,1.6219502015188063,46.45213036411655,"[{""power_percent"": 25, ""duration_minutes"": 56.184117986778276}, {""power_percent"": 50, ""duration_minutes"": 56.184117986778276}, {""power_percent"": 75, ""duration_minutes"": 56.184117986778276}]",WARM,0.7,120.0,382.4640566748025,1.7988661499391625,7.6596792331527705,28.043512197644503,46.09363735569488,225.84139207297073,191.23202833740126,30.0,4.609363735569488,476,False,
0.5571857381709973,0.15984111499113202,0.16058690550124596,40.64227139085737,[],HOT,2.0,200.0,279.90273064139194,-0.18984689568044982,25.57185738170997,35.596919568891096,37.19682229982264,143.67104755067822,139.95136532069597,0.0,3.7196822299822645,477,False,
1.5395795776210348,0.1870178209725919,6.302898715277754,36.02692372909364,[],COLD,0.1,20.0,142.73727284226493,6.147477074547473,35.39579577621035,44.650011282226615,37.740356419451835,75.14267206307765,71.36863642113246,0.0,3.7740356419451837,478,False,
2.349169903034816,0.24998220354531825,0.13327663546649285,26.416515362615236,[],WARM,0.7,120.0,86.27729658124892,-0.4001910684792084,43.49169903034816,34.13323317161084,38.99964407090636,47.038612697715095,43.13864829062446,0.0,3.8999644070906365,479,False,
0.974311326727011,0.22615432233610755,6.18946413548483,33.10168302782212,[],WARM,0.7,120.0,178.38540195741686,6.05110178058268,29.74311326727011,43.69278013900295,38.52308644672215,93.04500962338065,89.19270097870843,0.0,3.852308644672215,480,False,
1.552292043293195,0.576734869780804,6.307274395924969,14.033007233630604,"[{""power_percent"": 25, ""duration_minutes"": 32.23497660484199}]",HOT,2.0,200.0,131.5761799840608,6.109615734199866,29.911171602689855,42.568317931074326,45.53469739561608,80.341559731592,65.7880899920304,10.0,4.553469739561608,481,False,
2.118422016002693,0.9736639972352589,6.874644716031072,37.59181274161339,[],WARM,0.7,120.0,96.58496503831853,6.717458711840644,41.18422016002693,54.03325739888525,53.473279944705176,53.63981051362978,48.292482519159265,0.0,5.347327994470518,482,False,
1.0573731279228205,0.17910670376873883,6.299511843982208,14.410447447667325,"[{""power_percent"": 25, ""duration_minutes"": 43.35626905031384}, {""power_percent"": 50, ""duration_minutes"": 43.35626905031384}]",WARM,0.7,120.0,247.39666353930127,6.172392141651926,18.238104374196823,36.746927990170455,37.582134075374775,147.4565451771881,123.69833176965064,20.0,3.7582134075374776,483,False,
0.5543438314932102,0.5619130968983569,6.486270690427126,29.701232952070647,"[{""power_percent"": 25, ""duration_minutes"": 45.56554662444094}, {""power_percent"": 50, ""duration_minutes"": 45.56554662444094}, {""power_percent"": 75, ""duration_minutes"": 45.56554662444094}]",WARM,0.7,120.0,430.6971949080273,6.5410009747531435,6.708606321265958,38.214599347434856,45.23826193796714,249.87242364781036,215.34859745401366,30.0,4.523826193796714,484,False,
2.3497058884554147,0.31942016053097266,6.8500737159388905,36.800916145726326,"[{""power_percent"": 25, ""duration_minutes"": 11.240770789283728}, {""power_percent"": 50, ""duration_minutes"": 11.240770789283728}]",WARM,0.7,120.0,111.85959319978788,6.7413725188535985,34.37298180562578,41.45874311089243,40.38840321061945,79.96863692095589,55.92979659989394,20.0,4.0388403210619455,485,False,
1.1268296696859625,0.5926974935430622,6.312499504626238,13.462725178413693,[],WARM,0.7,120.0,151.65565325221817,6.0502026689092805,31.268296696859625,48.33736893176923,45.85394987086124,80.4132216131952,75.82782662610909,0.0,4.585394987086125,486,False,
0.587805339582991,0.901136353474799,6.864878402004859,10.199325706353132,"[{""power_percent"": 25, ""duration_minutes"": 48.75718636749109}, {""power_percent"": 50, ""duration_minutes"": 48.75718636749109}]",COLD,0.1,20.0,390.26069207055195,6.730076515394639,13.0023347590808,47.41796186365784,52.02272706949598,220.33261874222558,195.13034603527598,20.0,5.202272706949598,487,False,
0.5971400730796315,0.6283694472314109,4.400088469458821,41.232545714985655,"[{""power_percent"": 25, ""duration_minutes"": 26.51347231000795}, {""power_percent"": 50, ""duration_minutes"": 26.51347231000795}, {""power_percent"": 75, ""duration_minutes"": 26.51347231000795}]",COLD,0.1,20.0,377.607524052415,4.453138557755572,9.994379884295123,37.75439779779386,46.56738894462821,223.4605009206703,188.8037620262075,30.0,4.656738894462822,488,False,
0.9806475113134597,0.16585623703916894,2.6926717471198227,27.79958756683529,"[{""power_percent"": 25, ""duration_minutes"": 24.816716346503625}, {""power_percent"": 50, ""duration_minutes"": 24.816716346503625}]",WARM,0.7,120.0,225.43346872432923,2.6118768047613035,19.324803478484235,30.486615357919455,37.31712474078338,136.44844683624297,112.71673436216462,20.0,3.731712474078338,489,False,
1.1926475036794155,0.6634458614308685,2.7154105605444814,10.041994126001697,"[{""power_percent"": 25, ""duration_minutes"": 48.01363590100097}, {""power_percent"": 50, ""duration_minutes"": 48.01363590100097}]",HOT,2.0,200.0,223.3104766417009,2.591983896955317,19.125111446694056,32.511353304199325,47.26891722861737,136.38213004371218,111.65523832085044,20.0,4.726891722861737,490,False,
2.171163767334219,0.9897579466447303,2.4407753234957617,30.564560817872927,"[{""power_percent"": 25, ""duration_minutes"": 50.94552330051883}]",WARM,0.7,120.0,143.70226406784013,2.31026166101015,35.16436150831625,41.83028030771272,53.7951589328946,87.23064792720953,71.85113203392007,10.0,5.379515893289461,491,False,
0.6337310538003542,0.8994752608673336,5.829622216705594,12.428684510080263,"[{""power_percent"": 25, ""duration_minutes"": 42.048758016194945}, {""power_percent"": 50, ""duration_minutes"": 42.048758016194945}, {""power_percent"": 75, ""duration_minutes"": 42.048758016194945}]",WARM,0.7,120.0,381.0683459762402,5.766991355662646,8.0299968355743,41.26855934236165,51.989505217346675,225.73312350985478,190.5341729881201,30.0,5.198950521734668,492,False,
0.8498990607290612,0.6283694472314109,6.85491118509825,23.458956166556625,"[{""power_percent"": 25, ""duration_minutes"": 25.80294038828761}, {""power_percent"": 50, ""duration_minutes"": 25.80294038828761}]",WARM,0.7,120.0,249.63511460075213,6.755274840445002,17.91869656846185,44.302079313676174,46.56738894462821,149.4742961948389,124.81755730037607,20.0,4.656738894462822,493,False,
2.303992703424143,0.35493037386757537,5.1547378313721355,41.73436243594142,"[{""power_percent"": 25, ""duration_minutes"": 11.892834147445692}, {""power_percent"": 50, ""duration_minutes"": 11.892834147445692}, {""power_percent"": 75, ""duration_minutes"": 11.892834147445692}]",WARM,0.7,120.0,127.80318401990557,5.110662800293154,29.256001912124574,36.09828507588506,41.09860747735151,98.01145275768793,63.901592009952786,30.0,4.1098607477351505,494,False,
0.7766649473679407,0.821963743751239,6.88981676409991,30.31164682725589,"[{""power_percent"": 25, ""duration_minutes"": 42.71391178606138}, {""power_percent"": 50, ""duration_minutes"": 42.71391178606138}, {""power_percent"": 75, ""duration_minutes"": 42.71391178606138}]",COLD,0.1,20.0,364.86870415417695,6.918761782526912,9.3595627057702,43.598946392469166,50.43927487502478,217.47827956459096,182.43435207708848,30.0,5.043927487502478,495,False,
1.2593260929993364,0.20052496485298876,4.944279246959768,43.43927209556893,"[{""power_percent"": 25, ""duration_minutes"": 46.08852250778576}, {""power_percent"": 50, ""duration_minutes"": 46.08852250778576}, {""power_percent"": 75, ""duration_minutes"": 46.08852250778576}]",WARM,0.7,120.0,284.90867451394837,5.054807403336564,13.6799825538255,30.74689104645468,38.01049929705977,176.25538718668017,142.45433725697418,30.0,3.8010499297059774,496,False,
1.5563474667525652,0.1447098057227839,1.0153596542673007,23.603463232523296,"[{""power_percent"": 25, ""duration_minutes"": 17.694885748608545}]",WARM,0.7,120.0,135.65543071196356,0.8344214207409464,30.678730380095228,29.836390404749753,36.89419611445568,81.51713496742735,67.82771535598178,10.0,3.6894196114455684,497,False,
0.5984463448108314,0.8699058249289887,4.1540882866373785,47.0772118859911,"[{""power_percent"": 25, ""duration_minutes"": 36.15572111700745}, {""power_percent"": 50, ""duration_minutes"": 36.15572111700745}, {""power_percent"": 75, ""duration_minutes"": 36.15572111700745}]",WARM,0.7,120.0,387.73936387837875,4.283080867511914,8.561105280557197,38.09303157189195,51.398116498579775,229.00949358904737,193.86968193918938,30.0,5.139811649857978,498,False,
2.6194673133595807,0.7416137687966746,6.288142103860337,36.707629855198164,"[{""power_percent"": 25, ""duration_minutes"": 43.35462913092052}, {""power_percent"": 50, ""duration_minutes"": 43.35462913092052}, {""power_percent"": 75, ""duration_minutes"": 43.35462913092052}]",HOT,2.0,200.0,196.83972731442867,6.321673077849903,27.69147876395773,37.573732811497926,48.83227537593349,133.30309119480768,98.41986365721434,30.0,4.883227537593349,499,False,
2.6970243919453933,0.7231633013860921,3.6958035087686807,13.130513508378936,[],WARM,0.7,120.0,74.05600366202106,3.3687056141411387,46.970243919453935,44.669566634170465,48.46326602772184,41.874328433782715,37.02800183101053,0.0,4.8463266027721845,500,False,
1.2508205153441077,0.14649562444851233,1.4574486528581363,21.653762762663135,"[{""power_percent"": 25, ""duration_minutes"": 25.596033462602872}, {""power_percent"": 50, ""duration_minutes"": 25.596033462602872}, {""power_percent"": 75, ""duration_minutes"": 25.596033462602872}]",HOT,2.0,200.0,201.70551141490455,1.4021265092081596,16.668800134050645,24.539407176031617,36.929912488970245,134.5457469563493,100.85275570745227,30.0,3.692991248897025,501,False,
2.9262159460956827,0.28035078927447515,0.534283712621854,12.15389030380658,"[{""power_percent"": 25, ""duration_minutes"": 10.448897540420536}, {""power_percent"": 50, ""duration_minutes"": 10.448897540420536}, {""power_percent"": 75, ""duration_minutes"": 10.448897540420536}]",HOT,2.0,200.0,84.7536014905824,0.20950510922212778,35.69482482989374,29.35524126741215,39.6070157854895,76.33750232384016,42.3768007452912,30.0,3.9607015785489503,502,False,
1.4452979495280367,0.4928817550028082,2.1827309368379173,47.07857091949391,"[{""power_percent"": 25, ""duration_minutes"": 58.09054660731152}]",WARM,0.7,120.0,190.4989465055089,2.187480990981071,27.548452164914792,35.13732653549019,43.857635100056164,109.63523676276007,95.24947325275446,10.0,4.385763510005616,503,False,
0.8684070958233586,0.7003335102197559,5.804183586701252,43.66479159130225,"[{""power_percent"": 25, ""duration_minutes"": 39.12428967451354}, {""power_percent"": 50, ""duration_minutes"": 39.12428967451354}, {""power_percent"": 75, ""duration_minutes"": 39.12428967451354}]",HOT,2.0,200.0,301.70235525505996,5.936808921439671,10.815427507056551,36.49118322533335,48.006670204395114,185.65184464796948,150.85117762752998,30.0,4.800667020439512,504,False,
2.381037649052955,0.9287556938381676,6.737217792221464,42.847948195737764,[],COLD,0.1,20.0,110.35212834557743,6.589063975433771,43.81037649052955,54.419503910500936,52.57511387676335,60.43357556046505,55.17606417278871,0.0,5.2575113876763355,505,False,
0.6490600861754671,0.1076717504692111,6.302288670564871,32.00207132174282,"[{""power_percent"": 25, ""duration_minutes"": 46.12521103103546}]",HOT,2.0,200.0,285.3292436446347,6.262463906079344,20.1843403102029,36.51288201582921,36.153435009384225,156.27996532325577,142.66462182231734,10.0,3.6153435009384225,506,False,
1.5943427533732122,0.5935429043314495,6.6816776860917635,45.9886930620467,"[{""power_percent"": 25, ""duration_minutes"": 30.810274723493507}]",COLD,0.1,20.0,173.1895381329919,6.634646409052608,30.402913797557446,47.36156198245611,45.87085808662899,101.18185487515886,86.59476906649596,10.0,4.587085808662899,507,False,
1.6436538230002984,0.7102840440591387,4.516158785470122,22.530437704591844,"[{""power_percent"": 25, ""duration_minutes"": 14.952643511410868}, {""power_percent"": 50, ""duration_minutes"": 14.952643511410868}, {""power_percent"": 75, ""duration_minutes"": 14.952643511410868}]",HOT,2.0,200.0,141.3771543912488,4.418453189311892,22.19364170329135,36.20998818362293,48.20568088118277,105.50914528374268,70.6885771956244,30.0,4.820568088118278,508,False,
1.0062039763815132,0.7341974040725396,0.2629544816084217,38.42057627371908,"[{""power_percent"": 25, ""duration_minutes"": 45.44777922453725}, {""power_percent"": 50, ""duration_minutes"": 45.44777922453725}, {""power_percent"": 75, ""duration_minutes"": 45.44777922453725}]",WARM,0.7,120.0,311.44465189975836,0.051573117869087415,11.244872880134544,29.59415975544528,48.683948081450794,190.59072075802425,155.72232594987918,30.0,4.86839480814508,509,False,
0.5984463448108314,0.1707853741055545,4.184330633810614,46.95706956213499,"[{""power_percent"": 25, ""duration_minutes"": 8.948603659436218}, {""power_percent"": 50, ""duration_minutes"": 8.948603659436218}, {""power_percent"": 75, ""duration_minutes"": 8.948603659436218}]",WARM,0.7,120.0,306.08196880850824,4.230981008369299,12.642172899192882,32.21271142753862,37.41570748211109,186.78255515246522,153.04098440425412,30.0,3.741570748211109,510,False,
0.5142423375376124,0.5063191674682845,2.7551336598696716,31.32572808038217,"[{""power_percent"": 25, ""duration_minutes"": 53.83175432783626}]",COLD,0.1,20.0,389.4207417327528,2.6863500891782963,18.450835658984314,37.771144699523674,44.12638334936569,209.12300920131295,194.7103708663764,10.0,4.412638334936569,511,False,
2.2201086104879453,0.283896534708222,1.8285869989407768,33.84102000389221,"[{""power_percent"": 25, ""duration_minutes"": 32.98218460966337}, {""power_percent"": 50, ""duration_minutes"": 32.98218460966337}]",WARM,0.7,120.0,158.18093729820976,1.7507931437639392,30.902867643913112,29.68500133780041,39.677930694164445,103.05826171852132,79.09046864910488,20.0,3.9677930694164445,512,False,
2.2820878533916646,0.7688675439324872,2.053129398764239,13.628673643721822,"[{""power_percent"": 25, ""duration_minutes"": 22.563152551020963}, {""power_percent"": 50, ""duration_minutes"": 22.563152551020963}, {""power_percent"": 75, ""duration_minutes"": 22.563152551020963}]",COLD,0.1,20.0,172.00734347076013,1.8613073841439665,27.436405651263502,35.10198559512644,49.37735087864974,120.94140682324505,86.00367173538007,30.0,4.937735087864975,513,False,
2.806927172066087,0.41329596611654507,0.5209754167348689,21.979751669078947,"[{""power_percent"": 25, ""duration_minutes"": 43.64819812977151}]",HOT,2.0,200.0,102.1813441036042,0.2322250379964706,41.8868618141723,34.60815481603566,42.2659193223309,65.3172639840352,51.0906720518021,10.0,4.226591932233091,514,False,
0.9792511469409413,0.8189800513973029,6.302898715277754,34.168795903675246,"[{""power_percent"": 25, ""duration_minutes"": 45.35086093198061}]",COLD,0.1,20.0,243.27977319153538,6.224092305754148,23.52496842281038,48.87303221936372,50.37960102794606,136.6778466985623,121.63988659576769,10.0,5.037960102794607,515,False,
0.5984463448108314,0.1146266173897345,6.971504201832557,46.76551332230799,"[{""power_percent"": 25, ""duration_minutes"": 34.87175145010124}, {""power_percent"": 50, ""duration_minutes"": 34.87175145010124}, {""power_percent"": 75, ""duration_minutes"": 34.87175145010124}]",WARM,0.7,120.0,383.7939453085552,7.0947746823242746,8.753700730593128,34.78007018183282,36.29253234779469,225.52622588905706,191.8969726542776,30.0,3.629253234779469,516,False,
2.836084842525373,0.24373926964372178,6.511854819280453,35.89015714903205,[],WARM,0.7,120.0,78.15686121191979,6.315752368473629,48.36084842525373,44.54858087428556,38.87478539287443,42.96590914524734,39.078430605959895,0.0,3.887478539287443,517,False,
1.4462239220952164,0.49217388786377325,2.1827309368379173,13.366285025261618,"[{""power_percent"": 25, ""duration_minutes"": 57.344628721269906}]",WARM,0.7,120.0,179.57289262677142,1.9844243188269484,27.59500778488867,35.15120966640302,43.843477757275465,104.17079408911326,89.78644631338571,10.0,4.384347775727547,518,False,
0.904853012371698,0.8425522849596097,5.829622216705594,10.199325706353132,"[{""power_percent"": 25, ""duration_minutes"": 51.349449473498716}, {""power_percent"": 50, ""duration_minutes"": 51.349449473498716}, {""power_percent"": 75, ""duration_minutes"": 51.349449473498716}]",WARM,0.7,120.0,337.38092684828547,5.7706723988693405,9.34611270269217,39.74842140031162,50.85104569919219,203.77556799406196,168.69046342414273,30.0,5.08510456991922,519,False,
0.6367825442368245,0.9706738704977753,4.885125187933918,11.397496909350714,[],WARM,0.7,120.0,253.4784699678645,4.630038867620548,26.367825442368243,50.01833682184114,53.413477409955505,132.0805827249278,126.73923498393225,0.0,5.341347740995551,520,False,
2.6929235218398633,0.7668481941527749,3.740033239686527,39.15161681740082,[],HOT,2.0,200.0,65.94702977290594,3.5952259997173375,46.92923521839863,42.68224480920635,49.336963883055496,37.90721127475852,32.97351488645297,0.0,4.93369638830555,521,False,
0.5449307792395759,0.4182410092609977,6.2734586370454775,33.60603467031038,"[{""power_percent"": 25, ""duration_minutes"": 55.091037185945254}, {""power_percent"": 50, ""duration_minutes"": 55.091037185945254}]",HOT,2.0,200.0,394.0282040491266,6.331479688269647,11.940204073801231,36.26034715406622,42.364820185219955,221.2505840430853,197.0141020245633,20.0,4.236482018521996,522,False,
1.1772604711471935,0.6537857765845344,5.267997290976328,35.55349426554873,"[{""power_percent"": 25, ""duration_minutes"": 52.25530443114813}, {""power_percent"": 50, ""duration_minutes"": 52.25530443114813}, {""power_percent"": 75, ""duration_minutes"": 52.25530443114813}]",HOT,2.0,200.0,293.3464154482408,5.378993751017176,11.934309046799715,33.67844650216374,47.07571553169069,181.38077927728946,146.6732077241204,30.0,4.707571553169069,523,False,
0.7757130776390456,0.682589358288455,6.684896526026396,13.531897215462905,"[{""power_percent"": 25, ""duration_minutes"": 58.49720254202814}, {""power_percent"": 50, ""duration_minutes"": 58.49720254202814}, {""power_percent"": 75, ""duration_minutes"": 58.49720254202814}]",HOT,2.0,200.0,371.42164368621366,6.698550993839695,6.982550395086232,36.29611712273172,47.6517871657691,220.47600055968374,185.71082184310683,30.0,4.76517871657691,524,False,
0.8087296931169512,0.1954773292978385,1.5006472416932914,33.1058444729554,"[{""power_percent"": 25, ""duration_minutes"": 56.344470962696256}]",COLD,0.1,20.0,286.25228790981566,1.4332775917690423,21.2700733830347,31.45668830607976,37.90954658595677,156.9170986135035,143.12614395490783,10.0,3.790954658595677,525,False,
0.807214735312284,0.22815646801459977,6.122422156973223,41.819589085011046,"[{""power_percent"": 25, ""duration_minutes"": 54.094666924109}, {""power_percent"": 50, ""duration_minutes"": 54.094666924109}, {""power_percent"": 75, ""duration_minutes"": 54.094666924109}]",HOT,2.0,200.0,359.15403733798746,6.291335102843124,7.957947314506489,30.11420190695183,38.563129360291995,213.43333160502294,179.57701866899373,30.0,3.8563129360292,526,False,
1.0721285905679125,0.844852707290844,6.322968812050028,30.30944990694805,"[{""power_percent"": 25, ""duration_minutes"": 36.6010655341217}, {""power_percent"": 50, ""duration_minutes"": 36.6010655341217}]",WARM,0.7,120.0,236.70355659525757,6.277142498937241,19.061179352266954,45.18810617954288,50.89705414581688,143.44148371221047,118.35177829762878,20.0,5.0897054145816885,527,False,
0.5775981636889598,0.8565028255339623,2.572496548070684,23.650933353932306,"[{""power_percent"": 25, ""duration_minutes"": 43.598779836117544}, {""power_percent"": 50, ""duration_minutes"": 43.598779836117544}, {""power_percent"": 75, ""duration_minutes"": 43.598779836117544}]",WARM,0.7,120.0,412.0877360014537,2.584094561155072,7.236164661471966,34.09913681729834,51.130056510679246,241.1568736517948,206.04386800072686,30.0,5.113005651067925,528,False,
2.8686988613182454,0.5734334662445368,3.7107029760031747,42.506917771032,"[{""power_percent"": 25, ""duration_minutes"": 52.60793694913042}, {""power_percent"": 50, ""duration_minutes"": 52.60793694913042}, {""power_percent"": 75, ""duration_minutes"": 52.60793694913042}]",HOT,2.0,200.0,221.36439997936898,3.7968203390240283,28.795798070812886,29.567893221519054,45.46866932489073,145.22906692217356,110.68219998968449,30.0,4.546866932489073,529,False,
0.923257338710044,0.7997328397044794,5.46925931476564,11.937539297627872,"[{""power_percent"": 25, ""duration_minutes"": 2.6657671191525667}, {""power_percent"": 50, ""duration_minutes"": 2.6657671191525667}]",COLD,0.1,20.0,205.88104156526435,5.23928579124131,20.965996675185185,46.17536667883588,49.994656794089586,127.93998646204113,102.94052078263218,20.0,4.999465679408959,530,False,
2.09473576862038,0.9924692820543498,5.46925931476564,37.681270710406345,[],WARM,0.7,120.0,97.41245811095038,5.313557508283262,40.9473576862038,51.44815001418348,53.849385641087,54.09116761958389,48.70622905547519,0.0,5.3849385641087,531,False,
2.980332405619516,0.18916018896957232,1.254852544562358,33.511571660179115,[],COLD,0.1,20.0,94.88342788720348,1.0267086782986519,49.80332405619516,34.57962735675959,37.78320377939144,51.220034321540886,47.44171394360174,0.0,3.7783203779391443,532,False,
2.7826043252926125,0.22481382402992872,4.343217250452964,13.927779987352567,"[{""power_percent"": 25, ""duration_minutes"": 51.05612268593248}, {""power_percent"": 50, ""duration_minutes"": 51.05612268593248}, {""power_percent"": 75, ""duration_minutes"": 51.05612268593248}]",COLD,0.1,20.0,245.75303671918286,4.218648125423172,28.167624850036255,30.589149347531148,38.496276480598574,156.7261460076513,122.87651835959143,30.0,3.8496276480598577,533,False,
0.7757130776390456,0.9991487081142245,0.7477159733095644,47.91966889559277,"[{""power_percent"": 25, ""duration_minutes"": 58.49720254202814}, {""power_percent"": 50, ""duration_minutes"": 58.49720254202814}]",HOT,2.0,200.0,323.2407726482245,0.8891998686616154,13.90741052218764,36.984520398229876,53.98297416228449,187.0186837403407,161.62038632411225,20.0,5.398297416228449,534,False,
1.5395795776210348,0.7250565032949887,5.8189237455897524,11.756146871155185,[],WARM,0.7,120.0,115.4560397848834,5.5298774437118405,35.39579577621035,48.938525530719375,48.50113006589977,62.57813289903168,57.7280198924417,0.0,4.850113006589978,535,False,
2.5203756349189352,0.20334841384397698,6.2894237326678315,34.84101480498676,"[{""power_percent"": 25, ""duration_minutes"": 51.396323539874786}, {""power_percent"": 50, ""duration_minutes"": 51.396323539874786}, {""power_percent"": 75, ""duration_minutes"": 51.396323539874786}]",WARM,0.7,120.0,238.6562132004206,6.313843766720618,25.49430781820814,32.99335931287466,38.066968276879535,153.13480342789825,119.3281066002103,30.0,3.806696827687954,536,False,
0.6447169918808657,0.16011109580977284,3.235934765042379,36.86956859293535,"[{""power_percent"": 25, ""duration_minutes"": 36.06744190272021}, {""power_percent"": 50, ""duration_minutes"": 36.06744190272021}]",WARM,0.7,120.0,330.35597877479756,3.245498380730197,14.840425728536637,30.829156165638818,37.202221916195455,188.89821157901832,165.17798938739878,20.0,3.7202221916195457,537,False,
1.2110586682385225,0.8117958796813746,6.310190811169667,11.756146871155185,[],WARM,0.7,120.0,141.8854183269303,6.0342853456670555,32.110586682385225,50.96193217851582,50.23591759362749,75.9663009228279,70.94270916346515,0.0,5.023591759362749,538,False,
0.9792511469409413,0.6326124856249674,6.302898715277754,34.168795903675246,"[{""power_percent"": 25, ""duration_minutes"": 9.745883429349858}, {""power_percent"": 50, ""duration_minutes"": 9.745883429349858}]",WARM,0.7,120.0,197.4206791182545,6.230233211680867,20.817923126474426,44.212394252294125,46.65224971249935,123.37556453037719,98.71033955912725,20.0,4.665224971249935,539,False,
0.5173785694452187,0.12696547148700482,4.946202699928878,14.09646176058054,[],WARM,0.7,120.0,308.652040988417,4.712086327714552,25.173785694452185,40.01599105770181,36.53930942974009,157.9799514371825,154.3260204942085,0.0,3.6539309429740094,540,False,
1.2042146058939611,0.8291066294918746,2.4061437778648584,17.82262492789065,"[{""power_percent"": 25, ""duration_minutes"": 14.332544725151779}, {""power_percent"": 50, ""duration_minutes"": 14.332544725151779}]",WARM,0.7,120.0,173.07439200350325,2.235576032646748,22.60889158642443,38.50161442612311,50.58213258983749,111.59540926073538,86.53719600175162,20.0,5.058213258983749,541,False,
0.6971936999599675,0.5203605652857151,2.746861649921278,41.96363519700745,"[{""power_percent"": 25, ""duration_minutes"": 43.27639074132909}, {""power_percent"": 50, ""duration_minutes"": 43.27639074132909}]",HOT,2.0,200.0,312.7901156483979,2.8253084945875826,14.644297925466764,31.141466638791396,44.4072113057143,180.83577895477038,156.39505782419894,20.0,4.44072113057143,542,False,
2.989762617351385,0.18667383865015258,1.2953107974349194,33.70194691976566,[],COLD,0.1,20.0,94.78179135822698,1.067931974259458,49.89762617351385,34.630707658671675,37.73347677300305,51.1642433564138,47.39089567911349,0.0,3.773347677300305,543,False,
1.0573731279228205,0.8426299798478479,3.5384053823572046,33.707259854858194,"[{""power_percent"": 25, ""duration_minutes"": 43.87730067141754}, {""power_percent"": 50, ""duration_minutes"": 43.87730067141754}]",WARM,0.7,120.0,254.2277705036659,3.528108617712276,18.186001212086452,39.15573248260353,50.852599596956956,152.19914521152864,127.11388525183295,20.0,5.085259959695696,544,False,
1.535454369737284,0.12218029090026425,6.427328710541741,13.666957849422154,[],HOT,2.0,200.0,100.29103992000445,6.175912282848782,35.35454369737284,40.320820911886656,36.44360581800528,53.78988054180275,50.145519960002225,0.0,3.6443605818005285,545,False,
0.7766649473679407,0.6436330324140649,6.949600697950663,39.72147463841624,"[{""power_percent"": 25, ""duration_minutes"": 34.23078023144939}, {""power_percent"": 50, ""duration_minutes"": 34.23078023144939}]",WARM,0.7,120.0,288.01147760223967,6.96732450834934,16.34357145053447,44.16895097098314,46.8726606482813,168.69300486594796,144.00573880111983,20.0,4.68726606482813,546,False,
2.806927172066087,0.446781530954796,4.1491010441305445,23.279405620837313,"[{""power_percent"": 25, ""duration_minutes"": 43.64819812977151}]",HOT,2.0,200.0,102.57124028913171,3.968148589102696,41.8868618141723,36.350134515825495,42.93563061909592,65.57918320647545,51.285620144565854,10.0,4.293563061909592,547,False,
0.6439287566554612,0.6024906510344057,1.6219502015188063,12.675584625049197,"[{""power_percent"": 25, ""duration_minutes"": 56.184117986778276}, {""power_percent"": 50, ""duration_minutes"": 56.184117986778276}, {""power_percent"": 75, ""duration_minutes"": 56.184117986778276}]",HOT,2.0,200.0,403.8000538550539,1.628798912963218,6.01166986853787,26.929416790565213,46.04981302068811,236.50500822959575,201.90002692752694,30.0,4.604981302068811,548,False,
1.6427507086943796,0.8885360817267222,1.3475510222713831,32.042677155843464,[],WARM,0.7,120.0,115.4230666006745,1.1760970568586688,36.42750708694379,41.95753502526343,51.77072163453444,62.8886054637907,57.71153330033725,0.0,5.1770721634534445,549,False,
0.877155346826326,0.6127901731698487,5.788407517365529,22.464416530084726,"[{""power_percent"": 25, ""duration_minutes"": 51.47511366824352}, {""power_percent"": 50, ""duration_minutes"": 51.47511366824352}, {""power_percent"": 75, ""duration_minutes"": 51.47511366824352}]",WARM,0.7,120.0,346.6720029682234,5.804533143677714,9.050286418026731,36.89753688262732,46.25580346339697,207.9615818304514,173.3360014841117,30.0,4.625580346339698,550,False,
0.8087296931169512,0.25031618505745334,1.5006472416932914,33.1058444729554,[],COLD,0.1,20.0,229.9078169471194,1.356933120806346,28.08729693116951,35.80508870407603,39.006323701149064,118.8545408436746,114.9539084735597,0.0,3.9006323701149066,551,False,
2.9900516793218004,0.14678290643439668,1.4475245495179787,35.9134301677821,[],WARM,0.7,120.0,75.44038605257307,1.2454030633517994,49.900516793218,33.25644397624872,36.93565812868793,41.41375883915533,37.72019302628654,0.0,3.6935658128687936,552,False,
1.2402278756535932,0.530794602815207,5.322736581085082,37.54642802103098,"[{""power_percent"": 25, ""duration_minutes"": 52.25530443114813}, {""power_percent"": 50, ""duration_minutes"": 52.25530443114813}]",HOT,2.0,200.0,235.22005296341354,5.37091664304742,19.176748313421122,35.87969013008376,44.61589205630414,142.0716156873372,117.61002648170677,20.0,4.461589205630414,553,False,
0.9592713118955785,0.2188135642876803,5.480345918390171,35.075242485078014,"[{""power_percent"": 25, ""duration_minutes"": 56.23247913954077}, {""power_percent"": 50, ""duration_minutes"": 56.23247913954077}, {""power_percent"": 75, ""duration_minutes"": 56.23247913954077}]",HOT,2.0,200.0,334.08870183656825,5.609123958243437,9.157841248024669,28.525531485673838,38.3762712857536,200.88197804685947,167.04435091828412,30.0,3.8376271285753605,554,False,
0.9536861850340356,0.5638405887912463,6.486270690427126,47.00560103341458,"[{""power_percent"": 25, ""duration_minutes"": 0.19200947678412206}, {""power_percent"": 50, ""duration_minutes"": 0.19200947678412206}, {""power_percent"": 75, ""duration_minutes"": 0.19200947678412206}]",WARM,0.7,120.0,186.46215131059887,6.492732877656603,17.508060428822738,42.32134759343864,45.276811775824925,127.75875683288193,93.23107565529943,30.0,4.527681177582493,555,False,
1.013744092986697,0.9664078442160726,2.03387253827743,44.55132055736288,"[{""power_percent"": 25, ""duration_minutes"": 1.6734500394989897}]",HOT,2.0,200.0,161.50518311336188,2.010304147941638,26.05376842789202,39.61443570596276,53.32815688432145,96.08540724511309,80.75259155668094,10.0,5.332815688432145,556,False,
0.7739047509720081,0.6505096889788813,6.546967385719812,25.206775390012247,[],HOT,2.0,200.0,199.88433414907612,6.395251848021005,27.73904750972008,46.900051039186195,47.01019377957763,104.64318645249583,99.94216707453806,0.0,4.7010193779577625,557,False,
0.7610007539689344,0.6046818677847441,1.6219502015188063,46.45213036411655,"[{""power_percent"": 25, ""duration_minutes"": 56.097736333750184}, {""power_percent"": 50, ""duration_minutes"": 56.097736333750184}, {""power_percent"": 75, ""duration_minutes"": 56.097736333750184}]",WARM,0.7,120.0,393.83771983983377,1.8005161625459989,7.195347089626818,28.05128654641703,46.09363735569488,231.52822365548639,196.91885991991688,30.0,4.609363735569488,558,False,
0.6490600861754671,0.10774853393097106,6.302288670564871,31.16737132244062,"[{""power_percent"": 25, ""duration_minutes"": 11.352605046570854}, {""power_percent"": 50, ""duration_minutes"": 11.352605046570854}, {""power_percent"": 75, ""duration_minutes"": 11.352605046570854}]",HOT,2.0,200.0,273.01143775352114,6.285388310192208,12.787710104769044,32.87582529411002,36.15497067861942,170.12121594462252,136.50571887676057,30.0,3.6154970678619422,559,False,
0.7766649473679407,0.6436330324140649,4.138664900135339,43.8190120678768,"[{""power_percent"": 25, ""duration_minutes"": 24.708699386409375}, {""power_percent"": 50, ""duration_minutes"": 24.708699386409375}, {""power_percent"": 75, ""duration_minutes"": 24.708699386409375}]",WARM,0.7,120.0,294.9052765274072,4.20663847280711,12.060344565718001,36.377143244462616,46.8726606482813,182.1399043285317,147.4526382637036,30.0,4.68726606482813,560,False,
0.9587959961983445,0.7341974040725396,0.3612832946896184,35.09869893972653,"[{""power_percent"": 25, ""duration_minutes"": 45.44777922453725}, {""power_percent"": 50, ""duration_minutes"": 45.44777922453725}, {""power_percent"": 75, ""duration_minutes"": 45.44777922453725}]",WARM,0.7,120.0,317.81915759707704,0.13186698615365552,10.770793078302855,29.397502129282888,48.683948081450794,193.7779736066836,158.90957879853852,30.0,4.86839480814508,561,False,
0.8711623682701132,0.2681654766353418,1.5466298892117978,45.93582042832558,"[{""power_percent"": 25, ""duration_minutes"": 32.94270416794341}, {""power_percent"": 50, ""duration_minutes"": 32.94270416794341}]",HOT,2.0,200.0,250.34990052983773,1.621283725386834,17.41735326590679,28.148163691123905,39.363309532706836,149.11128121818956,125.17495026491886,20.0,3.9363309532706836,562,False,
0.5916986396119042,0.5286554388912533,2.306777114270296,46.75390348421034,"[{""power_percent"": 25, ""duration_minutes"": 0.3340538984185648}]",COLD,0.1,20.0,302.3676524719673,2.273966643489501,21.900283701198116,38.747397878283074,44.57310877782507,165.64113711376615,151.18382623598364,10.0,4.457310877782507,563,False,
2.118422016002693,0.938002908437415,6.874644716031072,37.61857404650692,"[{""power_percent"": 25, ""duration_minutes"": 22.965924313937826}, {""power_percent"": 50, ""duration_minutes"": 22.965924313937826}, {""power_percent"": 75, ""duration_minutes"": 22.965924313937826}]",WARM,0.7,120.0,165.49076637160007,6.8465170526118175,25.739331512936257,45.53839114505672,52.7600581687483,118.02138900267487,82.74538318580004,30.0,5.2760058168748305,564,False,
0.8056230739240372,0.1304747979987354,0.6189950498052956,10.59863369460258,"[{""power_percent"": 25, ""duration_minutes"": 28.866861476455195}, {""power_percent"": 50, ""duration_minutes"": 28.866861476455195}, {""power_percent"": 75, ""duration_minutes"": 28.866861476455195}]",WARM,0.7,120.0,290.4714652978017,0.3989625134453152,11.726201517772093,23.12968994349327,36.60949595997471,178.89668224489833,145.23573264890086,30.0,3.660949595997471,565,False,
1.2236453214443868,0.5968679585630502,1.6398378423775415,24.81816892131988,"[{""power_percent"": 25, ""duration_minutes"": 44.038807302931886}, {""power_percent"": 50, ""duration_minutes"": 44.038807302931886}, {""power_percent"": 75, ""duration_minutes"": 44.038807302931886}]",HOT,2.0,200.0,260.646413523035,1.6599174649564812,13.630632119004087,27.919247160737648,45.937359171261,164.9169426786436,130.3232067615175,30.0,4.5937359171261,566,False,
1.4020514369244463,0.12975772897905713,5.034718340351567,43.43927209556893,[],WARM,0.7,120.0,134.517870761778,4.941271915448001,34.02051436924447,40.22652942845182,36.59515457958114,70.91845083884711,67.258935380889,0.0,3.6595154579581144,567,False,
1.0216790583622704,0.3423461754790059,0.4863123796222317,46.94270553540754,"[{""power_percent"": 25, ""duration_minutes"": 27.356054104694763}]",COLD,0.1,20.0,222.75600836237368,0.3644575046048809,24.848987878387966,32.06009724185169,40.846923509580115,125.46269653214485,111.37800418118684,10.0,4.0846923509580115,568,False,
0.5070890680856692,0.36667963269275256,4.942868725287065,14.09646176058054,"[{""power_percent"": 25, ""duration_minutes"": 41.455541753957064}, {""power_percent"": 50, ""duration_minutes"": 41.455541753957064}]",WARM,0.7,120.0,397.4460439767122,4.832075016635035,12.925336505460987,36.39856053764973,41.33359265385505,222.8563812537416,198.7230219883561,20.0,4.133359265385505,569,False,
0.607504967312313,0.1463301075176521,4.46712959498598,32.601064973712035,"[{""power_percent"": 25, ""duration_minutes"": 56.272940786441275}, {""power_percent"": 50, ""duration_minutes"": 56.272940786441275}, {""power_percent"": 75, ""duration_minutes"": 56.272940786441275}]",WARM,0.7,120.0,440.0107031899743,4.569254608495083,5.634108555156937,28.225655809404067,36.92660215035304,253.69801181002248,220.00535159498716,30.0,3.6926602150353043,570,False,
0.7619094858923403,0.641410303462137,6.869694540015868,34.170992823983084,"[{""power_percent"": 25, ""duration_minutes"": 43.35626905031384}, {""power_percent"": 50, ""duration_minutes"": 43.35626905031384}, {""power_percent"": 75, ""duration_minutes"": 43.35626905031384}]",WARM,0.7,120.0,351.69388433469584,6.936312924675013,9.115654501376326,40.134248507049136,46.82820606924274,210.5297627742722,175.84694216734792,30.0,4.682820606924274,571,False,
1.5403479164222378,0.5056375128908841,1.2547449938211508,44.3363089101361,"[{""power_percent"": 25, ""duration_minutes"": 1.9035546061931674}, {""power_percent"": 50, ""duration_minutes"": 1.9035546061931674}, {""power_percent"": 75, ""duration_minutes"": 1.9035546061931674}]",COLD,0.1,20.0,150.89215369358533,1.2148595944436573,23.1179459732934,32.205820227775526,44.11275025781768,109.85735187257443,75.44607684679266,30.0,4.4112750257817686,572,False,
0.9321939234946008,0.6405272827159493,5.788407517365529,42.935286247082864,"[{""power_percent"": 25, ""duration_minutes"": 11.070003401705012}]",WARM,0.7,120.0,199.36131420061938,5.741801481309945,24.768439064860758,45.5310423252713,46.810545654318986,114.36171166574158,99.68065710030969,10.0,4.681054565431899,573,False,
1.2042146058939611,0.8291066294918746,2.4061437778648584,19.223756627840952,"[{""power_percent"": 25, ""duration_minutes"": 9.128803583986986}, {""power_percent"": 50, ""duration_minutes"": 9.128803583986986}]",WARM,0.7,120.0,163.08724923115875,2.2335753405641197,23.12926570054091,38.813838894593,50.58213258983749,106.60183787456313,81.54362461557938,20.0,5.058213258983749,574,False,
0.8221108687113651,0.9237857745751881,5.052975804709472,9.810113729695756,"[{""power_percent"": 25, ""duration_minutes"": 3.0225832256690133}, {""power_percent"": 50, ""duration_minutes"": 3.0225832256690133}, {""power_percent"": 75, ""duration_minutes"": 3.0225832256690133}]",WARM,0.7,120.0,208.9679263892507,4.850019802016197,15.767721203263296,43.51934841401099,52.47571549150376,139.7315347437757,104.48396319462535,30.0,5.2475715491503765,575,False,
2.1243605723127046,0.3215453811265221,0.2711149222526103,6.0026406761283795,[],COLD,0.1,20.0,106.91027439479105,-0.38784365658312764,41.24360572312705,34.200774418023485,40.43090762253044,57.49822795964857,53.45513719739552,0.0,4.043090762253044,576,False,
0.5070890680856692,0.18634500274020904,1.398658106494843,14.09646176058054,"[{""power_percent"": 25, ""duration_minutes"": 41.61639970488194}, {""power_percent"": 50, ""duration_minutes"": 41.61639970488194}, {""power_percent"": 75, ""duration_minutes"": 41.61639970488194}]",WARM,0.7,120.0,439.38415958344393,1.3498025134495453,6.8284307251244005,23.88798027243282,37.726900054804176,253.4647697972024,219.69207979172197,30.0,3.7726900054804178,577,False,
0.8087296931169512,0.6046818677847441,1.6219502015188063,33.07492492910532,"[{""power_percent"": 25, ""duration_minutes"": 56.184117986778276}, {""power_percent"": 50, ""duration_minutes"": 56.184117986778276}, {""power_percent"": 75, ""duration_minutes"": 56.184117986778276}]",WARM,0.7,120.0,378.45089504429916,1.718602917329095,7.6596792331527705,28.043512197644503,46.09363735569488,223.83481125771908,189.22544752214958,30.0,4.609363735569488,578,False,
2.118422016002693,0.6839666427104785,5.576143074699206,37.61857404650692,[],WARM,0.7,120.0,96.59299342978659,5.419117638338139,41.18422016002693,47.95988586192415,47.67933285420957,53.06443000031425,48.296496714893294,0.0,4.767933285420957,579,False,
2.989762617351385,0.19806124548630316,4.839538018905847,33.822881582172464,[],COLD,0.1,20.0,94.81807175694902,4.612884803704826,49.89762617351385,41.85581098364733,37.96122490972606,51.20515836944712,47.40903587847451,0.0,3.7961224909726066,580,False,
0.7757130776390456,0.6826352944172451,0.38666458965870854,14.73821371063643,"[{""power_percent"": 25, ""duration_minutes"": 58.49720254202814}, {""power_percent"": 50, ""duration_minutes"": 58.49720254202814}, {""power_percent"": 75, ""duration_minutes"": 58.49720254202814}]",HOT,2.0,200.0,371.7835386347657,0.10755695644304969,6.982550395086232,30.153546124906992,47.652705888344904,220.65703990621734,185.89176931738285,30.0,4.765270588834491,581,False,
2.1718256434572476,0.9736703732224475,6.937891219437804,22.27039816257572,"[{""power_percent"": 25, ""duration_minutes"": 59.90630119732817}, {""power_percent"": 50, ""duration_minutes"": 59.90630119732817}]",WARM,0.7,120.0,210.06003959867053,6.846453185069624,27.727626314839657,46.56544884570528,53.47340746444895,130.37736054578016,105.03001979933526,20.0,5.347340746444895,582,False,
1.2508205153441077,0.5157862574478846,6.025971286185147,22.54850122118102,"[{""power_percent"": 25, ""duration_minutes"": 25.596033462602872}, {""power_percent"": 50, ""duration_minutes"": 25.596033462602872}, {""power_percent"": 75, ""duration_minutes"": 25.596033462602872}]",HOT,2.0,200.0,201.9739329524599,5.976017573286277,16.668800134050645,35.93773465011065,44.31572514895769,135.41853899112573,100.98696647622995,30.0,4.431572514895769,583,False,
1.5537757314797724,0.8994752608673336,2.7062941771333766,9.035306752836819,"[{""power_percent"": 25, ""duration_minutes"": 51.349449473498716}, {""power_percent"": 50, ""duration_minutes"": 51.349449473498716}, {""power_percent"": 75, ""duration_minutes"": 51.349449473498716}]",WARM,0.7,120.0,267.79796918838076,2.614403336811703,15.835339893772915,34.18484103205987,51.989505217346675,169.09793511592505,133.89898459419038,30.0,5.198950521734668,584,False,
0.6110864492609056,0.18894726013952073,2.03387253827743,44.62956936417124,"[{""power_percent"": 25, ""duration_minutes"": 1.6734500394989897}]",HOT,2.0,200.0,259.026772206527,2.02687994653152,22.02719199063411,30.284908697044134,37.77894520279041,143.29128062354255,129.5133861032635,10.0,3.777894520279041,585,False,
0.7629830770387924,0.12858251953783198,2.1827309368379173,11.807861433760849,"[{""power_percent"": 25, ""duration_minutes"": 58.09054660731152}]",WARM,0.7,120.0,272.72966388321106,2.0031493289662423,20.72530344002235,30.76573570991047,36.57165039075664,150.0219969806812,136.36483194160553,10.0,3.657165039075664,586,False,
0.807214735312284,0.13985444577465567,6.122422156973223,41.819589085011046,"[{""power_percent"": 25, ""duration_minutes"": 54.094666924109}, {""power_percent"": 50, ""duration_minutes"": 54.094666924109}, {""power_percent"": 75, ""duration_minutes"": 54.094666924109}]",HOT,2.0,200.0,359.15403733798746,6.291335102843124,7.957947314506489,29.054577640072505,36.79708891549311,213.25672756054306,179.57701866899373,30.0,3.6797088915493115,587,False,
2.199876409991781,0.291917587203236,2.014546167339479,33.94408126634054,[],HOT,2.0,200.0,76.86887304575626,1.8582155985378512,41.998764099917814,33.532103381117786,39.838351744064724,42.4182716972846,38.43443652287813,0.0,3.9838351744064724,588,False,
0.5615773699105572,0.9287556938381676,6.865652899293303,43.322907944366676,"[{""power_percent"": 25, ""duration_minutes"": 47.04848610816802}]",COLD,0.1,20.0,361.65013877115814,6.860175738271248,19.26334939369717,51.26491954139958,52.57511387676335,196.08258077325542,180.82506938557907,10.0,5.2575113876763355,589,False,
0.9592713118955785,0.2120222504329966,5.480345918390171,34.17587177719035,"[{""power_percent"": 25, ""duration_minutes"": 56.23247913954077}, {""power_percent"": 50, ""duration_minutes"": 56.23247913954077}, {""power_percent"": 75, ""duration_minutes"": 56.23247913954077}]",WARM,0.7,120.0,349.81889062420197,5.57772773399611,9.157841248024669,31.044035719417636,38.24044500865993,208.73348981296698,174.90944531210098,30.0,3.8240445008659933,590,False,
2.806927172066087,0.44897879240001254,0.5209754167348689,23.632262336794568,"[{""power_percent"": 25, ""duration_minutes"": 43.64819812977151}]",HOT,2.0,200.0,102.67709730391888,0.2421401020027643,41.8868618141723,35.036348731437265,42.97957584800025,65.63650623675947,51.33854865195944,10.0,4.2979575848000255,591,False,
2.5745386699379122,0.5364356299303419,0.7802047974259542,32.83256795363982,"[{""power_percent"": 25, ""duration_minutes"": 32.101164308405735}, {""power_percent"": 50, ""duration_minutes"": 32.101164308405735}, {""power_percent"": 75, ""duration_minutes"": 32.101164308405735}]",WARM,0.7,120.0,178.916128713761,0.7325221512754939,28.930212053118264,27.70853236625949,44.72871259860683,123.93093561674118,89.4580643568805,30.0,4.472871259860684,592,False,
1.0216790583622704,0.352684340506296,6.466020343962056,45.796089900846646,"[{""power_percent"": 25, ""duration_minutes"": 30.001662511683087}]",COLD,0.1,20.0,225.05763207899372,6.439931383544327,24.71670745803855,44.06420289864917,41.05368681012592,126.63418472050945,112.52881603949686,10.0,4.105368681012592,593,False,
2.1243605723127046,0.31712256676242656,0.2711149222526103,6.0026406761283795,[],COLD,0.1,20.0,106.91027439479105,-0.38784365658312764,41.24360572312705,34.14770064565434,40.342451335248526,57.48938233092038,53.45513719739552,0.0,4.034245133524853,594,False,
0.6490600861754671,0.8562486510214233,6.302288670564871,32.00207132174282,"[{""power_percent"": 25, ""duration_minutes"": 45.98552756696062}]",HOT,2.0,200.0,285.18956018055985,6.26232422261527,20.19132448340664,45.499995326378,51.12497302042846,157.70727739232277,142.59478009027993,10.0,5.112497302042847,595,False,
0.5779488402306799,0.1153931816963281,6.982481112699995,33.83624593286684,"[{""power_percent"": 25, ""duration_minutes"": 52.2819205038669}, {""power_percent"": 50, ""duration_minutes"": 52.2819205038669}, {""power_percent"": 75, ""duration_minutes"": 52.2819205038669}]",WARM,0.7,120.0,441.0351784264027,7.081226396199568,5.937200326726761,33.244307560407904,36.30786363392656,254.148375576594,220.51758921320135,30.0,3.630786363392656,596,False,
0.8681367254001309,0.7003335102197559,5.758543456553398,43.66479159130225,"[{""power_percent"": 25, ""duration_minutes"": 39.19801685904115}, {""power_percent"": 50, ""duration_minutes"": 39.19801685904115}, {""power_percent"": 75, ""duration_minutes"": 39.19801685904115}]",HOT,2.0,200.0,301.9773314414689,5.891400787662329,10.801664725145137,36.39326751843016,48.006670204395114,185.78933274117395,150.98866572073445,30.0,4.800667020439512,597,False,
2.989169516997578,0.7688675439324872,6.645512234851217,13.75851339998933,[],COLD,0.1,20.0,88.8087160942926,6.298496534571249,49.89169516997578,52.31743499689228,49.37735087864974,49.342093135011275,44.4043580471463,0.0,4.937735087864975,598,False,
2.0910438990041538,0.4142139630424182,6.258372123709984,5.320800433322407,[],WARM,0.7,120.0,87.83074559467708,5.908655170349752,40.91043899004154,46.08731180392898,42.284279260848365,48.143800723423375,43.91537279733854,0.0,4.228427926084836,599,False,
0.5852898460641915,0.8565028255339623,2.572496548070684,23.650933353932306,"[{""power_percent"": 25, ""duration_minutes"": 41.78795753880981}, {""power_percent"": 50, ""duration_minutes"": 41.78795753880981}, {""power_percent"": 75, ""duration_minutes"": 41.78795753880981}]",WARM,0.7,120.0,403.24243005973176,2.5783544269681395,7.584704829820446,34.26211082405603,51.130056510679246,236.73422068093382,201.62121502986588,30.0,5.113005651067925,600,False,
0.7867210417826651,0.9497291955837124,6.874644716031072,38.00791918910925,[],WARM,0.7,120.0,216.56716293480105,6.77322338949442,27.86721041782665,53.74603977906669,52.99458391167425,113.58303985856794,108.28358146740052,0.0,5.299458391167425,601,False,
0.5142432497806669,0.5619130968983569,6.486270690427126,11.903548976161854,"[{""power_percent"": 25, ""duration_minutes"": 50.9781048582867}, {""power_percent"": 50, ""duration_minutes"": 50.9781048582867}, {""power_percent"": 75, ""duration_minutes"": 50.9781048582867}]",WARM,0.7,120.0,462.6961308020796,6.45205656886773,5.495716769063662,37.72746910638874,45.23826193796714,265.87189159483654,231.3480654010398,30.0,4.523826193796714,602,False,
2.6633554598030793,0.17499339503054595,3.985614674002244,34.318185751015164,"[{""power_percent"": 25, ""duration_minutes"": 50.92056670200823}, {""power_percent"": 50, ""duration_minutes"": 50.92056670200823}]",WARM,0.7,120.0,182.95652173459575,3.9288307035202283,33.541497927829965,31.615916086250543,37.49986790061092,115.22824765735896,91.47826086729788,20.0,3.7499867900610924,603,False,
2.834619994181203,0.1447799728532236,1.4448386422640842,35.65688256533343,"[{""power_percent"": 25, ""duration_minutes"": 19.36238110123947}, {""power_percent"": 50, ""duration_minutes"": 19.36238110123947}]",COLD,0.1,20.0,136.83897294152607,1.3141199000913155,38.409961831688086,29.26529409269248,36.89559945706447,92.10904641646948,68.41948647076303,20.0,3.6895599457064474,604,False,
0.636816094086537,0.5734334662445368,3.5927215889362962,43.77510789389229,"[{""power_percent"": 25, ""duration_minutes"": 9.541030206785388}, {""power_percent"": 50, ""duration_minutes"": 9.541030206785388}, {""power_percent"": 75, ""duration_minutes"": 9.541030206785388}]",HOT,2.0,200.0,275.80243374424646,3.6465226831565447,12.93700640984756,33.20795205419635,45.46866932489073,172.4480838046123,137.90121687212323,30.0,4.546866932489073,605,False,
2.6929235218398633,0.10272781758189078,3.740033239686527,13.859344340190052,"[{""power_percent"": 25, ""duration_minutes"": 33.0979182785429}]",HOT,2.0,200.0,91.4572663082856,3.4965702831326158,41.27433930447149,31.719862741999457,36.054556351637814,59.33408878930658,45.7286331541428,10.0,3.6054556351637816,606,False,
2.3449973964183193,0.7666921580625844,6.952203499765033,33.41206245202652,"[{""power_percent"": 25, ""duration_minutes"": 15.821991836052007}, {""power_percent"": 50, ""duration_minutes"": 15.821991836052007}, {""power_percent"": 75, ""duration_minutes"": 15.821991836052007}]",HOT,2.0,200.0,119.95555012461298,6.894341954128614,29.076675188775393,41.6807336310364,49.333843161251686,94.91115937843166,59.97777506230649,30.0,4.933384316125169,607,False,
1.2716100380748694,0.1457516078611773,1.4574486528581363,21.653762762663135,"[{""power_percent"": 25, ""duration_minutes"": 24.797869044089744}, {""power_percent"": 50, ""duration_minutes"": 24.797869044089744}, {""power_percent"": 75, ""duration_minutes"": 24.797869044089744}]",HOT,2.0,200.0,197.35042792531985,1.3989004350433898,16.99642002413523,24.602313774649783,36.91503215722355,132.3667171783823,98.67521396265992,30.0,3.691503215722355,608,False,
2.0973002977495043,0.3459420755504979,0.2615608452565525,5.6252397278435,[],COLD,0.1,20.0,107.70808815580202,-0.39857972828636673,40.97300297749504,34.47442659711908,40.91884151100996,57.94592822900201,53.85404407790101,0.0,4.091884151100996,609,False,
2.095325522994286,0.7444606043527249,0.7044404195126033,29.366504334051697,"[{""power_percent"": 25, ""duration_minutes"": 46.12521103103546}]",COLD,0.1,20.0,161.02308428127108,0.5529516356281775,34.64699467839109,36.75865176032684,48.889212087054496,95.400463349341,80.51154214063554,10.0,4.88892120870545,610,False,
1.223060035959307,0.5968679585630502,1.417302405152506,24.993310609508747,"[{""power_percent"": 25, ""duration_minutes"": 44.88038197282113}, {""power_percent"": 50, ""duration_minutes"": 44.88038197282113}]",HOT,2.0,200.0,218.40195990663776,1.3761006313168287,19.742562162310957,31.634987774082326,45.937359171261,133.79471587044497,109.20097995331888,20.0,4.5937359171261,611,False,
1.6524383850904742,0.5644365133302364,5.899375318612116,32.042677155843464,"[{""power_percent"": 25, ""duration_minutes"": 15.298459171930892}, {""power_percent"": 50, ""duration_minutes"": 15.298459171930892}, {""power_percent"": 75, ""duration_minutes"": 15.298459171930892}]",HOT,2.0,200.0,144.78312353086162,5.85942922365935,22.22961497511511,37.195127471713285,45.28873026660473,106.92043479209129,72.39156176543081,30.0,4.528873026660473,612,False,
0.6490600861754671,0.1076717504692111,6.302288670564871,32.29653108816324,"[{""power_percent"": 25, ""duration_minutes"": 46.12521103103546}]",HOT,2.0,200.0,285.4175815745608,6.264230664677867,20.1843403102029,36.51288201582921,36.153435009384225,156.32413428821883,142.7087907872804,10.0,3.6153435009384225,613,False,
1.5403479164222378,0.5056375128908841,2.564414301753465,44.438816456906544,"[{""power_percent"": 25, ""duration_minutes"": 1.9035546061931674}, {""power_percent"": 50, ""duration_minutes"": 1.9035546061931674}, {""power_percent"": 75, ""duration_minutes"": 1.9035546061931674}]",WARM,0.7,120.0,130.92290595761648,2.5371439476565945,23.1179459732934,33.62515884364016,44.11275025781768,99.87272800459,65.46145297880824,30.0,4.4112750257817686,614,False,
2.9262159460956827,0.28035078927447515,0.6273644865234163,9.963204061394983,[],WARM,0.7,120.0,68.7497029965973,0.17209507304795885,49.26215946095682,33.50948049824687,39.6070157854895,38.3355530768476,34.37485149829865,0.0,3.9607015785489503,615,False,
0.7779833260017909,0.700639379791581,6.1309410337793,40.757807765577915,"[{""power_percent"": 25, ""duration_minutes"": 11.418720106784207}]",WARM,0.7,120.0,230.95225118973005,6.077787267439478,23.2088972546787,46.92699302185404,48.01278759583162,130.27740435444818,115.47612559486502,10.0,4.8012787595831625,616,False,
0.6291420390694602,0.1038238556869343,4.371398822683131,41.819589085011046,"[{""power_percent"": 25, ""duration_minutes"": 54.094666924109}, {""power_percent"": 50, ""duration_minutes"": 54.094666924109}, {""power_percent"": 75, ""duration_minutes"": 54.094666924109}]",HOT,2.0,200.0,411.749806043472,4.547434676402745,6.177220352078249,25.12016389043966,36.07647711373868,239.48255073310986,205.874903021736,30.0,3.6076477113738683,617,False,
0.8107948740526693,0.22815646801459977,6.122422156973223,41.235079401874984,"[{""power_percent"": 25, ""duration_minutes"": 53.90813652695412}, {""power_percent"": 50, ""duration_minutes"": 53.90813652695412}, {""power_percent"": 75, ""duration_minutes"": 53.90813652695412}]",HOT,2.0,200.0,357.59856970988034,6.287125248003227,8.021728261483576,30.13098964269577,38.563129360291995,212.65559779096938,178.79928485494017,30.0,3.8563129360292,618,False,
2.232536990269006,0.29884049183356864,1.8370206672396732,45.93582042832558,"[{""power_percent"": 25, ""duration_minutes"": 32.24004413962202}, {""power_percent"": 50, ""duration_minutes"": 32.24004413962202}]",COLD,0.1,20.0,179.94897088826022,1.8178141984781107,31.101365488727854,31.125724588104845,39.97680983667137,113.97216642779725,89.97448544413011,20.0,3.9976809836671374,619,False,
0.6014335945626313,0.7372713274214591,4.448211007793592,33.41206245202652,"[{""power_percent"": 25, ""duration_minutes"": 15.821991836052007}, {""power_percent"": 50, ""duration_minutes"": 15.821991836052007}, {""power_percent"": 75, ""duration_minutes"": 15.821991836052007}]",HOT,2.0,200.0,305.3936869916617,4.460092014231401,11.641037170218514,36.31969867940001,48.74542654842918,187.57138615067376,152.69684349583085,30.0,4.8745426548429185,620,False,
2.5173009392479058,0.10069290299153981,1.5786872604831597,31.129257486007447,"[{""power_percent"": 25, ""duration_minutes"": 6.49632873153686}, {""power_percent"": 50, ""duration_minutes"": 6.49632873153686}, {""power_percent"": 75, ""duration_minutes"": 6.49632873153686}]",HOT,2.0,200.0,86.91539464545082,1.4722597540238986,32.19856008274853,25.46627072909384,36.013858059830795,77.0590831287085,43.45769732272541,30.0,3.60138580598308,621,False,
2.999098377358833,0.8565028255339623,2.572496548070684,43.98283049284899,"[{""power_percent"": 25, ""duration_minutes"": 43.598779836117544}]",WARM,0.7,120.0,121.30866054559044,2.4820283757695427,43.811044781782456,40.71506360746539,51.130056510679246,75.76733592386314,60.65433027279522,10.0,5.113005651067925,622,False,
0.6454710742355008,0.8994752608673336,5.86288745311532,10.199325706353132,"[{""power_percent"": 25, ""duration_minutes"": 51.349449473498716}, {""power_percent"": 50, ""duration_minutes"": 51.349449473498716}, {""power_percent"": 75, ""duration_minutes"": 51.349449473498716}]",WARM,0.7,120.0,403.99656133390556,5.814312912804514,6.7522933213302,40.49802758402376,51.989505217346675,237.19723118868745,201.99828066695278,30.0,5.198950521734668,623,False,
1.1926475036794155,0.6006313527715713,2.7154105605444814,43.43927209556893,"[{""power_percent"": 25, ""duration_minutes"": 48.01363590100097}, {""power_percent"": 50, ""duration_minutes"": 48.01363590100097}]",HOT,2.0,200.0,233.32966003257107,2.7923675647727206,19.125111446694056,31.757579200287758,46.01262705543142,141.26609272182867,116.66483001628553,20.0,4.601262705543142,624,False,
1.5563474667525652,0.21645473891764686,1.0153596542673007,23.500765037284626,"[{""power_percent"": 25, ""duration_minutes"": 18.700448804041507}, {""power_percent"": 50, ""duration_minutes"": 18.700448804041507}]",WARM,0.7,120.0,155.33063311286645,0.8735112434289889,25.693429787121502,28.106149247303875,38.32909477835294,101.49822603426853,77.66531655643323,20.0,3.832909477835294,625,False,
2.694134143279698,0.7668481941527749,3.740033239686527,39.15161681740082,[],WARM,0.7,120.0,81.92200003025282,3.569177574859744,46.94134143279698,45.282244809206354,49.336963883055496,45.89469640343196,40.96100001512641,0.0,4.93369638830555,626,False,
2.9900516793218004,0.5892961865442463,6.511854819280453,42.12775948513732,[],WARM,0.7,120.0,77.30468484777963,6.347019309018404,49.900516793218,48.69526387709186,45.785923730884925,43.2309347969783,38.65234242388981,0.0,4.578592373088493,627,False,
1.4452979495280367,0.6248105449081769,2.1827309368379173,46.529248649665085,"[{""power_percent"": 25, ""duration_minutes"": 58.123757139652525}]",WARM,0.7,120.0,190.36736035690126,2.184218267894439,27.54679163829774,36.71947569838438,46.49621089816354,109.83330126826698,95.18368017845063,10.0,4.649621089816354,628,False,
1.2645612174307037,0.14649562444851233,1.4574486528581363,17.748242680070636,"[{""power_percent"": 25, ""duration_minutes"": 8.457813859852756}, {""power_percent"": 50, ""duration_minutes"": 8.457813859852756}]",HOT,2.0,200.0,139.358319975977,1.2982712879610379,23.799830788321756,28.33558135607471,36.929912488970245,93.37215123688553,69.6791599879885,20.0,3.692991248897025,629,False,
0.5984463448108314,0.1146266173897345,6.971504201832557,42.712616397886066,[],WARM,0.7,120.0,277.96282188092493,6.9058420464274395,25.984463448108315,43.91852781234193,36.29253234779469,142.61066417524194,138.98141094046247,0.0,3.629253234779469,630,False,
0.5789647662138676,0.37131239454346193,5.679518203907762,41.67712495549305,"[{""power_percent"": 25, ""duration_minutes"": 10.155901620849729}]",COLD,0.1,20.0,316.2421625606276,5.626578264613014,21.28185258109619,43.31010809371158,41.426247890869234,172.2637060694007,158.1210812803138,10.0,4.142624789086923,631,False,
2.646183892242071,0.15863590673826675,1.556234209295153,33.317574264106845,[],WARM,0.7,120.0,81.18067514929007,1.3522922991901116,46.46183892242071,33.61609929944951,37.17271813476533,44.30760938812157,40.590337574645034,0.0,3.7172718134765335,632,False,
0.5764650438404442,0.5056375128908841,5.687734186160743,44.3363089101361,"[{""power_percent"": 25, ""duration_minutes"": 2.274542220362532}, {""power_percent"": 50, ""duration_minutes"": 2.274542220362532}, {""power_percent"": 75, ""duration_minutes"": 2.274542220362532}]",COLD,0.1,20.0,314.8311035889015,5.687517064529027,13.423469105350062,41.03840972717947,44.11275025781768,191.82682682023253,157.41555179445075,30.0,4.4112750257817686,633,False,
1.0011162545910102,0.9456475547915051,4.244386057777946,46.8788207552661,"[{""power_percent"": 25, ""duration_minutes"": 25.3496706050612}, {""power_percent"": 50, ""duration_minutes"": 25.3496706050612}, {""power_percent"": 75, ""duration_minutes"": 25.3496706050612}]",WARM,0.7,120.0,254.44540654835927,4.323663343941086,14.208711955150923,40.155072418598444,52.9129510958301,162.51399838376264,127.22270327417964,30.0,5.291295109583011,634,False,
1.7147630478678515,0.49547204469328476,0.6189950498052956,45.82618121418761,"[{""power_percent"": 25, ""duration_minutes"": 28.866861476455195}, {""power_percent"": 50, ""duration_minutes"": 28.866861476455195}, {""power_percent"": 75, ""duration_minutes"": 28.866861476455195}]",WARM,0.7,120.0,202.32408167414175,0.5739621996050728,20.817601257210235,27.50965690382786,43.90944089386569,135.55298492645744,101.16204083707088,30.0,4.390944089386569,635,False,
1.8259503886027306,0.23641287543029682,1.0153596542673007,23.603463232523296,"[{""power_percent"": 25, ""duration_minutes"": 17.694885748608545}]",WARM,0.7,120.0,121.42492555446398,0.8236373038669398,33.374759598596874,30.936827241239907,38.728257508605935,74.58528852809259,60.71246277723199,10.0,3.872825750860594,636,False,
2.759197787346177,0.8143182061247656,0.5451912611809691,12.05096569151703,"[{""power_percent"": 25, ""duration_minutes"": 10.448897540420536}, {""power_percent"": 50, ""duration_minutes"": 10.448897540420536}, {""power_percent"": 75, ""duration_minutes"": 10.448897540420536}]",HOT,2.0,200.0,87.82560957135503,0.22647583645748576,34.02464324239869,35.741035172497405,50.286364122495314,78.94144119792705,43.912804785677515,30.0,5.028636412249532,637,False,
2.49993283659429,0.7444606043527249,6.7977946867701995,30.134488342110686,[],HOT,2.0,200.0,67.54195846767627,6.6066043033590915,44.9993283659429,48.5291166257731,48.889212087054496,38.65990044254358,33.77097923383813,0.0,4.88892120870545,638,False,
0.9792511469409413,0.6394148495829022,6.302898715277754,35.068166611562916,"[{""power_percent"": 25, ""duration_minutes"": 9.745883429349858}, {""power_percent"": 50, ""duration_minutes"": 9.745883429349858}]",HOT,2.0,200.0,181.69049033062078,6.261629435928193,20.817923126474426,41.694022619789344,46.788296991658044,115.52407486447619,90.84524516531039,20.0,4.678829699165805,639,False,
0.6781586951551628,0.6376458037036367,6.866967777509402,35.333570914521836,"[{""power_percent"": 25, ""duration_minutes"": 25.80294038828761}, {""power_percent"": 50, ""duration_minutes"": 25.80294038828761}]",WARM,0.7,120.0,297.89311822842944,6.845448735966901,16.201292912722867,44.43750877616519,46.75291607407273,173.621850721622,148.94655911421472,20.0,4.6752916074072735,640,False,
0.8812217323264219,0.24275207595388393,1.8370206672396732,45.93582042832558,"[{""power_percent"": 25, ""duration_minutes"": 26.90787882375029}, {""power_percent"": 50, ""duration_minutes"": 26.90787882375029}]",WARM,0.7,120.0,252.3147297881968,1.8732024781640708,18.121429440889187,29.572593516500937,38.85504151907767,150.04286904600616,126.1573648940984,20.0,3.8855041519077673,641,False,
1.4043060089411643,0.976080281659137,2.4033855854074337,43.44011452961695,"[{""power_percent"": 25, ""duration_minutes"": 47.985746160703926}, {""power_percent"": 50, ""duration_minutes"": 47.985746160703926}]",HOT,2.0,200.0,214.31785279223402,2.4718255245488963,21.244485473341246,35.64058978108228,53.52160563318274,132.5110869594353,107.15892639611701,20.0,5.352160563318274,642,False,
0.5984463448108314,0.896953351180308,4.1540882866373785,48.78135649860017,"[{""power_percent"": 25, ""duration_minutes"": 59.02857776622637}, {""power_percent"": 50, ""duration_minutes"": 59.02857776622637}, {""power_percent"": 75, ""duration_minutes"": 59.02857776622637}]",WARM,0.7,120.0,456.8691772098183,4.361924305135226,5.130176783174358,36.35904478847808,51.93906702360616,263.62849530726976,228.43458860490915,30.0,5.193906702360616,643,False,
1.0573731279228205,0.12914175403928752,3.5384053823572046,33.707259854858194,"[{""power_percent"": 25, ""duration_minutes"": 44.016984135492386}, {""power_percent"": 50, ""duration_minutes"": 44.016984135492386}, {""power_percent"": 75, ""duration_minutes"": 44.016984135492386}]",WARM,0.7,120.0,298.52412156730804,3.5924049687759183,11.971183658904348,27.264983240991544,36.58283508078575,182.9203442917326,149.26206078365402,30.0,3.658283508078575,644,False,
1.0557722638230274,0.19598814771450168,3.112925612619259,46.76551332230799,"[{""power_percent"": 25, ""duration_minutes"": 34.87175145010124}, {""power_percent"": 50, ""duration_minutes"": 34.87175145010124}, {""power_percent"": 75, ""duration_minutes"": 34.87175145010124}]",WARM,0.7,120.0,275.22100291765594,3.21790305635049,13.326959920715087,28.039251367303425,37.919762954290036,171.40247775425698,137.61050145882797,30.0,3.791976295429004,645,False,
2.2700285386799375,0.5437014205842897,6.511854819280453,35.9134301677821,[],WARM,0.7,120.0,91.35249345908066,6.338534258739947,42.70028538679937,48.14812668557238,44.87402841168579,50.16364957070891,45.67624672954033,0.0,4.48740284116858,647,False,
1.2110586682385225,0.8117958796813746,0.32596247458743166,12.015114939748655,[],COLD,0.1,20.0,161.96310874750836,-0.2603891825036173,32.110586682385225,40.19347550535136,50.23591759362749,86.00514613311692,80.98155437375418,0.0,5.023591759362749,648,False,
0.6947777774957545,0.9350127822410508,4.885125187933918,12.414468375809847,"[{""power_percent"": 25, ""duration_minutes"": 1.6625828435224421}, {""power_percent"": 50, ""duration_minutes"": 1.6625828435224421}, {""power_percent"": 75, ""duration_minutes"": 1.6625828435224421}]",WARM,0.7,120.0,239.10845887347023,4.698808635619512,14.69839034842918,43.440771306843416,52.70025564482101,154.8242550012172,119.55422943673511,30.0,5.2700255644821015,649,False,
2.1054201965419077,0.39280870768825277,5.657318423122809,19.9962800529997,"[{""power_percent"": 25, ""duration_minutes"": 10.155901620849729}]",COLD,0.1,20.0,121.89947125645192,5.41323519719998,36.54640688437659,43.52366428987916,41.85617415376505,75.13535304360246,60.94973562822596,10.0,4.185617415376505,650,False,
0.92023585243955,0.8425522849596097,5.829622216705594,29.875651193857777,"[{""power_percent"": 25, ""duration_minutes"": 51.349449473498716}, {""power_percent"": 50, ""duration_minutes"": 51.349449473498716}, {""power_percent"": 75, ""duration_minutes"": 51.349449473498716}]",WARM,0.7,120.0,340.51273470641866,5.888115038191653,9.499941103370691,39.74842140031162,50.85104569919219,205.34147192312855,170.25636735320933,30.0,5.08510456991922,651,False,
2.655212104005269,0.43983703833473586,3.0824087042106765,43.43927209556893,"[{""power_percent"": 25, ""duration_minutes"": 5.5221105355443365}, {""power_percent"": 50, ""duration_minutes"": 5.5221105355443365}]",HOT,2.0,200.0,79.06866472616835,3.015880073694968,37.99990998649825,33.11153523630553,42.79674076669472,63.81400643975365,39.534332363084175,20.0,4.279674076669472,652,False,
2.989881121129705,0.24521922777752445,1.6500707547136237,7.334278128849853,[],WARM,0.7,120.0,66.86950218783505,1.2764811786415347,49.89881121129705,34.84277224275754,38.90438455555049,37.325189549472576,33.43475109391753,0.0,3.8904384555550493,653,False,
2.9860458759046287,0.6436330324140649,6.967634490982581,42.80894027654623,"[{""power_percent"": 25, ""duration_minutes"": 34.23078023144939}]",WARM,0.7,120.0,111.80711786887026,6.861277077837121,44.14891974747382,47.23194196399046,46.8726606482813,70.59082499926326,55.90355893443513,10.0,4.68726606482813,654,False,
1.558322259158727,0.7979960843574139,6.874956989799325,13.154540628398077,[],HOT,2.0,200.0,98.70373072599943,6.619551343203365,35.58322259158727,49.325866991887615,49.959921687148274,54.347857531714546,49.35186536299972,0.0,4.995992168714828,655,False,
2.6929235218398633,0.7452474815170941,3.740033239686527,39.15161681740082,[],HOT,2.0,200.0,65.94702977290594,3.5952259997173375,46.92923521839863,42.423036257578175,48.90494963034188,37.864009849487154,32.97351488645297,0.0,4.890494963034189,656,False,
0.8530461530624012,0.34305199512202345,6.435628373237419,45.796932334895686,"[{""power_percent"": 25, ""duration_minutes"": 30.001662511683087}]",COLD,0.1,20.0,254.0811694405099,6.416289783635979,23.03037840503986,43.88783081258863,40.86103990244047,141.126688710499,127.04058472025496,10.0,4.086103990244047,657,False,
2.7199831974416213,0.12218029090026425,3.914871518120807,16.27867984882889,[],HOT,2.0,200.0,58.531003446339625,3.6317442693161155,47.19983197441621,35.295906527044785,36.44360581800528,32.90986230497034,29.265501723169812,0.0,3.6443605818005285,658,False,
0.6517996805367803,0.4142139630424182,6.395694080754499,7.495082269789394,[],HOT,2.0,200.0,230.88057978791332,6.142592587151763,26.5179968053678,43.761955718018015,42.284279260848365,119.6687178200415,115.44028989395666,0.0,4.228427926084836,659,False,
1.2116439537236023,0.8143194830915113,6.516646970316097,11.581010180632195,[],WARM,0.7,120.0,141.77304734620935,6.239667273250945,32.11643953723602,51.40512773773033,50.28638966183023,75.9151626392877,70.88652367310468,0.0,5.028638966183023,660,False,
0.5253496567965008,0.8860114470072816,1.1057430537521504,31.57937953245031,[],WARM,0.7,120.0,309.4979368118206,0.9762053446749923,25.25349656796501,41.44362347159168,51.72022894014563,159.92099129992485,154.7489684059103,0.0,5.172022894014564,661,False,
1.660158272607859,0.7135455993713478,4.516158785470122,22.13469873972556,"[{""power_percent"": 25, ""duration_minutes"": 18.97072725512052}, {""power_percent"": 50, ""duration_minutes"": 18.97072725512052}]",HOT,2.0,200.0,133.43469522962542,4.388502101514401,26.704510000566536,38.45662112808918,48.270911987426956,91.5444388135554,66.71734761481271,20.0,4.827091198742696,662,False,
0.5291257267593823,0.3980681873376768,6.260554847088115,34.20373073003912,"[{""power_percent"": 25, ""duration_minutes"": 55.058657615873244}, {""power_percent"": 50, ""duration_minutes"": 55.058657615873244}]",HOT,2.0,200.0,402.36493381012855,6.322729517629721,11.7853915060065,35.99440848527596,41.961363746753534,225.37860327973962,201.18246690506427,20.0,4.196136374675354,663,False,
1.157082724007164,0.5922197265291598,6.238040201161621,13.786521434723573,"[{""power_percent"": 25, ""duration_minutes"": 37.729026379557475}, {""power_percent"": 50, ""duration_minutes"": 37.729026379557475}, {""power_percent"": 75, ""duration_minutes"": 37.729026379557475}]",HOT,2.0,200.0,245.45940199976772,6.1756630999483475,13.911473283138019,36.187104746512986,45.844394530583195,157.31414045294218,122.72970099988386,30.0,4.5844394530583195,664,False,
0.8695127724126345,0.6741737646081206,4.07142546012779,17.80748354792578,"[{""power_percent"": 25, ""duration_minutes"": 38.676310987791084}, {""power_percent"": 50, ""duration_minutes"": 38.676310987791084}, {""power_percent"": 75, ""duration_minutes"": 38.676310987791084}]",HOT,2.0,200.0,292.38158242790195,4.047518783482213,10.89368107595768,32.75206810665183,47.48347529216241,180.9391387431672,146.19079121395097,30.0,4.748347529216241,665,False,
2.8686988613182454,0.5880682580707157,3.739392622778864,42.506917771032,"[{""power_percent"": 25, ""duration_minutes"": 52.60793694913042}, {""power_percent"": 50, ""duration_minutes"": 52.60793694913042}, {""power_percent"": 75, ""duration_minutes"": 52.60793694913042}]",HOT,2.0,200.0,221.36439997936898,3.8255099857997177,28.795798070812886,29.800890016984578,45.76136516141431,145.25833650582592,110.68219998968449,30.0,4.576136516141431,666,False,
0.9012728736313128,0.8425522849596097,6.1824791456661465,10.788277859919823,"[{""power_percent"": 25, ""duration_minutes"": 51.5359798706535}, {""power_percent"": 50, ""duration_minutes"": 51.5359798706535}, {""power_percent"": 75, ""duration_minutes"": 51.5359798706535}]",WARM,0.7,120.0,338.7757052026258,6.127765837492372,9.282331755715104,40.4373475224888,50.85104569919219,204.4729571712321,169.3878526013129,30.0,5.08510456991922,667,False,
0.9602502681988501,0.7479011630739612,6.645512234851217,13.75851339998933,[],WARM,0.7,120.0,174.8368308800349,6.391653304523198,29.6025026819885,50.86583842658996,48.95802326147922,92.31421776616537,87.41841544001745,0.0,4.895802326147923,668,False,
2.3570608941398286,0.1550833280560977,6.942554817397634,32.601064973712035,"[{""power_percent"": 25, ""duration_minutes"": 56.272940786441275}, {""power_percent"": 50, ""duration_minutes"": 56.272940786441275}, {""power_percent"": 75, ""duration_minutes"": 56.272940786441275}]",WARM,0.7,120.0,256.73771834003514,6.9746975938336355,23.129667823432094,33.28154490068873,37.10166656112195,162.07902582612977,128.36885917001757,30.0,3.7101666561121953,669,False,
0.9351523139628604,0.48255424112471174,6.411480970374299,33.77843884700192,"[{""power_percent"": 25, ""duration_minutes"": 11.341742643057234}]",WARM,0.7,120.0,196.37695192799268,6.3100872535408525,24.784436007475744,44.87336055495342,43.651084822494234,112.55358444624576,98.18847596399634,10.0,4.365108482249424,670,False,
0.5012321920418281,0.5734334662445368,3.7107029760031747,22.624223423446786,"[{""power_percent"": 25, ""duration_minutes"": 9.541030206785388}, {""power_percent"": 50, ""duration_minutes"": 9.541030206785388}]",HOT,2.0,200.0,323.6318296932183,3.6134810892757527,16.058218899739742,35.73014573453367,45.46866932489073,186.36278177909824,161.81591484660916,20.0,4.546866932489073,671,False,
1.558322259158727,0.7599007636502475,6.874956989799325,17.63869829401692,"[{""power_percent"": 25, ""duration_minutes"": 28.24855598856338}]",HOT,2.0,200.0,128.29753401424844,6.69470484518564,30.170794792159104,46.02126646374472,49.19801527300495,79.06856853442471,64.14876700712422,10.0,4.919801527300495,672,False,
0.8056230739240372,0.1304747979987354,0.5918366232958641,12.494520830709135,"[{""power_percent"": 25, ""duration_minutes"": 28.866861476455195}, {""power_percent"": 50, ""duration_minutes"": 28.866861476455195}, {""power_percent"": 75, ""duration_minutes"": 28.866861476455195}]",WARM,0.7,120.0,291.0402314386337,0.38317940975252296,11.726201517772093,23.18400679651213,36.60949595997471,179.18106531531433,145.52011571931686,30.0,3.660949595997471,673,False,
0.6781586951551628,0.9993117677912333,6.866967777509402,37.25369733869324,"[{""power_percent"": 25, ""duration_minutes"": 25.80294038828761}, {""power_percent"": 50, ""duration_minutes"": 25.80294038828761}]",WARM,0.7,120.0,298.4691561556809,6.856969494511929,16.201292912722867,48.777500345216346,53.98623535582467,174.6332016134229,149.23457807784044,20.0,5.398623535582467,674,False,
1.0573731279228205,0.7705098576757916,3.5384053823572046,33.809958050074684,"[{""power_percent"": 25, ""duration_minutes"": 43.87730067141754}]",WARM,0.7,120.0,210.38127929081335,3.4648475062121578,24.37986624565733,41.60661003668138,49.41019715351583,120.13165936075826,105.19063964540668,10.0,4.941019715351583,675,False,
2.6449732708022364,0.5292092987070314,6.125140481489178,33.686618101065015,[],HOT,2.0,200.0,65.31733357732898,5.949461259263479,46.44973270802237,44.60079254746274,44.584185974140624,37.11708538607855,32.65866678866449,0.0,4.458418597414062,676,False,
0.9592713118955785,0.2188135642876803,5.480345918390171,35.075242485078014,"[{""power_percent"": 25, ""duration_minutes"": 52.37250639225948}, {""power_percent"": 50, ""duration_minutes"": 52.37250639225948}, {""power_percent"": 75, ""duration_minutes"": 52.37250639225948}]",HOT,2.0,200.0,322.5087835947244,5.597544040001593,9.736837160116863,28.872929032929154,38.3762712857536,195.09201892593754,161.2543917973622,30.0,3.8376271285753605,677,False,
0.6439287566554612,0.49667502032313,1.6219502015188063,12.675584625049197,"[{""power_percent"": 25, ""duration_minutes"": 56.15090745270561}, {""power_percent"": 50, ""duration_minutes"": 56.15090745270561}, {""power_percent"": 75, ""duration_minutes"": 56.15090745270561}]",HOT,2.0,200.0,403.7004222528359,1.6286992813610002,6.016651448648769,25.662618170096444,43.9335004064626,236.2435611670642,201.85021112641795,30.0,4.3933500406462604,678,False,
2.9479484301760768,0.14678290643439668,1.4475245495179787,35.9134301677821,[],WARM,0.7,120.0,76.15687301889099,1.2470871933176284,49.47948430176077,33.25644397624872,36.93565812868793,41.772002322314286,38.078436509445496,0.0,3.6935658128687936,679,False,
2.5119343067904523,0.9718542776245015,6.737217792221464,45.61241509227619,"[{""power_percent"": 25, ""duration_minutes"": 48.59983761146318}, {""power_percent"": 50, ""duration_minutes"": 48.59983761146318}, {""power_percent"": 75, ""duration_minutes"": 48.59983761146318}]",COLD,0.1,20.0,253.69817480868815,6.806214423337891,25.829367426185048,44.56270153090526,53.43708555249003,162.19279595959307,126.84908740434408,30.0,5.343708555249004,680,False,
0.9773038579157085,0.8699058249289887,4.1540882866373785,20.906612122151596,"[{""power_percent"": 25, ""duration_minutes"": 58.852932580037226}, {""power_percent"": 50, ""duration_minutes"": 58.852932580037226}, {""power_percent"": 75, ""duration_minutes"": 58.852932580037226}]",WARM,0.7,120.0,350.8142643130717,4.178994602793771,8.9450986921515,36.05028254021927,51.398116498579775,210.54694380639384,175.40713215653585,30.0,5.139811649857978,681,False,
0.6490600861754671,0.11860685009091598,6.302288670564871,32.40715590627399,[],HOT,2.0,200.0,239.32555798895856,6.198769202555496,26.49060086175467,40.02785954222073,36.37213700181832,123.29999269466111,119.66277899447928,0.0,3.6372137001818317,682,False,
2.0031030747773757,0.7979960843574139,4.4612467687414545,13.154540628398077,[],WARM,0.7,120.0,93.33017714979943,4.162049889520747,40.031030747773755,47.09844654977187,49.959921687148274,51.66108074361454,46.66508857489971,0.0,4.995992168714828,683,False,
0.5070890680856692,0.1874507854062359,1.398658106494843,41.81943315390784,"[{""power_percent"": 25, ""duration_minutes"": 54.07843684310923}, {""power_percent"": 50, ""duration_minutes"": 54.07843684310923}, {""power_percent"": 75, ""duration_minutes"": 54.07843684310923}]",HOT,2.0,200.0,469.087162416124,1.5795264532241908,4.959125154390307,22.58503389600531,37.749015708124716,268.31848277887445,234.543581208062,30.0,3.774901570812472,684,False,
0.9382836368096162,0.5822123645153559,0.1710058493147113,38.35577540574863,"[{""power_percent"": 25, ""duration_minutes"": 52.60793694913042}, {""power_percent"": 50, ""duration_minutes"": 52.60793694913042}, {""power_percent"": 75, ""duration_minutes"": 52.60793694913042}]",WARM,0.7,120.0,343.69691448463846,-0.01656703287579034,9.4916458257266,27.309822350133107,45.64424729030711,206.41288197134995,171.84845724231923,30.0,4.564424729030711,685,False,
2.9262159460956827,0.28035078927447515,0.6281655666392303,12.15389030380658,"[{""power_percent"": 25, ""duration_minutes"": 10.448897540420536}, {""power_percent"": 50, ""duration_minutes"": 10.448897540420536}, {""power_percent"": 75, ""duration_minutes"": 10.448897540420536}]",WARM,0.7,120.0,100.7536014905824,0.27738696323950407,35.69482482989374,26.567477559377398,39.6070157854895,84.33750232384016,50.3768007452912,30.0,3.9607015785489503,686,False,
0.9602502681988501,0.7479011630739612,6.6696907704917825,13.205414803689003,[],WARM,0.7,120.0,174.6709013011448,6.412513248585961,29.6025026819885,50.91419549787109,48.95802326147922,92.23125297672033,87.3354506505724,0.0,4.895802326147923,687,False,
0.5142432497806669,0.555146609559567,6.486270690427126,11.903548976161854,"[{""power_percent"": 25, ""duration_minutes"": 51.45552371955485}, {""power_percent"": 50, ""duration_minutes"": 51.45552371955485}, {""power_percent"": 75, ""duration_minutes"": 51.45552371955485}]",WARM,0.7,120.0,464.1283873858841,6.453488825451534,5.424103939873438,37.60330356080912,45.102932191191336,266.57448691206116,232.06419369294204,30.0,4.510293219119133,688,False,
1.0216790583622704,0.34230023586367186,6.741734604524421,43.28520951743987,"[{""power_percent"": 25, ""duration_minutes"": 29.198867349044036}]",COLD,0.1,20.0,223.50157280133263,6.699777566643612,24.756847216170502,44.51510601894158,40.84600471727344,125.83538687239366,111.75078640066631,10.0,4.084600471727344,689,False,
0.799496297275324,0.2188135642876803,0.585409040014401,35.075242485078014,"[{""power_percent"": 25, ""duration_minutes"": 52.212478789987756}, {""power_percent"": 50, ""duration_minutes"": 52.212478789987756}, {""power_percent"": 75, ""duration_minutes"": 52.212478789987756}]",WARM,0.7,120.0,369.27813881939977,0.5825180794038194,8.163091154255074,22.155821600324465,38.3762712857536,218.47669653827523,184.63906940969989,30.0,3.8376271285753605,690,False,
2.826997169221811,0.12469708237160815,3.914871518120807,16.27867984882889,[],HOT,2.0,200.0,56.44343777163497,3.627463710444908,48.269971692218114,35.326108024700915,36.493941647432166,31.8711130505607,28.221718885817484,0.0,3.649394164743217,691,False,
2.713164603484206,0.12916531591494573,0.6178021335449382,9.614758358458463,"[{""power_percent"": 25, ""duration_minutes"": 43.63530656561615}]",HOT,2.0,200.0,100.30572733997289,0.25859940612193677,40.94988070656126,31.005320326920987,36.58330631829891,63.811194301816336,50.152863669986445,10.0,3.658330631829891,692,False,
1.0557722638230274,0.19598814771450168,3.2038095750451525,46.76551332230799,[],HOT,2.0,200.0,154.60574856735218,3.170171764426079,30.557722638230274,34.75947692266433,37.919762954290036,81.0948505791051,77.30287428367609,0.0,3.791976295429004,693,False,
1.6003318416745063,0.8885360817267222,1.2598991885038104,31.988283763595913,"[{""power_percent"": 25, ""duration_minutes"": 15.298459171930892}, {""power_percent"": 50, ""duration_minutes"": 15.298459171930892}, {""power_percent"": 75, ""duration_minutes"": 15.298459171930892}]",HOT,2.0,200.0,147.7224228285941,1.2217109949341984,21.708549540955428,34.765773278239266,51.77072163453444,109.03828357775049,73.86121141429705,30.0,5.1770721634534445,694,False,
0.5984463448108314,0.1146266173897345,6.6637469435014625,33.10129669756901,"[{""power_percent"": 25, ""duration_minutes"": 36.543721589221065}]",WARM,0.7,120.0,311.6231475600508,6.596960591483663,20.15727736864726,40.20670164800311,36.29253234779469,169.44082701480488,155.8115737800254,10.0,3.629253234779469,695,False,
0.5984463448108314,0.9804844969901605,4.1540882866373785,46.95706956213499,"[{""power_percent"": 25, ""duration_minutes"": 47.73066177568388}, {""power_percent"": 50, ""duration_minutes"": 47.73066177568388}, {""power_percent"": 75, ""duration_minutes"": 47.73066177568388}]",WARM,0.7,120.0,422.42814315725127,4.317084835544807,6.824864181755732,38.37823097734513,53.60968993980321,246.57504057260596,211.21407157862564,30.0,5.360968993980322,696,False,
1.1926475036794155,0.7050646754480725,2.7154105605444814,42.93116484237212,"[{""power_percent"": 25, ""duration_minutes"": 54.6843401731791}, {""power_percent"": 50, ""duration_minutes"": 54.6843401731791}]",HOT,2.0,200.0,246.51863640096826,2.802660329797896,18.458041019476244,32.61053681607508,48.10129350896145,148.06944755138028,123.25931820048413,20.0,4.810129350896145,697,False,
1.038596872554463,0.5631206135059433,6.486270690427126,47.36197117462261,[],WARM,0.7,120.0,173.1342140014037,6.430898642572682,30.38596872554463,48.32998874292557,45.262412270118865,91.09334822771373,86.56710700070185,0.0,4.526241227011886,698,False,
0.9065872909867442,0.8425522849596097,5.970112189912101,41.867462804550165,"[{""power_percent"": 25, ""duration_minutes"": 51.349449473498716}, {""power_percent"": 50, ""duration_minutes"": 51.349449473498716}, {""power_percent"": 75, ""duration_minutes"": 51.349449473498716}]",WARM,0.7,120.0,346.56424883057525,6.101101823520427,9.363455488842632,40.02940134672463,50.85104569919219,208.36722898520685,173.28212441528763,30.0,5.08510456991922,699,False,
1.2645612174307037,0.22599902093799526,1.4574486528581363,18.918033184812245,"[{""power_percent"": 25, ""duration_minutes"": 46.31002032947318}, {""power_percent"": 50, ""duration_minutes"": 46.31002032947318}]",HOT,2.0,200.0,215.41367006664032,1.3809944439287283,20.014610141359714,27.018489725771282,38.51998041875991,131.55883307519616,107.70683503332016,20.0,3.8519980418759907,700,False,
0.9074513333261199,0.9287556938381676,6.661659232505654,43.322907944366676,"[{""power_percent"": 25, ""duration_minutes"": 51.13490442294245}]",COLD,0.1,20.0,263.92989747813317,6.64643353126175,22.51776811211408,50.734339658381046,52.57511387676335,147.22246012674293,131.96494873906659,10.0,5.2575113876763355,701,False,
1.2236453214443868,0.5968679585630502,1.5933019003517628,24.81816892131988,"[{""power_percent"": 25, ""duration_minutes"": 18.26564444969633}, {""power_percent"": 50, ""duration_minutes"": 18.26564444969633}, {""power_percent"": 75, ""duration_minutes"": 18.26564444969633}]",WARM,0.7,120.0,199.32692496332837,1.5100620343709958,17.49660654698942,31.305111302987456,45.937359171261,134.25719839879028,99.66346248166418,30.0,4.5937359171261,702,False,
2.084318089704184,0.4144771770013724,5.667387930223631,5.175190999030237,"[{""power_percent"": 25, ""duration_minutes"": 16.467758991565034}, {""power_percent"": 50, ""duration_minutes"": 16.467758991565034}, {""power_percent"": 75, ""duration_minutes"": 16.467758991565034}]",COLD,0.1,20.0,157.4218171735348,5.41446962960434,26.373017048307084,38.626403675222875,42.289543540027445,112.93986294077014,78.7109085867674,30.0,4.228954354002744,703,False,
0.5790379344633978,0.6510396285692419,1.585095664442847,21.340655957188147,"[{""power_percent"": 25, ""duration_minutes"": 44.038807302931886}, {""power_percent"": 50, ""duration_minutes"": 44.038807302931886}, {""power_percent"": 75, ""duration_minutes"": 44.038807302931886}]",WARM,0.7,120.0,412.06900395094755,1.5840945047162356,7.184558249194193,29.619174214452727,47.02079257138484,240.73658123261225,206.03450197547377,30.0,4.702079257138484,704,False,
2.118422016002693,0.9736639972352589,6.874644716031072,37.61857404650692,"[{""power_percent"": 25, ""duration_minutes"": 22.961295200934806}, {""power_percent"": 50, ""duration_minutes"": 22.961295200934806}]",WARM,0.7,120.0,142.51558383165622,6.803541870071874,30.888090639933452,48.65557968682916,53.473279944705176,96.60511991029863,71.25779191582811,20.0,5.347327994470518,705,False,
0.6035621162539491,0.14555672354329469,3.301383585161685,36.72735748659852,"[{""power_percent"": 25, ""duration_minutes"": 8.117220560054239}, {""power_percent"": 50, ""duration_minutes"": 8.117220560054239}, {""power_percent"": 75, ""duration_minutes"": 8.117220560054239}]",WARM,0.7,120.0,298.3944133938858,3.283956907111281,12.818038078531355,30.218898002438028,36.91113447086589,182.8883201440295,149.1972066969429,30.0,3.691113447086589,706,False,
2.9920114464453427,0.5892961865442463,6.513446632527566,41.819733204322844,[],WARM,0.7,120.0,77.17941800596758,6.346684573895688,49.92011446445343,48.69844750358609,45.785923730884925,43.16830137607228,38.58970900298379,0.0,4.578592373088493,707,False,
2.8686988613182454,0.9068079572962195,3.742670523542341,42.506917771032,"[{""power_percent"": 25, ""duration_minutes"": 52.95490883034472}, {""power_percent"": 50, ""duration_minutes"": 52.95490883034472}, {""power_percent"": 75, ""duration_minutes"": 52.95490883034472}]",WARM,0.7,120.0,238.4053156230119,3.803828802206838,28.74375228863074,36.20109473990829,52.13615914592439,154.41627372609838,119.20265781150594,30.0,5.213615914592439,708,False,
0.9666776336231052,0.48255424112471174,2.0100768007175667,33.4206987561661,"[{""power_percent"": 25, ""duration_minutes"": 58.6873231859101}]",WARM,0.7,120.0,238.38418617503999,1.9526212110955494,22.732410176935545,34.65018479935437,43.651084822494234,133.5572015697694,119.19209308751999,10.0,4.365108482249424,709,False,
0.9445734307730413,0.7341974040725396,4.777614135344372,38.42057627371908,"[{""power_percent"": 25, ""duration_minutes"": 11.244519248737129}, {""power_percent"": 50, ""duration_minutes"": 11.244519248737129}, {""power_percent"": 75, ""duration_minutes"": 11.244519248737129}]",WARM,0.7,120.0,218.56157187558688,4.766088213501975,15.759056420419842,39.95359038717288,48.683948081450794,144.1491807459385,109.28078593779344,30.0,4.86839480814508,710,False,
0.7867210417826651,0.9497291955837124,6.817256890938976,38.00791918910925,[],WARM,0.7,120.0,216.56716293480105,6.715835564402324,27.86721041782665,53.6312641288825,52.99458391167425,113.58303985856794,108.28358146740052,0.0,5.299458391167425,711,False,
1.049550729701273,0.20487736806729084,3.112925612619259,49.10442907219383,"[{""power_percent"": 25, ""duration_minutes"": 34.87175145010124}, {""power_percent"": 50, ""duration_minutes"": 34.87175145010124}, {""power_percent"": 75, ""duration_minutes"": 34.87175145010124}]",WARM,0.7,120.0,276.7648773050511,3.232185412214675,13.264744579497542,28.145922011536893,38.09754736134582,172.19219338866012,138.38243865252554,30.0,3.809754736134582,712,False,
0.961474567083112,0.7479011630739612,6.495029612092843,11.49194123449362,[],WARM,0.7,120.0,173.95794929566858,6.227522276816479,29.61474567083112,50.56487318107322,48.95802326147922,91.87477697398222,86.97897464783429,0.0,4.895802326147923,713,False,
1.3824033710523167,0.9751720024485105,6.865335530568206,43.034638965094665,"[{""power_percent"": 25, ""duration_minutes"": 22.965924313937826}, {""power_percent"": 50, ""duration_minutes"": 22.965924313937826}, {""power_percent"": 75, ""duration_minutes"": 22.965924313937826}]",WARM,0.7,120.0,204.81484447675967,6.899145002458494,18.379145063432492,45.96580190226414,53.50344004897021,137.75776624327685,102.40742223837984,30.0,5.350344004897021,714,False,
0.6291420390694602,0.1038238556869343,4.371398822683131,41.819589085011046,"[{""power_percent"": 25, ""duration_minutes"": 54.094666924109}, {""power_percent"": 50, ""duration_minutes"": 54.094666924109}]",HOT,2.0,200.0,357.655139119363,4.473340009478637,12.8819536982837,28.743003898162932,36.07647711373868,202.43521727105536,178.8275695596815,20.0,3.6076477113738683,715,False,
0.829888797736575,0.9237857745751881,0.9243837168606217,9.810113729695756,"[{""power_percent"": 25, ""duration_minutes"": 18.84987445686782}, {""power_percent"": 50, ""duration_minutes"": 18.84987445686782}, {""power_percent"": 75, ""duration_minutes"": 18.84987445686782}]",WARM,0.7,120.0,254.73976530577323,0.7685984706999366,13.471406808835578,33.83770802750539,52.47571549150376,162.61745420203698,127.36988265288662,30.0,5.2475715491503765,716,False,
0.7610007539689344,0.6041942670209979,1.6219502015188063,32.60023098066393,"[{""power_percent"": 25, ""duration_minutes"": 56.98140024009934}, {""power_percent"": 50, ""duration_minutes"": 56.98140024009934}, {""power_percent"": 75, ""duration_minutes"": 56.98140024009934}]",HOT,2.0,200.0,376.33314174384543,1.7460557579643305,7.062797503674444,26.878104779605422,46.083885340419954,222.77495940596472,188.16657087192272,30.0,4.608388534041995,717,False,
1.1845345909465337,0.5968679585630502,1.6398378423775415,24.81816892131988,"[{""power_percent"": 25, ""duration_minutes"": 10.79301679567825}, {""power_percent"": 50, ""duration_minutes"": 10.79301679567825}, {""power_percent"": 75, ""duration_minutes"": 10.79301679567825}]",HOT,2.0,200.0,164.9565143000712,1.5617445226546345,18.2263933901136,30.911368306390475,45.937359171261,117.0719930671617,82.4782571500356,30.0,4.5937359171261,718,False,
0.8996972787799515,0.8698897892003838,0.6132233076628653,13.435339210401477,"[{""power_percent"": 25, ""duration_minutes"": 28.89289621931244}, {""power_percent"": 50, ""duration_minutes"": 28.89289621931244}, {""power_percent"": 75, ""duration_minutes"": 28.89289621931244}]",HOT,2.0,200.0,255.93203543525837,0.4325261404320133,12.663038354902646,34.61187019534076,51.39779578400768,163.10579729602995,127.96601771762919,30.0,5.139779578400768,719,False,
2.9409452379159533,0.6153492298497029,3.745176580120986,13.412642464089473,"[{""power_percent"": 25, ""duration_minutes"": 32.485853977347595}]",HOT,2.0,200.0,86.01365660636577,3.488500479366232,43.78515968029215,37.89996829911798,46.306984596994056,57.63752676288229,43.006828303182886,10.0,4.630698459699405,720,False,
0.9577683908357317,0.659075589133974,6.930409371903963,20.38562568609907,"[{""power_percent"": 25, ""duration_minutes"": 9.710404059617243}]",WARM,0.7,120.0,186.94015570329802,6.746122794446744,25.092163705376453,48.0784136916271,47.18151178267948,108.18822902991695,93.47007785164901,10.0,4.718151178267948,721,False,
1.0132224148933822,0.9664078442160726,2.03387253827743,44.55132055736288,"[{""power_percent"": 25, ""duration_minutes"": 1.667184405264862}]",HOT,2.0,200.0,161.57510094622995,2.0103187494311365,26.04886492867058,39.61462367498979,53.32815688432145,96.12036616154712,80.78755047311498,10.0,5.332815688432145,722,False,
2.7199831974416213,0.12218029090026425,6.958899487203004,14.606761988489746,[],HOT,2.0,200.0,58.02942808823788,6.665740731236277,47.19983197441621,41.38396246520918,36.44360581800528,32.659074625919466,29.01471404411894,0.0,3.6443605818005285,723,False,
2.0909279679158774,0.8187309606072467,5.060391372376515,11.086187512876956,"[{""power_percent"": 25, ""duration_minutes"": 23.78935528063878}, {""power_percent"": 50, ""duration_minutes"": 23.78935528063878}, {""power_percent"": 75, ""duration_minutes"": 23.78935528063878}]",WARM,0.7,120.0,160.93240486594954,4.876639444579056,25.340876387062956,40.4045122967825,50.374619212144935,115.50366435418925,80.46620243297477,30.0,5.0374619212144935,724,False,
2.5173009392479058,0.10914705453317428,1.5786872604831597,31.129257486007447,"[{""power_percent"": 25, ""duration_minutes"": 6.584397969556208}, {""power_percent"": 50, ""duration_minutes"": 6.584397969556208}]",HOT,2.0,200.0,80.59520438995266,1.4459395637684005,36.51456959552344,27.757326255258402,36.18294109066348,63.915896304042676,40.29760219497633,20.0,3.6182941090663485,725,False,
0.5984463448108314,0.15736040965699907,4.184330633810614,46.95706956213499,"[{""power_percent"": 25, ""duration_minutes"": 9.360239159760377}, {""power_percent"": 50, ""duration_minutes"": 9.360239159760377}, {""power_percent"": 75, ""duration_minutes"": 9.360239159760377}]",WARM,0.7,120.0,307.31687530948074,4.232215914870272,12.580427574144258,32.014564659126776,37.14720819313998,187.37315847405438,153.65843765474037,30.0,3.7147208193139982,726,False,
2.6454996422146113,0.17499339503054595,6.668587906249694,34.318185751015164,"[{""power_percent"": 25, ""duration_minutes"": 10.140652693649482}, {""power_percent"": 50, ""duration_minutes"": 10.140652693649482}]",HOT,2.0,200.0,85.7768254809477,6.556958340454499,37.44093115278116,36.82865739124697,37.49986790061092,66.63839953053494,42.88841274047385,20.0,3.7499867900610924,727,False,
0.5994850314629903,0.20565084912617282,4.445728597085247,14.096493570940092,"[{""power_percent"": 25, ""duration_minutes"": 41.55887629002755}, {""power_percent"": 50, ""duration_minutes"": 41.55887629002755}, {""power_percent"": 75, ""duration_minutes"": 41.55887629002755}]",WARM,0.7,120.0,393.6203314848405,4.393004786122448,7.761018871125771,30.21896851758209,38.113016982523455,230.6214674406726,196.81016574242025,30.0,3.8113016982523455,728,False,
2.919857628110452,0.725418505801561,3.8784125126092093,42.57171863899947,"[{""power_percent"": 25, ""duration_minutes"": 45.44777922453725}, {""power_percent"": 50, ""duration_minutes"": 45.44777922453725}]",HOT,2.0,200.0,153.5394418425122,3.8759440777678624,36.653798358650796,35.73498034136492,48.508370116031216,101.62055793285921,76.7697209212561,20.0,4.850837011603122,729,False,
2.9262159460956827,0.28035078927447515,0.53348263250604,9.963204061394983,[],HOT,2.0,200.0,52.74970299659731,0.10421321903058257,49.26215946095682,36.297244206281626,39.6070157854895,30.335553076847603,26.374851498298653,0.0,3.9607015785489503,730,False,
2.9900516793218004,0.6197950968984967,6.511854819280453,42.680362655742854,[],WARM,0.7,120.0,77.4704657989613,6.350334928042037,49.900516793218,49.061250801342865,46.39590193796993,43.37482309327764,38.73523289948065,0.0,4.639590193796994,731,False,
0.8996972787799515,0.8822084780650031,0.25541833023562577,13.435339210401477,"[{""power_percent"": 25, ""duration_minutes"": 32.53102006144533}, {""power_percent"": 50, ""duration_minutes"": 32.53102006144533}, {""power_percent"": 75, ""duration_minutes"": 32.53102006144533}]",WARM,0.7,120.0,282.84640696165707,-0.14036446546882747,12.117319778582715,32.54787327077871,51.64416956130006,176.58762043695853,141.42320348082853,30.0,5.164416956130006,732,False,
2.655212104005269,0.43983703833473586,2.7579858735100804,45.95099491300924,"[{""power_percent"": 25, ""duration_minutes"": 6.325830341784091}, {""power_percent"": 50, ""duration_minutes"": 6.325830341784091}]",HOT,2.0,200.0,81.42962118387996,2.7081350195114933,37.91953800587428,32.414466386529945,42.79674076669472,64.99448466860945,40.71481059193998,20.0,4.279674076669472,733,False,
0.9653980885443979,0.7713517640545702,5.037032199851925,40.67552727363373,"[{""power_percent"": 25, ""duration_minutes"": 29.026767858592187}, {""power_percent"": 50, ""duration_minutes"": 29.026767858592187}, {""power_percent"": 75, ""duration_minutes"": 29.026767858592187}]",HOT,2.0,200.0,253.15927934118207,5.117549743527727,13.29996570665515,36.7178764610854,49.427035281091406,161.52234319870018,126.57963967059104,30.0,4.942703528109141,734,False,
2.0113193021890194,0.9404950199280111,6.874644716031072,37.61857404650692,"[{""power_percent"": 25, ""duration_minutes"": 22.965924313937826}, {""power_percent"": 50, ""duration_minutes"": 22.965924313937826}, {""power_percent"": 75, ""duration_minutes"": 22.965924313937826}]",COLD,0.1,20.0,189.2612601773872,6.838801161164365,24.668304374799522,46.768296482943875,52.809900398560224,129.91162012854963,94.6306300886936,30.0,5.2809900398560226,735,False,
0.85506868943586,0.4297975607755672,0.6042058778297674,43.012198116403496,"[{""power_percent"": 25, ""duration_minutes"": 26.98330127386633}, {""power_percent"": 50, ""duration_minutes"": 26.98330127386633}, {""power_percent"": 75, ""duration_minutes"": 26.98330127386633}]",WARM,0.7,120.0,283.7780664025351,0.571026222772353,12.503191703278652,26.9206618589993,42.59595121551134,176.1486283228187,141.88903320126755,30.0,4.2595951215511345,736,False,
2.6449732708022364,0.5292092987070314,6.034227454220182,33.686618101065015,"[{""power_percent"": 25, ""duration_minutes"": 13.454055233783757}, {""power_percent"": 50, ""duration_minutes"": 13.454055233783757}, {""power_percent"": 75, ""duration_minutes"": 13.454055233783757}]",WARM,0.7,120.0,121.67949927868025,5.932910397695832,32.431624422954805,39.80810152188421,44.584185974140624,95.2981682367542,60.83974963934013,30.0,4.458418597414062,737,False,
1.3029270587601478,0.5157862574478846,6.025971286185147,22.54850122118102,[],HOT,2.0,200.0,120.38995127923309,5.837145211161826,33.029270587601474,44.241377661744906,44.31572514895769,64.6265481545123,60.194975639616544,0.0,4.431572514895769,738,False,
0.9351523139628604,0.48255424112471174,6.411480970374299,47.43961043276731,"[{""power_percent"": 25, ""duration_minutes"": 9.669907460121872}, {""power_percent"": 50, ""duration_minutes"": 9.669907460121872}, {""power_percent"": 75, ""duration_minutes"": 9.669907460121872}]",WARM,0.7,120.0,218.14328314103065,6.449722262792753,15.901037020610323,40.34332116283417,43.651084822494234,143.43675005276475,109.07164157051533,30.0,4.365108482249424,739,False,
1.4043060089411643,0.8654726538232959,2.4033855854074337,43.44011452961695,"[{""power_percent"": 25, ""duration_minutes"": 59.08272164277461}, {""power_percent"": 50, ""duration_minutes"": 59.08272164277461}]",HOT,2.0,200.0,236.5118037563754,2.4940194755130376,20.134787925134177,33.64747971812794,51.309453076465914,143.38684718583428,118.2559018781877,20.0,5.130945307646591,740,False,
0.7610007539689344,0.6046818677847441,1.6219502015188063,43.48717794849663,"[{""power_percent"": 25, ""duration_minutes"": 48.011683655924955}, {""power_percent"": 50, ""duration_minutes"": 48.011683655924955}, {""power_percent"": 75, ""duration_minutes"": 48.011683655924955}]",WARM,0.7,120.0,368.69007608167215,1.7584682900188036,8.408254991300602,28.7790312874213,46.09363735569488,218.95440177640558,184.34503804083607,30.0,4.609363735569488,741,False,
2.2700285386799375,0.5444213958695926,6.511854819280453,35.5562437924992,"[{""power_percent"": 25, ""duration_minutes"": 11.20624267738588}, {""power_percent"": 50, ""duration_minutes"": 11.20624267738588}]",WARM,0.7,120.0,113.65782290126755,6.398803625843021,33.57966111906079,43.484391828352855,44.88842791739185,81.31775424237296,56.828911450633775,20.0,4.488842791739185,742,False,
0.627407921000237,0.1038238556869343,4.230908653146119,10.15651277293004,"[{""power_percent"": 25, ""duration_minutes"": 54.094666924109}, {""power_percent"": 50, ""duration_minutes"": 54.094666924109}, {""power_percent"": 75, ""duration_minutes"": 54.094666924109}]",HOT,2.0,200.0,402.9098616107743,4.217035413716016,6.159879171386018,24.83918355136564,36.07647711373868,235.06257851676102,201.45493080538716,30.0,3.6076477113738683,743,False,
1.2588654186255952,0.14838124851849926,4.734524568446441,42.2689917903231,[],WARM,0.7,120.0,146.3356109858809,4.639783902443355,32.58865418625595,39.84962411911488,36.96762497036998,76.86456798997744,73.16780549294045,0.0,3.6967624970369983,744,False,
0.5629097067874725,0.5056375128908841,2.935802208727054,46.75390348421034,"[{""power_percent"": 25, ""duration_minutes"": 3.9060454050866467}]",COLD,0.1,20.0,318.90479311997314,2.907715286765904,21.433794797620394,39.62207320999212,44.11275025781768,173.86367158576834,159.45239655998657,10.0,4.4112750257817686,745,False,
1.8259503886027306,0.23641287543029682,1.061895596295627,23.603463232523296,"[{""power_percent"": 25, ""duration_minutes"": 43.46804787725181}]",HOT,2.0,200.0,131.19808768310725,0.9219464080239093,32.086101492164715,31.40912187625475,38.728257508605935,79.47186959241422,65.59904384155362,10.0,3.872825750860594,746,False,
1.6591641943904174,0.5641732993712907,0.5068056500453624,33.29639023387216,[],HOT,2.0,200.0,98.89588252128779,0.2682174236729786,36.59164194390417,39.756468292364765,45.283465987425814,53.976287859386474,49.447941260643894,0.0,4.528346598742582,747,False,
1.156082078007871,0.8964231821391629,4.1540882866373785,49.32959297447609,"[{""power_percent"": 25, ""duration_minutes"": 59.02857776622637}, {""power_percent"": 50, ""duration_minutes"": 59.02857776622637}, {""power_percent"": 75, ""duration_minutes"": 59.02857776622637}]",HOT,2.0,200.0,320.13318428409843,4.3689082946625994,10.706534115144754,33.75268275998434,51.92846364278326,195.25943850632754,160.06659214204922,30.0,5.192846364278326,748,False,
2.5173009392479058,0.13663209785984864,1.5786872604831597,31.129257486007447,[],HOT,2.0,200.0,67.42640845084024,1.392770767829288,45.17300939247906,32.48221065335186,36.732641957196975,37.38646842113982,33.71320422542012,0.0,3.673264195719698,749,False,
1.0300320179193603,0.1707853741055545,4.184330633810614,46.95706956213499,"[{""power_percent"": 25, ""duration_minutes"": 53.106454827161784}, {""power_percent"": 50, ""duration_minutes"": 53.106454827161784}, {""power_percent"": 75, ""duration_minutes"": 53.106454827161784}]",WARM,0.7,120.0,333.5330264580386,4.346191134948135,10.334351955119336,28.238504822443325,37.41570748211109,200.5080839772304,166.7665132290193,30.0,3.741570748211109,750,False,
0.5142392587099553,0.5619130968983569,6.484678877180013,12.21213534299362,"[{""power_percent"": 25, ""duration_minutes"": 16.66993813918422}, {""power_percent"": 50, ""duration_minutes"": 16.66993813918422}, {""power_percent"": 75, ""duration_minutes"": 16.66993813918422}]",WARM,0.7,120.0,359.8664704006787,6.3493919333071265,10.641901866221922,40.81202048461373,45.23826193796714,214.45706139413605,179.93323520033934,30.0,4.523826193796714,751,False,
0.5984463448108314,0.5782073372367448,4.150810385873901,48.78135649860017,"[{""power_percent"": 25, ""duration_minutes"": 59.51555746850046}, {""power_percent"": 50, ""duration_minutes"": 59.51555746850046}]",HOT,2.0,200.0,382.8145588481401,4.3065917860100695,12.032907701258267,33.66917537047871,45.5641467447349,215.96369409854356,191.40727942407005,20.0,4.55641467447349,752,False,
1.4137726307130598,0.49201192153415396,6.572416784714041,46.68328827425069,"[{""power_percent"": 25, ""duration_minutes"": 10.140124026180107}]",WARM,0.7,120.0,144.744207874872,6.528105733157202,29.630720105821595,45.34477290705252,43.84023843068308,86.7561277805043,72.372103937436,10.0,4.3840238430683085,753,False,
2.457648574478767,0.7643539250160042,0.6279411669425864,20.846249852332413,"[{""power_percent"": 25, ""duration_minutes"": 45.12188839521343}]",HOT,2.0,200.0,110.90971326452637,0.3478346114726436,38.320391325026996,38.56270811445047,49.287078500320085,70.3835644822952,55.45485663226319,10.0,4.9287078500320085,754,False,
1.645563363898222,0.13314115415099503,1.0153596542673007,23.603463232523296,"[{""power_percent"": 25, ""duration_minutes"": 43.64819812977151}]",HOT,2.0,200.0,140.38342981603424,0.8828060972362831,30.273223732493644,30.257528597384194,36.6628230830199,83.8579972163191,70.19171490801712,10.0,3.6662823083019904,755,False,
1.183403900667736,0.6416448026862139,1.585095664442847,19.54958257729833,"[{""power_percent"": 25, ""duration_minutes"": 44.038807302931886}, {""power_percent"": 50, ""duration_minutes"": 44.038807302931886}, {""power_percent"": 75, ""duration_minutes"": 44.038807302931886}]",HOT,2.0,200.0,263.2343012270627,1.5751734257887233,13.228217911237575,28.566053646085003,46.832896053724276,166.3004402189038,131.61715061353135,30.0,4.683289605372428,756,False,
0.877155346826326,0.47444872108437064,5.788407517365529,21.719837227249457,"[{""power_percent"": 25, ""duration_minutes"": 51.47511366824352}, {""power_percent"": 50, ""duration_minutes"": 51.47511366824352}, {""power_percent"": 75, ""duration_minutes"": 51.47511366824352}]",WARM,0.7,120.0,346.4486291773728,5.800065667860703,9.050286418026731,35.23743945760158,43.48897442168741,207.57321203085516,173.2243145886864,30.0,4.348897442168741,757,False,
0.5532905545628104,0.5619130968983569,6.636753313185498,29.701232952070647,"[{""power_percent"": 25, ""duration_minutes"": 22.286776020325206}, {""power_percent"": 50, ""duration_minutes"": 22.286776020325206}, {""power_percent"": 75, ""duration_minutes"": 22.286776020325206}]",WARM,0.7,120.0,361.3759947260158,6.621689416776384,10.189889142579323,40.610653947322014,45.23826193796714,215.2118235568046,180.6879973630079,30.0,4.523826193796714,758,False,
2.6449732708022364,0.5277331052084733,6.125140481489178,33.686618101065015,[],HOT,2.0,200.0,65.31733357732898,5.949461259263479,46.44973270802237,44.58307822548004,44.554662104169466,37.114132999081434,32.65866678866449,0.0,4.4554662104169465,759,False,
2.140324653863099,0.9389111863929389,2.3750738654042682,38.02404961053289,"[{""power_percent"": 25, ""duration_minutes"": 47.985746160703926}, {""power_percent"": 50, ""duration_minutes"": 47.985746160703926}]",HOT,2.0,200.0,175.96153306430966,2.381576669234349,28.604671922560595,35.13793719788156,52.77822372785878,113.25858890494071,87.98076653215483,20.0,5.277822372785878,760,False,
2.654356713114,0.43983703833473586,2.9164224510235046,41.74532701874448,"[{""power_percent"": 25, ""duration_minutes"": 48.01363590100097}, {""power_percent"": 50, ""duration_minutes"": 48.01363590100097}, {""power_percent"": 75, ""duration_minutes"": 48.01363590100097}]",HOT,2.0,200.0,211.57537311553966,2.9927610523144144,27.341521745989848,26.78966213097375,42.79674076669472,140.0673606344393,105.78768655776983,30.0,4.279674076669472,761,False,
1.5485700091809362,0.1447098057227839,5.144456266180035,23.603463232523296,"[{""power_percent"": 25, ""duration_minutes"": 3.5676378963393516}]",WARM,0.7,120.0,122.01223428403796,4.949701883104276,31.307318196992394,38.5184010641433,36.89419611445568,74.69553675346455,61.00611714201898,10.0,3.6894196114455684,762,False,
1.6524383850904742,0.5649241140939827,5.899375318612116,45.894233517484885,"[{""power_percent"": 25, ""duration_minutes"": 14.286031886626514}, {""power_percent"": 50, ""duration_minutes"": 14.286031886626514}, {""power_percent"": 75, ""duration_minutes"": 14.286031886626514}]",WARM,0.7,120.0,161.9013085834409,5.913501279973285,22.381479067910764,39.892097136555634,45.29848228187965,115.48050251990841,80.95065429172045,30.0,4.529848228187965,763,False,
2.946395895726628,0.28035078927447515,0.534283712621854,12.15389030380658,"[{""power_percent"": 25, ""duration_minutes"": 45.307543606269434}, {""power_percent"": 50, ""duration_minutes"": 45.307543606269434}, {""power_percent"": 75, ""duration_minutes"": 45.307543606269434}]",HOT,2.0,200.0,188.97845340382193,0.3132738494344367,30.667827416325864,26.21796312148575,39.6070157854895,128.44992828045991,94.48922670191097,30.0,3.9607015785489503,764,False,
0.8056230739240372,0.7769052609378979,0.6293167460196847,40.67552727363373,"[{""power_percent"": 25, ""duration_minutes"": 32.98241980520006}, {""power_percent"": 50, ""duration_minutes"": 32.98241980520006}, {""power_percent"": 75, ""duration_minutes"": 32.98241980520006}]",WARM,0.7,120.0,311.8412083577457,0.6020922461201259,11.108867768460364,30.495811856747405,49.538105218757956,190.87441470074864,155.92060417887285,30.0,4.953810521875796,765,False,
2.6929956025770876,0.10073927680245534,3.7107029760031747,43.09873908533534,"[{""power_percent"": 25, ""duration_minutes"": 10.153120793798813}]",HOT,2.0,200.0,77.28279633918882,3.619728707205902,42.42229998608094,32.32568364982185,36.014785536049104,52.24287672319932,38.64139816959441,10.0,3.6014785536049105,766,False,
2.9860458759046287,0.35586983893045937,5.7068403074886564,42.80894027654623,"[{""power_percent"": 25, ""duration_minutes"": 34.23078023144939}]",COLD,0.1,20.0,131.80711786887025,5.588482894343197,44.14891974747382,42.457195275199346,41.11739677860919,80.01529861229605,65.90355893443513,10.0,4.111739677860919,767,False,
0.9092634509083205,0.5056375128908841,2.7551336598696716,46.75390348421034,"[{""power_percent"": 25, ""duration_minutes"": 0.34035151025624877}]",COLD,0.1,20.0,213.83521215824732,2.7096268942488573,25.07561693357039,39.36770692912227,44.11275025781768,121.32888110490542,106.91760607912366,10.0,4.4112750257817686,768,False,
0.6014335945626313,0.7372713274214591,4.448211007793592,33.41206245202652,"[{""power_percent"": 25, ""duration_minutes"": 3.021443213725462}, {""power_percent"": 50, ""duration_minutes"": 3.021443213725462}, {""power_percent"": 75, ""duration_minutes"": 3.021443213725462}]",HOT,2.0,200.0,266.99204112468203,4.4216903683644215,13.561119463567495,37.47174805540941,48.74542654842918,168.37056321718393,133.49602056234102,30.0,4.8745426548429185,769,False,
1.5366547425049266,0.7979960843574139,3.8485211991462096,13.154540628398077,[],HOT,2.0,200.0,100.061002517864,3.5939822532164007,35.36654742504926,43.27299541058138,49.959921687148274,55.02649342764683,50.030501258932,0.0,4.995992168714828,770,False,
2.1180432270387892,0.9231405427773207,6.9037288535655605,42.146081186722576,[],WARM,0.7,120.0,97.96390870798405,6.773883611604344,41.18043227038789,53.48514422045897,52.462810855546415,54.228235439546665,48.98195435399202,0.0,5.246281085554642,771,False,
1.2645612174307037,0.14649562444851233,1.4574486528581363,17.748242680070636,"[{""power_percent"": 25, ""duration_minutes"": 8.416937003451832}, {""power_percent"": 50, ""duration_minutes"": 8.416937003451832}]",HOT,2.0,200.0,139.27656626317514,1.298189534248236,23.80391847396185,28.338033967458763,36.929912488970245,93.3312743804846,69.63828313158757,20.0,3.692991248897025,772,False,
2.673355591414622,0.10009954723295474,1.5646101667558034,31.074072559067005,"[{""power_percent"": 25, ""duration_minutes"": 6.49632873153686}, {""power_percent"": 50, ""duration_minutes"": 6.49632873153686}, {""power_percent"": 75, ""duration_minutes"": 6.49632873153686}]",HOT,2.0,200.0,83.42046648436164,1.4516093646482315,33.75910660441569,25.487304647445537,36.0019909446591,75.31043233664673,41.71023324218082,30.0,3.60019909446591,773,False,
0.9577683908357317,0.4468861103709418,5.8943766392528385,19.226535866544364,"[{""power_percent"": 25, ""duration_minutes"": 28.114240879121073}]",COLD,0.1,20.0,224.99626557693543,5.7095393596977955,24.17197186440126,44.107959376583345,42.93772220741884,126.7919050092096,112.49813278846771,10.0,4.293772220741884,774,False,
2.741038970336442,0.7305961490304005,3.914871518120807,22.0008984959072,[],HOT,2.0,200.0,59.824044592944055,3.6652353502827926,47.410389703364416,42.596896824606425,48.61192298060801,34.77321459453283,29.912022296472028,0.0,4.861192298060801,775,False,
2.713164603484206,0.761990252434813,0.60301296156941,41.966812403172696,"[{""power_percent"": 25, ""duration_minutes"": 43.63530656561615}]",HOT,2.0,200.0,110.01134355338715,0.4379225584146941,40.94988070656126,38.62879790911045,49.23980504869626,69.92965228156321,55.005671776693575,10.0,4.923980504869626,776,False,
2.654356713114,0.43983703833473586,2.8190776878355512,43.49445471877093,"[{""power_percent"": 25, ""duration_minutes"": 48.01363590100097}, {""power_percent"": 50, ""duration_minutes"": 48.01363590100097}]",HOT,2.0,200.0,164.0864755245466,2.837897419425619,33.7422035410399,30.035381681627875,42.79674076669472,106.32291183894276,82.0432377622733,20.0,4.279674076669472,777,False,
0.8056230739240372,0.1296106935608335,0.5656498705931138,10.50806282074366,"[{""power_percent"": 25, ""duration_minutes"": 10.908524316827776}, {""power_percent"": 50, ""duration_minutes"": 10.908524316827776}, {""power_percent"": 75, ""duration_minutes"": 10.908524316827776}]",WARM,0.7,120.0,236.5692825567618,0.29119889751109757,14.419952091716207,24.842261393029275,36.59221387121667,151.94386266550256,118.2846412783809,30.0,3.6592213871216672,778,False,
0.5994850314629903,0.1302511228018435,4.445728597085247,41.819589085011046,"[{""power_percent"": 25, ""duration_minutes"": 54.020918689821535}, {""power_percent"": 50, ""duration_minutes"": 54.020918689821535}]",HOT,2.0,200.0,369.3024686486222,4.548708567716436,12.59275844564775,29.21321554640332,36.60502245603687,208.31173656991479,184.6512343243111,20.0,3.6605022456036873,779,False,
1.6390494163588019,0.11434349376218911,4.516158785470122,16.412480092648174,"[{""power_percent"": 25, ""duration_minutes"": 33.14582775361449}, {""power_percent"": 50, ""duration_minutes"": 33.14582775361449}]",HOT,2.0,200.0,161.2318593213486,4.3833633448788865,25.075911388226565,30.415689830869642,36.28686987524378,104.24461664819867,80.6159296606743,20.0,3.6286869875243783,780,False,
2.132563807357153,0.9231405427773207,6.873148883301627,42.146081186722576,[],HOT,2.0,200.0,81.48169630269126,6.768722818127676,41.325638073571525,50.8239842799311,52.462810855546415,45.98712923690027,40.74084815134563,0.0,5.246281085554642,781,False,
2.0113193021890194,0.1621859900822838,6.874644716031072,38.21254372017465,[],COLD,0.1,20.0,120.54167813767401,6.713467206264558,40.1131930218902,45.49552131304955,37.243719801645675,63.995211049001576,60.270839068837006,0.0,3.724371980164568,782,False,
0.9577683908357317,0.4468861103709418,2.0160103742343956,19.226535866544364,"[{""power_percent"": 25, ""duration_minutes"": 28.24806249661912}]",COLD,0.1,20.0,225.1300871944335,1.8313069162968516,24.16528078352636,36.34721219802152,42.93772220741884,126.85881581795863,112.56504359721674,10.0,4.293772220741884,783,False,
1.8308389629146071,0.34230023586367186,6.766905069144757,20.34283813380513,"[{""power_percent"": 25, ""duration_minutes"": 43.63341311587299}]",WARM,0.7,120.0,146.165917047792,6.5813619525468745,32.12671897335242,42.93241057517738,40.84600471727344,87.16755899562334,73.082958523896,10.0,4.084600471727344,784,False,
2.575154958076142,0.5619130968983569,6.486270690427126,41.59051863056374,"[{""power_percent"": 25, ""duration_minutes"": 48.332826307718946}, {""power_percent"": 50, ""duration_minutes"": 48.332826307718946}, {""power_percent"": 75, ""duration_minutes"": 48.332826307718946}]",WARM,0.7,120.0,230.22455639936558,6.539806082810618,26.501625634603577,37.96554417593983,45.23826193796714,149.6361043934795,115.11227819968279,30.0,4.523826193796714,785,False,
0.9387547133360931,0.7771552682889511,5.650517631097585,40.32036277503888,"[{""power_percent"": 25, ""duration_minutes"": 51.75931263571552}, {""power_percent"": 50, ""duration_minutes"": 51.75931263571552}, {""power_percent"": 75, ""duration_minutes"": 51.75931263571552}]",HOT,2.0,200.0,325.66019520749234,5.79816755712152,9.623650238003604,35.96856034444819,49.54310536577902,197.78440814032408,162.83009760374617,30.0,4.9543105365779025,786,False,
1.2525537274726937,0.22599902093799526,1.4574486528581363,18.918033184812245,"[{""power_percent"": 25, ""duration_minutes"": 45.72557578508161}, {""power_percent"": 50, ""duration_minutes"": 45.72557578508161}]",HOT,2.0,200.0,215.3819035201243,1.3803058544382656,19.952979696218776,27.053556398434775,38.51998041875991,131.54294980193814,107.69095176006215,20.0,3.8519980418759907,787,False,
1.2116439537236023,0.6201567103755314,6.516646970316097,11.471534911114581,"[{""power_percent"": 25, ""duration_minutes"": 47.318922837159406}, {""power_percent"": 50, ""duration_minutes"": 47.318922837159406}]",WARM,0.7,120.0,236.3780504396729,6.373648267308158,19.38454725352008,42.236039094909,46.403134207510625,142.8293386405875,118.18902521983645,20.0,4.640313420751062,788,False,
2.0631308198263567,0.1874507854062359,1.398658106494843,41.81943315390784,[],WARM,0.7,120.0,99.75086569016106,1.2690494726252355,40.63130819826357,33.64672563786451,37.749015708124716,53.650334415893006,49.87543284508053,0.0,3.774901570812472,789,False,
0.8070894140775257,0.6127901731698487,5.956585405848327,25.84173154342172,"[{""power_percent"": 25, ""duration_minutes"": 51.47511366824352}, {""power_percent"": 50, ""duration_minutes"": 51.47511366824352}, {""power_percent"": 75, ""duration_minutes"": 51.47511366824352}]",WARM,0.7,120.0,362.5308742524127,5.995777559550485,8.349627090538727,37.23389265959292,46.25580346339697,215.89101747254603,181.26543712620634,30.0,4.625580346339698,790,False,
2.5203756349189352,0.7518700449203546,6.755757728021879,34.84101480498676,"[{""power_percent"": 25, ""duration_minutes"": 49.95952495864921}, {""power_percent"": 50, ""duration_minutes"": 49.95952495864921}, {""power_percent"": 75, ""duration_minutes"": 49.95952495864921}]",WARM,0.7,120.0,234.3458174567439,6.775867366330989,25.709827605391972,40.63759874880959,49.03740089840709,152.07664881821267,117.17290872837195,30.0,4.90374008984071,791,False,
2.197244536320304,0.7643539250160042,6.59261196582263,13.832761985812823,"[{""power_percent"": 25, ""duration_minutes"": 13.401639637079219}]",HOT,2.0,200.0,84.31879010824935,6.349120395921773,37.30236338134908,45.95542184272494,49.287078500320085,57.088102904156685,42.15939505412467,10.0,4.9287078500320085,792,False,
1.0773467161203865,0.8698897892003838,0.6132233076628653,17.414659511614882,"[{""power_percent"": 25, ""duration_minutes"": 28.89289621931244}, {""power_percent"": 50, ""duration_minutes"": 28.89289621931244}, {""power_percent"": 75, ""duration_minutes"": 28.89289621931244}]",HOT,2.0,200.0,229.63403023227173,0.44929608474567634,14.439532728306997,34.61187019534076,51.39779578400768,149.95679469453663,114.81701511613586,30.0,5.139779578400768,793,False,
2.286856283102009,0.5395742369699761,6.883465461990109,33.83624593286684,"[{""power_percent"": 25, ""duration_minutes"": 10.797031424627633}, {""power_percent"": 50, ""duration_minutes"": 10.797031424627633}, {""power_percent"": 75, ""duration_minutes"": 10.797031424627633}]",WARM,0.7,120.0,122.63419661151323,6.789399780537111,29.249008117325946,41.870088939403445,44.79148473939952,95.79624677969657,61.317098305756616,30.0,4.4791484739399525,794,False,
1.3094328816757053,0.5060879280626601,6.025971286185147,44.49461334620257,[],HOT,2.0,200.0,126.40179265818007,5.968561650995334,33.094328816757056,44.12499770912221,44.1217585612532,67.61307218521536,63.200896329090035,0.0,4.41217585612532,795,False,
1.9234245078176904,0.938002908437415,6.874644716031072,37.33737493452103,"[{""power_percent"": 25, ""duration_minutes"": 22.965924313937826}, {""power_percent"": 50, ""duration_minutes"": 22.965924313937826}, {""power_percent"": 75, ""duration_minutes"": 22.965924313937826}]",WARM,0.7,120.0,172.58488993276032,6.852629758267302,23.78935643108623,45.53839114505672,52.7600581687483,121.56845078325499,86.29244496638016,30.0,5.2760058168748305,796,False,
0.5810091805790968,0.659075589133974,2.0933429003909603,20.38562568609907,"[{""power_percent"": 25, ""duration_minutes"": 1.6557833370491295}]",WARM,0.7,120.0,280.44295096767746,1.9160720706214402,21.72730263893851,38.64591937027813,47.18151178267948,154.9396266621067,140.22147548383873,10.0,4.718151178267948,797,False,
0.5984463448108314,0.7248678788057068,4.1540882866373785,42.466114706209055,"[{""power_percent"": 25, ""duration_minutes"": 46.87264787418981}, {""power_percent"": 50, ""duration_minutes"": 46.87264787418981}, {""power_percent"": 75, ""duration_minutes"": 46.87264787418981}]",WARM,0.7,120.0,418.50681499599125,4.2875650647047685,6.953566266979842,35.38805281026616,48.49735757611413,244.10314325560705,209.25340749799562,30.0,4.8497357576114135,798,False,
0.5984463448108314,0.1146266173897345,6.971504201832557,33.2403787673457,"[{""power_percent"": 25, ""duration_minutes"": 34.87175145010124}, {""power_percent"": 50, ""duration_minutes"": 34.87175145010124}, {""power_percent"": 75, ""duration_minutes"": 34.87175145010124}]",WARM,0.7,120.0,379.73640494206654,7.013623874994501,8.753700730593128,34.78007018183282,36.29253234779469,223.49745570581274,189.86820247103327,30.0,3.629253234779469,799,False,
1.2457996158069946,0.5172397262397228,3.301383585161685,46.66117042919632,"[{""power_percent"": 25, ""duration_minutes"": 52.2819205038669}]",WARM,0.7,120.0,201.18486808358404,3.30580054360845,25.843900132876602,37.84118627008403,44.34479452479445,115.02691349427147,100.59243404179202,10.0,4.4344794524794455,800,False,
0.8407265346184734,0.2770243601933941,5.679518203907762,20.38562568609907,"[{""power_percent"": 25, ""duration_minutes"": 10.149292305067055}]",COLD,0.1,20.0,229.18209166786485,5.488352188944684,23.899800730931382,42.17884996098424,39.54048720386788,128.5450945543192,114.59104583393243,10.0,3.9540487203867887,801,False,
1.5366547425049266,0.7553596192969192,3.928086824514886,13.154540628398077,[],HOT,2.0,200.0,100.061002517864,3.6735478785850773,35.36654742504926,42.9204890805928,49.10719238593838,54.94122049752583,50.030501258932,0.0,4.910719238593838,802,False,
0.6301088763267106,0.10451042648517266,3.914871518120807,16.27867984882889,[],HOT,2.0,200.0,241.4377016439902,3.715339242160712,26.301088763267106,35.08386815406369,36.09020852970345,124.32787167496545,120.7188508219951,0.0,3.6090208529703456,803,False,
2.0572375250686346,0.4142139630424182,6.258372123709984,5.320800433322407,"[{""power_percent"": 25, ""duration_minutes"": 53.28595029407009}]",WARM,0.7,120.0,142.29550168354115,5.983293375601241,33.90807773598284,42.48873329510688,42.284279260848365,85.37617876785541,71.14775084177057,10.0,4.228427926084836,804,False,
0.8889266913271427,0.29884049183356864,1.8370206672396732,45.93582042832558,"[{""power_percent"": 25, ""duration_minutes"": 32.24004413962202}]",WARM,0.7,120.0,229.26361401667222,1.8313185662961633,23.277264706290325,32.892925912293514,39.97680983667137,128.62948799200325,114.63180700833611,10.0,3.9976809836671374,805,False,
0.7610007539689344,0.6046818677847441,1.6219502015188063,46.34874458683831,"[{""power_percent"": 25, ""duration_minutes"": 56.097736333750184}, {""power_percent"": 50, ""duration_minutes"": 56.097736333750184}, {""power_percent"": 75, ""duration_minutes"": 56.097736333750184}]",WARM,0.7,120.0,393.8067041066503,1.7998958478823295,7.195347089626818,28.05128654641703,46.09363735569488,231.51271578889464,196.90335205332514,30.0,4.609363735569488,806,False,
0.8711623682701132,0.25984692969865003,2.349071282239821,45.93582042832558,"[{""power_percent"": 25, ""duration_minutes"": 32.94270416794341}, {""power_percent"": 50, ""duration_minutes"": 32.94270416794341}]",HOT,2.0,200.0,250.34990052983773,2.4237251184148567,17.41735326590679,27.839743470786836,39.196938593973,149.09464412431618,125.17495026491886,20.0,3.9196938593973005,807,False,
1.904168532969295,0.4144771770013724,5.667387930223631,24.701903286274796,"[{""power_percent"": 25, ""duration_minutes"": 40.997514860974086}, {""power_percent"": 50, ""duration_minutes"": 40.997514860974086}, {""power_percent"": 75, ""duration_minutes"": 40.997514860974086}]",HOT,2.0,200.0,207.6776554285172,5.650425153205429,20.89205810054684,32.61872564697607,42.289543540027445,138.06778206826135,103.8388277142586,30.0,4.228954354002744,808,False,
1.5403479164222378,0.4919734725150372,0.6487572835915091,36.337180828089615,"[{""power_percent"": 25, ""duration_minutes"": 2.36356716215192}, {""power_percent"": 50, ""duration_minutes"": 2.36356716215192}, {""power_percent"": 75, ""duration_minutes"": 2.36356716215192}]",WARM,0.7,120.0,129.87245293684765,0.474257153389613,23.04894408989959,29.79344605840376,43.83946945030074,99.3201734134539,64.93622646842383,30.0,4.3839469450300745,809,False,
1.3012942417713573,0.5157862574478846,6.005887390745474,34.4416951384371,"[{""power_percent"": 25, ""duration_minutes"": 52.15067503981465}, {""power_percent"": 50, ""duration_minutes"": 52.15067503981465}, {""power_percent"": 75, ""duration_minutes"": 52.15067503981465}]",HOT,2.0,200.0,280.5543897665519,6.104937817024686,13.190341161741376,33.50764911728224,44.31572514895769,174.70876739817172,140.27719488327594,30.0,4.431572514895769,810,False,
0.8696837798134756,0.5668093307925999,6.7980181409237135,17.918004048048637,"[{""power_percent"": 25, ""duration_minutes"": 44.63179040505011}, {""power_percent"": 50, ""duration_minutes"": 44.63179040505011}, {""power_percent"": 75, ""duration_minutes"": 44.63179040505011}]",HOT,2.0,200.0,310.2472558154814,6.792634185234616,10.002069237377238,36.38088711490411,45.336186615852,189.6572465693259,155.1236279077407,30.0,4.5336186615852005,811,False,
2.089482679222813,0.31712256676242656,0.2666316869088572,6.0026406761283795,[],WARM,0.7,120.0,88.08889625919412,-0.37893177620328505,40.89482679222813,34.67220742733141,40.342451335248526,48.07869326312191,44.04444812959706,0.0,4.034245133524853,812,False,
1.3560827536007478,0.976080281659137,2.555937302563997,42.68581056546791,"[{""power_percent"": 25, ""duration_minutes"": 46.27381845518842}, {""power_percent"": 50, ""duration_minutes"": 46.27381845518842}]",WARM,0.7,120.0,230.46609866353396,2.5923564927231517,20.93344569048864,38.64840887772634,53.52160563318274,140.58520989508526,115.23304933176698,20.0,5.352160563318274,813,False,
2.5996763113552945,0.1267082946519364,6.874956989799325,13.861617694615138,"[{""power_percent"": 25, ""duration_minutes"": 28.24855598856338}, {""power_percent"": 50, ""duration_minutes"": 28.24855598856338}, {""power_percent"": 75, ""duration_minutes"": 28.24855598856338}]",HOT,2.0,200.0,145.10364430101725,6.726885311478493,29.759479715268437,32.728043476451184,36.53416589303873,106.2052387398125,72.55182215050863,30.0,3.6534165893038733,814,False,
1.5693560558550494,0.7979960843574139,6.874956989799325,16.184230216941344,[],HOT,2.0,200.0,98.93587325007334,6.63728812886677,35.693560558550494,49.325866991887615,49.959921687148274,54.4639287937515,49.46793662503667,0.0,4.995992168714828,815,False,
2.9262159460956827,0.28035078927447515,0.1168100258178264,9.963204061394983,[],HOT,2.0,200.0,52.74970299659731,-0.5124593876576311,49.26215946095682,37.13058941965805,39.6070157854895,30.335553076847603,26.374851498298653,0.0,3.9607015785489503,816,False,
2.2789234907807856,0.5581973964439203,6.511854819280453,35.042953038932964,"[{""power_percent"": 25, ""duration_minutes"": 11.20624267738588}, {""power_percent"": 50, ""duration_minutes"": 11.20624267738588}, {""power_percent"": 75, ""duration_minutes"": 11.20624267738588}]",WARM,0.7,120.0,124.45216500964284,6.4265743259149755,29.108298506199972,41.31351655492322,45.16394792887841,96.74247729770926,62.22608250482142,30.0,4.516394792887841,817,False,
2.6929235218398633,0.10272781758189078,3.740033239686527,47.89167311033252,"[{""power_percent"": 25, ""duration_minutes"": 33.254200153010785}]",HOT,2.0,200.0,101.82324681379623,3.7009205376279386,41.26652521074809,31.71517428576542,36.054556351637814,64.5170790420619,50.911623406898116,10.0,3.6054556351637816,818,False,
0.5994850314629903,0.13829318576422084,4.445728597085247,41.819589085011046,"[{""power_percent"": 25, ""duration_minutes"": 49.33504930895849}, {""power_percent"": 50, ""duration_minutes"": 49.33504930895849}, {""power_percent"": 75, ""duration_minutes"": 49.33504930895849}]",HOT,2.0,200.0,409.2657791958546,4.608671878263668,6.594592918286131,26.11082098553488,36.76586371528442,238.30947596945572,204.6328895979273,30.0,3.676586371528442,819,False,
2.919857628110452,0.6702034405295565,3.8784125126092093,40.686166353412816,"[{""power_percent"": 25, ""duration_minutes"": 30.04179517842115}, {""power_percent"": 50, ""duration_minutes"": 30.04179517842115}, {""power_percent"": 75, ""duration_minutes"": 30.04179517842115}]",HOT,2.0,200.0,152.20360324302513,3.8838605911405315,32.69230700434135,33.095504745515186,47.40406881059113,110.84220850257168,76.10180162151256,30.0,4.740406881059113,820,False,
2.118422016002693,0.9408731636090935,6.874644716031072,37.61857404650692,"[{""power_percent"": 25, ""duration_minutes"": 22.965924313937826}, {""power_percent"": 50, ""duration_minutes"": 22.965924313937826}, {""power_percent"": 75, ""duration_minutes"": 22.965924313937826}]",WARM,0.7,120.0,165.49076637160007,6.8465170526118175,25.739331512936257,45.57283420711686,52.81746327218187,118.02712951301822,82.74538318580004,30.0,5.281746327218187,821,False,
2.6584461932147336,0.7769052609378979,6.085233389644792,33.60879660426916,"[{""power_percent"": 25, ""duration_minutes"": 13.300437066145664}, {""power_percent"": 50, ""duration_minutes"": 13.300437066145664}, {""power_percent"": 75, ""duration_minutes"": 13.300437066145664}]",WARM,0.7,120.0,120.90788698267107,5.982449632740253,32.58939637222549,42.896290574591255,49.538105218757956,95.40775401321133,60.45394349133554,30.0,4.953810521875796,822,False,
0.5070890680856692,0.1874507854062359,6.982841959578491,41.81943315390784,"[{""power_percent"": 25, ""duration_minutes"": 54.18443473453843}, {""power_percent"": 50, ""duration_minutes"": 54.18443473453843}, {""power_percent"": 75, ""duration_minutes"": 54.18443473453843}]",HOT,2.0,200.0,469.40515609041154,7.164028299982125,4.943225470675928,31.338494217923348,37.749015708124716,268.47747961601823,234.70257804520577,30.0,3.774901570812472,823,False,
1.543801678836665,0.7979960843574139,6.90553696006326,13.154540628398077,[],WARM,0.7,120.0,115.6091014550247,6.624712136680181,35.43801678836665,51.98702693241548,49.959921687148274,62.80054289622718,57.80455072751235,0.0,4.995992168714828,824,False,
2.826997169221811,0.9067034064610733,3.914871518120807,15.113297419562125,"[{""power_percent"": 25, ""duration_minutes"": 33.16073685838249}, {""power_percent"": 50, ""duration_minutes"": 33.16073685838249}, {""power_percent"": 75, ""duration_minutes"": 33.16073685838249}]",HOT,2.0,200.0,155.5760336180024,3.779953626444455,31.29586116346074,35.72571759652007,52.13406812922146,113.00142362192335,77.7880168090012,30.0,5.2134068129221465,825,False,
2.673355591414622,0.10009954723295474,5.785261314388124,31.074072559067005,"[{""power_percent"": 25, ""duration_minutes"": 6.362770428749334}, {""power_percent"": 50, ""duration_minutes"": 6.362770428749334}, {""power_percent"": 75, ""duration_minutes"": 6.362770428749334}]",HOT,2.0,200.0,83.01979157599905,5.671859837372188,33.779140349833824,32.199067856984264,36.0019909446591,75.11009488246543,41.509895787999525,30.0,3.60019909446591,826,False,
1.0167905142000528,0.23641287543029682,1.0014440170543524,46.87137827011473,"[{""power_percent"": 25, ""duration_minutes"": 29.033502108423328}]",COLD,0.1,20.0,225.11792834888598,0.981034168215462,24.71623003657936,31.768837476019566,38.728257508605935,126.43178992530359,112.55896417444299,10.0,3.872825750860594,827,False,
0.6484203580293132,0.43983703833473586,2.9164224510235046,29.95690695541975,"[{""power_percent"": 25, ""duration_minutes"": 48.0490814831629}, {""power_percent"": 50, ""duration_minutes"": 48.0490814831629}, {""power_percent"": 75, ""duration_minutes"": 48.0490814831629}]",HOT,2.0,200.0,382.9657331743611,3.00237432288434,7.276841357818694,26.786472028579176,42.79674076669472,225.76254066385002,191.48286658718055,30.0,4.279674076669472,828,False,
2.6929235218398633,0.10272781758189078,3.5315722849628806,15.362515522927811,"[{""power_percent"": 25, ""duration_minutes"": 33.0979182785429}]",HOT,2.0,200.0,91.90821766310694,3.2971283555053956,41.27433930447149,31.30294083255216,36.054556351637814,59.55956446671725,45.95410883155347,10.0,3.6054556351637816,829,False,
0.9649270120179211,0.5837897771379316,0.1710058493147113,38.35577540574863,"[{""power_percent"": 25, ""duration_minutes"": 29.87525025998643}, {""power_percent"": 50, ""duration_minutes"": 29.87525025998643}, {""power_percent"": 75, ""duration_minutes"": 29.87525025998643}]",WARM,0.7,120.0,271.0846555678561,-0.08583082795155447,13.167982581181246,29.374693103626978,45.67579554275863,170.1099073382039,135.54232778392804,30.0,4.567579554275863,830,False,
0.9565809207337281,0.7341974040725396,4.777614135344372,39.548937473624875,"[{""power_percent"": 25, ""duration_minutes"": 11.829102932925043}, {""power_percent"": 50, ""duration_minutes"": 11.829102932925043}, {""power_percent"": 75, ""duration_minutes"": 11.829102932925043}]",WARM,0.7,120.0,218.66046985556056,4.774131832155545,15.791443767398524,39.90097785559597,48.683948081450794,144.19862973592535,109.33023492778028,30.0,4.86839480814508,831,False,
1.4043060089411643,0.9777005421778298,2.4421272129357603,43.54955277986902,[],HOT,2.0,200.0,118.37919194590181,2.3752522892573276,34.04306008941164,42.61666093200547,53.5540108435566,64.54499705730656,59.189595972950904,0.0,5.35540108435566,832,False,
0.5616681247602601,0.4142139630424182,5.525816124420197,5.320800433322407,"[{""power_percent"": 25, ""duration_minutes"": 59.55231484984473}, {""power_percent"": 50, ""duration_minutes"": 59.55231484984473}, {""power_percent"": 75, ""duration_minutes"": 59.55231484984473}]",HOT,2.0,200.0,445.81480592432797,5.501931146579254,4.6838340201258895,30.662491468863383,42.284279260848365,257.13583088824885,222.90740296216399,30.0,4.228427926084836,833,False,
0.8756890066728377,0.7769052609378979,0.47881696480033087,40.94019408371685,"[{""power_percent"": 25, ""duration_minutes"": 41.14596413733636}, {""power_percent"": 50, ""duration_minutes"": 41.14596413733636}, {""power_percent"": 75, ""duration_minutes"": 41.14596413733636}]",WARM,0.7,120.0,321.5136392149012,0.47486846144772743,10.584995446127923,30.062092429293845,49.538105218757956,195.7106301293264,160.7568196074506,30.0,4.953810521875796,834,False,
0.961474567083112,0.19945526613928455,6.296352182051301,11.49194123449362,[],WARM,0.7,120.0,173.95794929566858,6.028844846774937,29.61474567083112,43.58616755777402,37.98910532278569,90.77788518011286,86.97897464783429,0.0,3.798910532278569,835,False,
1.558322259158727,0.7599007636502475,4.973276747944584,20.875105561369246,"[{""power_percent"": 25, ""duration_minutes"": 28.24855598856338}]",HOT,2.0,200.0,129.26845619445416,4.812443046935013,30.170794792159104,42.21790598003524,49.19801527300495,79.55402962452757,64.63422809722708,10.0,4.919801527300495,836,False,
0.7610007539689344,0.6101030318105487,1.6219502015188063,46.45213036411655,"[{""power_percent"": 25, ""duration_minutes"": 56.097736333750184}, {""power_percent"": 50, ""duration_minutes"": 56.097736333750184}, {""power_percent"": 75, ""duration_minutes"": 56.097736333750184}]",WARM,0.7,120.0,393.83771983983377,1.8005161625459989,7.195347089626818,28.116340514726684,46.20206063621097,231.53906598353797,196.91885991991688,30.0,4.620206063621097,837,False,
0.5714475530226142,0.11040511479356198,6.495921990113643,35.9134301677821,[],WARM,0.7,120.0,287.7653096702098,6.390544668999429,25.714475530226142,42.91670535775003,36.20810229587124,147.50346506469202,143.8826548351049,0.0,3.6208102295871245,838,False,
1.5338420935066805,0.5153358422761086,2.564414301753465,22.492142185646447,"[{""power_percent"": 25, ""duration_minutes"": 26.42808206101722}, {""power_percent"": 50, ""duration_minutes"": 26.42808206101722}, {""power_percent"": 75, ""duration_minutes"": 26.42808206101722}]",WARM,0.7,120.0,198.325527854786,2.4792977173101285,19.374208625914225,31.534331325328687,44.306716845522175,133.5934356119452,99.162763927393,30.0,4.430671684552218,839,False,
0.5994850314629903,0.13829318576422084,4.445728597085247,42.10078819698738,"[{""power_percent"": 25, ""duration_minutes"": 54.020918689821535}, {""power_percent"": 50, ""duration_minutes"": 54.020918689821535}, {""power_percent"": 75, ""duration_minutes"": 54.020918689821535}]",HOT,2.0,200.0,423.4077470720366,4.624416681078115,5.891712511156674,25.689092741257205,36.76586371528442,245.38045990754674,211.7038735360183,30.0,3.676586371528442,840,False,
0.9879030666895705,0.18894726013952073,6.920228584499159,44.62956936417124,"[{""power_percent"": 25, ""duration_minutes"": 9.728622773850526}]",HOT,2.0,200.0,173.45425273260517,6.906218500790453,25.392599528203178,39.81596560745705,37.77894520279041,100.50502088658163,86.72712636630258,10.0,3.777894520279041,841,False,
2.919857628110452,0.8704564517251742,3.8784125126092093,47.062673286190105,"[{""power_percent"": 25, ""duration_minutes"": 45.26004739653595}, {""power_percent"": 50, ""duration_minutes"": 45.26004739653595}]",HOT,2.0,200.0,154.51126458066676,3.9025143419950035,36.67257154145093,37.486699602128354,51.40912903450348,102.39654519378372,77.25563229033338,20.0,5.1409129034503485,842,False,
0.7204491879658683,0.3980681873376768,6.260554847088115,49.19137374707768,"[{""power_percent"": 25, ""duration_minutes"": 55.058657615873244}, {""power_percent"": 50, ""duration_minutes"": 55.058657615873244}]",HOT,2.0,200.0,331.57816835566217,6.4050024372836925,13.698626118071358,35.99440848527596,41.961363746753534,189.98522055250643,165.78908417783109,20.0,4.196136374675354,843,False,
0.7629830770387924,0.12858251953783198,2.1827309368379173,11.807861433760849,"[{""power_percent"": 25, ""duration_minutes"": 57.34312685556393}]",WARM,0.7,120.0,271.9822441314634,2.0024019092144947,20.76267442760973,30.788158302462897,36.57165039075664,149.64828710480737,135.9911220657317,10.0,3.657165039075664,844,False,
2.9860458759046287,0.6436330324140649,6.967634490982581,42.80894027654623,"[{""power_percent"": 25, ""duration_minutes"": 36.17265346221102}]",WARM,0.7,120.0,113.7489910996319,6.863218951067883,44.05182608593574,47.17368576706761,46.8726606482813,71.56176161464407,56.87449554981595,10.0,4.68726606482813,845,False,
1.4137726307130598,0.12255841335612677,6.239389215444911,33.964850266993466,"[{""power_percent"": 25, ""duration_minutes"": 10.140124026180107}, {""power_percent"": 50, ""duration_minutes"": 10.140124026180107}, {""power_percent"": 75, ""duration_minutes"": 10.140124026180107}]",WARM,0.7,120.0,161.20892452505504,6.1790477838968885,20.616707703203584,35.63686822880714,36.45116826712254,114.24957908923977,80.60446226252752,30.0,3.645116826712254,846,False,
2.9262159460956827,0.37463882362460094,0.53348263250604,9.963204061394983,[],HOT,2.0,200.0,52.74970299659731,0.10421321903058257,49.26215946095682,37.428700618483134,41.49277647249202,30.524129145547857,26.374851498298653,0.0,4.149277647249202,847,False,
2.7312029461841574,0.1240125791022475,4.371398822683131,41.819589085011046,"[{""power_percent"": 25, ""duration_minutes"": 55.89569477581577}, {""power_percent"": 50, ""duration_minutes"": 55.89569477581577}, {""power_percent"": 75, ""duration_minutes"": 55.89569477581577}]",HOT,2.0,200.0,233.65381569305322,4.468755323673278,26.92767524546921,25.20033606476981,36.48025158204495,150.4749330047311,116.82690784652661,30.0,3.6480251582044954,848,False,
0.6363910598159394,0.20565084912617282,4.445728597085247,14.096493570940092,"[{""power_percent"": 25, ""duration_minutes"": 41.55887629002755}, {""power_percent"": 50, ""duration_minutes"": 41.55887629002755}, {""power_percent"": 75, ""duration_minutes"": 41.55887629002755}]",WARM,0.7,120.0,379.1097052227768,4.391528544988331,8.13007915465526,30.21896851758209,38.113016982523455,223.36615430964076,189.5548526113884,30.0,3.8113016982523455,849,False,
2.3959999614937892,0.7643539250160042,4.976226601326028,20.846249852332413,"[{""power_percent"": 25, ""duration_minutes"": 13.401639637079219}, {""power_percent"": 50, ""duration_minutes"": 13.401639637079219}]",HOT,2.0,200.0,94.1614958035877,4.800267381254429,34.61983565122997,40.32060192461935,49.287078500320085,72.00945575182585,47.08074790179385,20.0,4.9287078500320085,850,False,
2.6642108506943485,0.17499339503054595,3.84663434545584,34.42145379257582,"[{""power_percent"": 25, ""duration_minutes"": 10.140652693649482}, {""power_percent"": 50, ""duration_minutes"": 10.140652693649482}]",WARM,0.7,120.0,101.4095916436188,3.7088759395708197,37.62804323757854,33.78475026965926,37.49986790061092,74.45478261187048,50.7047958218094,20.0,3.7499867900610924,851,False,
2.0910438990041538,0.4225325101088539,0.2301885895384868,5.320800433322407,[],COLD,0.1,20.0,107.83074559467708,-0.4315283638217449,40.91043899004154,35.33076730038322,42.45065020217708,58.16043781755625,53.91537279733854,0.0,4.245065020217708,852,False,
2.078830707928855,0.23641287543029682,1.061895596295627,5.8718075932938625,"[{""power_percent"": 25, ""duration_minutes"": 18.93829204121598}]",COLD,0.1,20.0,127.35578209690723,0.7429115055794518,35.84139247722775,32.192596936518335,38.728257508605935,77.55071679931422,63.67789104845362,10.0,3.872825750860594,853,False,
0.85506868943586,0.42914261181684177,2.519901093135498,43.012198116403496,"[{""power_percent"": 25, ""duration_minutes"": 26.563762522232025}, {""power_percent"": 50, ""duration_minutes"": 26.563762522232025}, {""power_percent"": 75, ""duration_minutes"": 26.563762522232025}]",WARM,0.7,120.0,282.5194501476322,2.585462821823181,12.566122516023798,30.39877490107222,42.582852236336834,175.5180102974498,141.2597250738161,30.0,4.258285223633684,854,False,
0.5826626955632104,0.1146266173897345,6.971504201832557,46.76551332230799,"[{""power_percent"": 25, ""duration_minutes"": 34.87175145010124}, {""power_percent"": 50, ""duration_minutes"": 34.87175145010124}, {""power_percent"": 75, ""duration_minutes"": 34.87175145010124}]",WARM,0.7,120.0,390.5837338324818,7.095406028294179,8.595864238116917,34.78007018183282,36.29253234779469,228.92112015102038,195.2918669162409,30.0,3.629253234779469,855,False,
0.5340556341097855,0.1153931816963281,6.984508430159649,21.94305201515418,"[{""power_percent"": 25, ""duration_minutes"": 25.727000815739334}, {""power_percent"": 50, ""duration_minutes"": 25.727000815739334}, {""power_percent"": 75, ""duration_minutes"": 25.727000815739334}]",WARM,0.7,120.0,379.1335324132609,6.933985519333399,9.481506218736955,35.63830496725869,36.30786363392656,223.1975525700231,189.56676620663046,30.0,3.630786363392656,856,False,
0.5542172799994405,0.6692775307138776,3.8955517141288687,29.590712453844347,"[{""power_percent"": 25, ""duration_minutes"": 45.56554662444094}, {""power_percent"": 50, ""duration_minutes"": 45.56554662444094}, {""power_percent"": 75, ""duration_minutes"": 45.56554662444094}]",WARM,0.7,120.0,430.7258260635855,3.9496239375252804,6.707340806328262,34.32153460062458,47.38555061427755,250.1014680932205,215.36291303179274,30.0,4.738555061427755,857,False,
0.5690759060981114,0.18634500274020904,1.4034699435359652,14.570680109618614,"[{""power_percent"": 25, ""duration_minutes"": 41.61639970488194}, {""power_percent"": 50, ""duration_minutes"": 41.61639970488194}, {""power_percent"": 75, ""duration_minutes"": 41.61639970488194}]",COLD,0.1,20.0,427.3056268279367,1.3429801870643987,7.448299105248823,25.097603946515065,37.726900054804176,247.42550341944877,213.65281341396835,30.0,3.7726900054804178,858,False,
0.8526276607556988,0.7479011630739612,6.340731815791491,12.246341147511592,[],HOT,2.0,200.0,178.10063672565082,6.108104756246332,28.526276607556987,47.656277588470516,48.95802326147922,93.94612068897334,89.05031836282541,0.0,4.895802326147923,859,False,
1.6873995463451328,0.7466232432003193,1.5646101667558034,31.074072559067005,[],HOT,2.0,200.0,96.71640235754924,1.4115586202564006,36.87399546345133,39.83025858489223,48.932464864006384,53.25144766517526,48.35820117877462,0.0,4.893246486400638,860,False,
0.8635987687378209,0.2043233956471429,0.585409040014401,35.94571961392715,[],WARM,0.7,120.0,198.97548737573564,0.36853940694845105,28.63598768737821,32.68106266773691,38.08646791294286,103.2963904791621,99.48774368786782,0.0,3.808646791294286,861,False,
0.9536861850340356,0.5638405887912463,6.486270690427126,12.822013708070134,"[{""power_percent"": 25, ""duration_minutes"": 0.6035206200684833}, {""power_percent"": 50, ""duration_minutes"": 0.6035206200684833}, {""power_percent"": 75, ""duration_minutes"": 0.6035206200684833}]",WARM,0.7,120.0,177.4416085428486,6.288865887134389,17.44633375733008,42.28431159054305,45.276811775824925,123.2484854490068,88.7208042714243,30.0,4.527681177582493,862,False,
0.9577683908357317,0.4468861103709418,5.768697788656678,19.226535866544364,"[{""power_percent"": 25, ""duration_minutes"": 28.114240879121073}]",COLD,0.1,20.0,224.99626557693543,5.583860509101635,24.17197186440126,43.856601675391026,42.93772220741884,126.7919050092096,112.49813278846771,10.0,4.293772220741884,863,False,
0.9653980885443979,0.7734877301897547,5.037032199851925,42.56107955922039,"[{""power_percent"": 25, ""duration_minutes"": 44.43275188625496}, {""power_percent"": 50, ""duration_minutes"": 44.43275188625496}]",HOT,2.0,200.0,255.51014522359145,5.1106482574379815,17.210705696818483,38.68995204880561,49.469754603795096,152.70204807217524,127.75507261179573,20.0,4.94697546037951,864,False,
2.9860458759046287,0.6407334948138615,6.967634490982581,42.80894027654623,"[{""power_percent"": 25, ""duration_minutes"": 34.23078023144939}]",WARM,0.7,120.0,111.80711786887026,6.861277077837121,44.14891974747382,47.19714751278802,46.81466989627723,70.58502592406286,55.90355893443513,10.0,4.681466989627723,865,False,
0.7923616490880779,0.5277331052084733,0.6733302810994521,40.75334877023805,[],HOT,2.0,200.0,200.03350099038371,0.5141559077573572,27.923616490880782,38.98613670030277,44.554662104169466,104.4722167056088,100.01675049519186,0.0,4.4554662104169465,866,False,
0.9577683908357317,0.659075589133974,1.1336978550491552,20.38562568609907,"[{""power_percent"": 25, ""duration_minutes"": 9.588230228727898}]",WARM,0.7,120.0,186.81798187240867,0.9492891037610482,25.09827239692092,36.488655872844156,47.18151178267948,108.12714211447228,93.40899093620433,10.0,4.718151178267948,867,False,
0.9653980885443979,0.8205258577225819,5.673004840959264,40.67552727363373,"[{""power_percent"": 25, ""duration_minutes"": 10.274988864838841}, {""power_percent"": 50, ""duration_minutes"": 10.274988864838841}, {""power_percent"": 75, ""duration_minutes"": 10.274988864838841}]",HOT,2.0,200.0,196.90394235992204,5.697267047653805,16.112732555718154,40.267570976754016,50.41051715445164,133.49302289540617,98.45197117996102,30.0,5.041051715445164,868,False,
1.558322259158727,0.2013350057971896,6.874956989799325,14.353147185923211,[],HOT,2.0,200.0,99.06331269325696,6.626742982548516,35.58322259158727,42.165934049164925,38.0267001159438,53.33432635822286,49.53165634662848,0.0,3.8026700115943797,869,False,
0.9483370696611904,0.21034921360657585,6.526418355809862,33.9429751377742,"[{""power_percent"": 25, ""duration_minutes"": 46.633337588945984}, {""power_percent"": 50, ""duration_minutes"": 46.633337588945984}, {""power_percent"": 75, ""duration_minutes"": 46.633337588945984}]",WARM,0.7,120.0,322.754514115564,6.594042736616896,10.488370058270004,33.980026891893495,38.20698427213152,195.19795548499516,161.377257057782,30.0,3.820698427213152,870,False,
0.799496297275324,0.15108902336462848,0.6213917054622016,10.978740204181024,"[{""power_percent"": 25, ""duration_minutes"": 52.212478789987756}, {""power_percent"": 50, ""duration_minutes"": 52.212478789987756}, {""power_percent"": 75, ""duration_minutes"": 52.212478789987756}]",WARM,0.7,120.0,362.04918813513063,0.47392173116623804,8.163091154255074,21.27116177835224,37.02178046729257,214.72677211429456,181.02459406756532,30.0,3.7021780467292573,871,False,
1.2106149658721432,0.8143194830915113,6.516646970316097,11.581010180632195,"[{""power_percent"": 25, ""duration_minutes"": 47.318922837159406}, {""power_percent"": 50, ""duration_minutes"": 47.318922837159406}, {""power_percent"": 75, ""duration_minutes"": 47.318922837159406}]",WARM,0.7,120.0,283.8350412245412,6.441665201276481,13.008311233147523,41.146424682385984,50.28638966183023,176.94615957845363,141.9175206122706,30.0,5.028638966183023,872,False,
0.9577683908357317,0.32213626293607367,5.043545562800378,20.38562568609907,"[{""power_percent"": 25, ""duration_minutes"": 28.90768305386025}]",COLD,0.1,20.0,226.137434697541,4.866456264337402,24.132299755664302,40.885495789217835,40.442725258721474,127.11298987464265,113.0687173487705,10.0,4.044272525872148,873,False,
0.5070890680856692,0.7971773872987683,1.398658106494843,42.48977209641026,"[{""power_percent"": 25, ""duration_minutes"": 28.03866835182216}, {""power_percent"": 50, ""duration_minutes"": 28.03866835182216}, {""power_percent"": 75, ""duration_minutes"": 28.03866835182216}]",HOT,2.0,200.0,391.16895862501343,1.5054291814053444,8.865090428083368,32.245332282931535,49.943547745975366,230.57883408710424,195.58447931250672,30.0,4.994354774597537,874,False,
0.961474567083112,0.7479011630739612,3.2688967086367504,11.49194123449362,[],WARM,0.7,120.0,173.95794929566858,3.001389373360388,29.61474567083112,44.11260737416103,48.95802326147922,91.87477697398222,86.97897464783429,0.0,4.895802326147923,875,False,
0.8056230739240372,0.21818640215340968,0.583012384357495,34.69602936974064,"[{""power_percent"": 25, ""duration_minutes"": 28.866861476455195}, {""power_percent"": 50, ""duration_minutes"": 28.866861476455195}, {""power_percent"": 75, ""duration_minutes"": 28.866861476455195}]",WARM,0.7,120.0,297.70068400034313,0.507564222048343,11.726201517772093,24.25419452424496,38.36372804306819,182.68671480447838,148.85034200017157,30.0,3.8363728043068193,876,False,
1.5728828079343566,0.1457516078611773,1.4574486528581363,21.653762762663135,[],HOT,2.0,200.0,100.36242010195028,1.252455917116741,35.728828079343565,32.83412198861786,36.91503215722355,53.872713266697495,50.18121005097514,0.0,3.691503215722355,877,False,
0.8284136923931069,0.8148190984466241,0.6074732755479095,10.892751638624322,"[{""power_percent"": 25, ""duration_minutes"": 27.08665968046339}, {""power_percent"": 50, ""duration_minutes"": 27.08665968046339}, {""power_percent"": 75, ""duration_minutes"": 27.08665968046339}]",WARM,0.7,120.0,280.0967576144779,0.38295321672532134,12.221137971861559,31.525083259021965,50.29638196893248,175.0780170041322,140.04837880723895,30.0,5.029638196893249,878,False,
2.8256225469246523,0.5945833016501949,3.7711529507096797,16.419559992775895,[],WARM,0.7,120.0,72.51151461516204,3.4586454087893492,48.25622546924652,43.27730552122169,45.8916660330039,40.84492391088141,36.25575730758102,0.0,4.589166603300391,879,False,
1.8837767069798887,0.9843568410238661,6.453866154503113,38.27627447839515,[],WARM,0.7,120.0,105.61015421932552,6.310172733094287,38.837767069798886,53.320014401292624,53.68713682047732,58.173790791710495,52.80507710966276,0.0,5.368713682047733,880,False,
0.5400798674053118,0.19565625354111565,4.244386057777946,46.95706956213499,"[{""power_percent"": 25, ""duration_minutes"": 25.3496706050612}, {""power_percent"": 50, ""duration_minutes"": 25.3496706050612}, {""power_percent"": 75, ""duration_minutes"": 25.3496706050612}]",HOT,2.0,200.0,366.3728324809118,4.368574292269727,9.598348083293937,28.555176803593767,37.91312507082232,216.97772874753815,183.1864162404559,30.0,3.7913125070822318,881,False,
0.6454710742355008,0.8994752608673336,5.86288745311532,14.333583263344023,"[{""power_percent"": 25, ""duration_minutes"": 46.050670448851974}, {""power_percent"": 50, ""duration_minutes"": 46.050670448851974}, {""power_percent"": 75, ""duration_minutes"": 46.050670448851974}]",WARM,0.7,120.0,389.34050152706254,5.823222121072518,7.547110175027211,40.97491769624197,51.989505217346675,229.86920128526594,194.67025076353127,30.0,5.198950521734668,882,False,
1.4888722377427341,0.5923232444795213,6.764382365078651,12.866629624198241,[],WARM,0.7,120.0,119.10738426311366,6.48402725331413,34.88872237742734,49.23664366391156,45.84646488959042,64.13833862051587,59.55369213155683,0.0,4.584646488959042,883,False,
0.9649270120179211,0.5837897771379316,0.22158563903393927,38.35577540574863,"[{""power_percent"": 25, ""duration_minutes"": 28.97639472287744}, {""power_percent"": 50, ""duration_minutes"": 28.97639472287744}, {""power_percent"": 75, ""duration_minutes"": 28.97639472287744}]",WARM,0.7,120.0,268.38808895652915,-0.03794760484365345,13.302810911747594,29.35443052252833,45.67579554275863,168.76162403254042,134.19404447826457,30.0,4.567579554275863,884,False,
0.8526276607556988,0.8198540831465094,6.3818139399854585,12.246341147511592,"[{""power_percent"": 25, ""duration_minutes"": 52.10818887176888}, {""power_percent"": 50, ""duration_minutes"": 52.10818887176888}, {""power_percent"": 75, ""duration_minutes"": 52.10818887176888}]",HOT,2.0,200.0,334.42520334095747,6.365511447055606,8.710048276791653,37.91213987926983,50.39708166293019,202.25230983677176,167.21260167047873,30.0,5.039708166293019,885,False,
0.6399874267919814,0.21990852478065548,0.53348263250604,9.963204061394983,[],HOT,2.0,200.0,235.86856575517342,0.1956623598027306,26.399874267919813,35.571937032355784,38.39817049561311,121.77409992714801,117.93428287758671,0.0,3.839817049561311,886,False,
2.6468510301245045,0.7440980875584007,6.7977946867701995,30.09994603215539,[],HOT,2.0,200.0,64.20109914360789,6.600520321758151,46.46851030124505,48.52476642424121,48.881961751168014,36.98874574692075,32.100549571803946,0.0,4.888196175116802,887,False,
0.9382836368096162,0.21379232639881324,1.0333404130696482,38.35577540574863,"[{""power_percent"": 25, ""duration_minutes"": 52.60793694913042}, {""power_percent"": 50, ""duration_minutes"": 52.60793694913042}, {""power_percent"": 75, ""duration_minutes"": 52.60793694913042}]",WARM,0.7,120.0,343.69691448463846,1.1457675308791466,9.4916458257266,22.497474417503323,38.27584652797626,205.67604189511687,171.84845724231923,30.0,3.8275846527976265,888,False,
0.8858699571709971,0.11253337671652304,2.072167375237875,46.76551332230799,[],WARM,0.7,120.0,197.85473245292667,2.019325656884883,28.85869957170997,34.09473527107403,36.25066753433046,102.55243297989638,98.92736622646333,0.0,3.625066753433046,889,False,
1.8268368773131913,0.8543956124537767,4.4612467687414545,13.154540628398077,[],WARM,0.7,120.0,100.55549949727113,4.169100537419315,38.26836877313191,47.77524088692823,51.087912249075536,55.38654097354312,50.277749748635564,0.0,5.108791224907554,890,False,
2.935998258656583,0.6407334948138615,6.696292761082501,42.80894027654623,"[{""power_percent"": 25, ""duration_minutes"": 34.23078023144939}]",HOT,2.0,200.0,96.66341087202414,6.617937252626962,43.64844357499336,44.05446405298786,46.81466989627723,63.013172425639794,48.33170543601207,10.0,4.681466989627723,891,False,
0.9351523139628604,0.48255424112471174,6.411480970374299,33.77843884700192,"[{""power_percent"": 25, ""duration_minutes"": 40.04271752364041}, {""power_percent"": 50, ""duration_minutes"": 40.04271752364041}, {""power_percent"": 75, ""duration_minutes"": 40.04271752364041}]",WARM,0.7,120.0,305.1633618558567,6.458873663468717,11.345115511082543,37.6097682571175,43.651084822494234,186.94678941017776,152.58168092792835,30.0,4.365108482249424,892,False,
0.5260104796216496,0.647179435976938,6.487979773638373,29.701232952070647,"[{""power_percent"": 25, ""duration_minutes"": 45.56554662444094}, {""power_percent"": 50, ""duration_minutes"": 45.56554662444094}, {""power_percent"": 75, ""duration_minutes"": 45.56554662444094}]",WARM,0.7,120.0,445.27243100281817,6.5438433920392525,6.425272802550354,39.24121358280031,46.94358871953876,257.33057437336294,222.63621550140908,30.0,4.6943588719538765,893,False,
0.6110864492609056,0.20759081492470602,5.308927487606871,44.62956936417124,"[{""power_percent"": 25, ""duration_minutes"": 1.6734500394989897}]",HOT,2.0,200.0,259.026772206527,5.301934895860961,22.02719199063411,37.05874125312525,38.15181629849412,143.32856773311292,129.5133861032635,10.0,3.815181629849412,894,False,
2.207857737333054,0.13288709729575088,6.873148883301627,40.84177135969996,[],HOT,2.0,200.0,78.69169137443485,6.757885201966504,42.07857737333054,41.34094293415227,36.65774194591502,43.011619881808926,39.34584568721743,0.0,3.6657741945915023,895,False,
0.5613369933899608,0.6041942670209979,1.598536955574655,32.60023098066393,"[{""power_percent"": 25, ""duration_minutes"": 56.98140024009934}, {""power_percent"": 50, ""duration_minutes"": 56.98140024009934}, {""power_percent"": 75, ""duration_minutes"": 56.98140024009934}]",HOT,2.0,200.0,446.44343028066373,1.730629062443338,5.066159897884708,26.924931271493726,46.083885340419954,257.83010367437385,223.22171514033187,30.0,4.608388534041995,896,False,
1.2508205153441077,0.14649562444851233,1.4574486528581363,48.0718827392069,"[{""power_percent"": 25, ""duration_minutes"": 25.81491089127472}, {""power_percent"": 50, ""duration_minutes"": 25.81491089127472}]",HOT,2.0,200.0,184.4726688026085,1.515476950462163,21.926714064313604,27.29415553418939,36.929912488970245,115.92932565020128,92.23633440130425,20.0,3.692991248897025,897,False,
1.9234245078176904,0.938002908437415,6.875417604978555,13.296197271013764,"[{""power_percent"": 25, ""duration_minutes"": 37.025334389210194}, {""power_percent"": 50, ""duration_minutes"": 37.025334389210194}, {""power_percent"": 75, ""duration_minutes"": 37.025334389210194}]",WARM,0.7,120.0,207.55076685952525,6.751333811459559,21.680444919795377,44.27459001617717,52.7600581687483,139.05138924663746,103.77538342976263,30.0,5.2760058168748305,898,False,
2.673355591414622,0.7565204300058651,1.5646101667558034,21.15400141858219,"[{""power_percent"": 25, ""duration_minutes"": 6.49632873153686}, {""power_percent"": 50, ""duration_minutes"": 6.49632873153686}]",HOT,2.0,200.0,73.94811641067933,1.3655926090737855,38.08392304099254,35.559245102666566,49.1304086001173,61.88709906535139,36.97405820533967,20.0,4.91304086001173,899,False,
1.3094328816757053,0.5060879280626601,2.3638252694165396,43.507052724649974,[],HOT,2.0,200.0,126.10552447171429,2.300490270497411,33.094328816757056,36.800705675585,44.1217585612532,67.46493809198246,63.052762235857145,0.0,4.41217585612532,900,False,
0.5142432497806669,0.555146609559567,6.487221675748095,11.902256908979368,"[{""power_percent"": 25, ""duration_minutes"": 51.45552371955485}, {""power_percent"": 50, ""duration_minutes"": 51.45552371955485}, {""power_percent"": 75, ""duration_minutes"": 51.45552371955485}]",WARM,0.7,120.0,464.1279997657293,6.454432058369407,5.424103939873438,37.60520553145105,45.102932191191336,266.5742931019838,232.06399988286466,30.0,4.510293219119133,901,False,
0.904853012371698,0.8379575292790755,5.829622216705594,9.392712734167093,"[{""power_percent"": 25, ""duration_minutes"": 51.349449473498716}, {""power_percent"": 50, ""duration_minutes"": 51.349449473498716}, {""power_percent"": 75, ""duration_minutes"": 51.349449473498716}]",WARM,0.7,120.0,337.13894295662965,5.765832721036224,9.34611270269217,39.69328433214521,50.75915058558151,203.64538653687296,168.56947147831482,30.0,5.075915058558151,902,False,
2.0975454378446408,0.659075589133974,6.6179543241499905,5.978181511855261,"[{""power_percent"": 25, ""duration_minutes"": 8.723914110783689}]",WARM,0.7,120.0,96.52952620042674,6.300645509818118,36.53925867290722,47.48309829458416,47.18151178267948,62.98291427848132,48.26476310021337,10.0,4.718151178267948,904,False,
0.9445734307730413,0.7331555773993558,0.7552326138824053,38.42057627371908,"[{""power_percent"": 25, ""duration_minutes"": 11.244519248737129}, {""power_percent"": 50, ""duration_minutes"": 11.244519248737129}, {""power_percent"": 75, ""duration_minutes"": 11.244519248737129}]",WARM,0.7,120.0,218.56157187558688,0.7437066920400094,15.759056420419842,31.896325424170737,48.663111547987114,144.14709709259216,109.28078593779344,30.0,4.866311154798712,905,False,
0.8043789906468817,0.29884049183356864,1.8370206672396732,45.93582042832558,"[{""power_percent"": 25, ""duration_minutes"": 32.24004413962202}]",WARM,0.7,120.0,247.00005159165326,1.8347004743233737,22.431787699487714,32.892925912293514,39.97680983667137,137.49770677949377,123.50002579582663,10.0,3.9976809836671374,906,False,
0.963092436536659,0.5837897771379316,0.5117478702059692,41.89502389987471,"[{""power_percent"": 25, ""duration_minutes"": 52.4671812537046}, {""power_percent"": 50, ""duration_minutes"": 52.4671812537046}, {""power_percent"": 75, ""duration_minutes"": 52.4671812537046}]",WARM,0.7,120.0,340.2183408246293,0.5439958599048649,9.760847177310898,26.659935272409825,45.67579554275863,204.6767499665905,170.10917041231465,30.0,4.567579554275863,907,False,
1.93320992056139,0.1304747979987354,0.6189950498052956,13.801924335260257,"[{""power_percent"": 25, ""duration_minutes"": 28.741031661972393}, {""power_percent"": 50, ""duration_minutes"": 28.741031661972393}, {""power_percent"": 75, ""duration_minutes"": 28.741031661972393}]",WARM,0.7,120.0,182.45483215207318,0.3727012939803187,23.02094445631804,23.141014626796718,36.60949595997471,124.88836567203406,91.22741607603659,30.0,3.660949595997471,908,False,
0.5070890680856692,0.35097182457851067,6.982841959578491,20.94151200341537,"[{""power_percent"": 25, ""duration_minutes"": 54.18443473453843}, {""power_percent"": 50, ""duration_minutes"": 54.18443473453843}, {""power_percent"": 75, ""duration_minutes"": 54.18443473453843}]",WARM,0.7,120.0,479.14177974526376,7.012760773079171,4.943225470675928,35.90074668799065,41.01943649157021,273.6728335217889,239.57088987263188,30.0,4.101943649157021,909,False,
1.660656728160892,0.9770521478776221,6.874644716031072,37.61857404650692,"[{""power_percent"": 25, ""duration_minutes"": 21.262616382626145}, {""power_percent"": 50, ""duration_minutes"": 21.262616382626145}, {""power_percent"": 75, ""duration_minutes"": 21.262616382626145}]",HOT,2.0,200.0,163.89913254364637,6.885717740331555,21.417174824214996,43.56027973215725,53.54104295755244,117.30367056757844,81.94956627182319,30.0,5.354104295755245,910,False,
2.6449732708022364,0.5277331052084733,6.129166698148531,5.123073067224906,[],HOT,2.0,200.0,56.748270067176946,5.78210620571979,46.44973270802237,44.59113065879874,44.554662104169466,32.82960124400542,28.374135033588473,0.0,4.4554662104169465,911,False,
0.9653980885443979,0.7442953730791071,5.768324820995195,41.973019448153806,"[{""power_percent"": 25, ""duration_minutes"": 10.728182530788807}, {""power_percent"": 50, ""duration_minutes"": 10.728182530788807}, {""power_percent"": 75, ""duration_minutes"": 10.728182530788807}]",HOT,2.0,200.0,198.65277101012796,5.801731561734707,16.044753505825657,39.502657691168686,48.88590746158214,134.2149762512222,99.32638550506398,30.0,4.888590746158215,912,False,
1.0557722638230274,0.15139384855205706,3.2038095750451525,46.76551332230799,[],HOT,2.0,200.0,154.60574856735218,3.170171764426079,30.557722638230274,34.22434533271499,37.02787697104114,81.0056619807802,77.30287428367609,0.0,3.702787697104114,913,False,
1.1726157558261368,0.5508900066567535,6.324822723012113,13.988087097942348,"[{""power_percent"": 25, ""duration_minutes"": 38.054052447460435}, {""power_percent"": 50, ""duration_minutes"": 38.054052447460435}, {""power_percent"": 75, ""duration_minutes"": 38.054052447460435}]",WARM,0.7,120.0,260.77772429408844,6.238008772709101,14.018049691142302,38.43546080563383,45.01780013313507,164.89064216035774,130.38886214704422,30.0,4.501780013313507,914,False,
0.8637020926731682,0.6763310607666038,6.3301174552181765,5.320800433322407,[],WARM,0.7,120.0,189.76723302495222,6.029494174111183,28.637020926731683,49.376207639635595,47.52662121533207,99.63627863400932,94.88361651247611,0.0,4.752662121533207,915,False,
0.8387323687976214,0.18634500274020904,0.5145897926352292,14.080479537937926,"[{""power_percent"": 25, ""duration_minutes"": 42.08738595388522}, {""power_percent"": 50, ""duration_minutes"": 42.08738595388522}, {""power_percent"": 75, ""duration_minutes"": 42.08738595388522}]",WARM,0.7,120.0,323.82761699865347,0.3537855329726075,10.07421579489343,22.819095711762383,37.726900054804176,195.68649850480716,161.91380849932673,30.0,3.7726900054804178,916,False,
0.8933295115670572,0.5734334662445368,3.7107029760031747,40.742630424714385,"[{""power_percent"": 25, ""duration_minutes"": 8.98535945480186}]",HOT,2.0,200.0,187.61931468359526,3.6764109375435807,24.48402714293048,38.03304676329674,45.46866932489073,108.3565242742867,93.80965734179763,10.0,4.546866932489073,917,False,
2.118422016002693,0.9736639972352589,6.801552887587387,37.55162348460131,[],WARM,0.7,120.0,96.5729082612149,6.644125747854886,41.18422016002693,53.88707374199788,53.473279944705176,53.63378212507797,48.28645413060745,0.0,5.347327994470518,918,False,
2.769408272462938,0.12506782998368485,4.445728597085247,41.819589085011046,"[{""power_percent"": 25, ""duration_minutes"": 34.21267813729044}, {""power_percent"": 50, ""duration_minutes"": 34.21267813729044}, {""power_percent"": 75, ""duration_minutes"": 34.21267813729044}]",HOT,2.0,200.0,167.8471060304842,4.4765078351086665,30.562181004035814,27.31313012161857,36.5013565996737,117.57368867520948,83.9235530152421,30.0,3.65013565996737,919,False,
2.028021436127428,0.7988121258636002,4.48871488610747,33.94640026053851,[],WARM,0.7,120.0,98.6476353170053,4.313272430225603,40.280214361274275,47.163175282578145,49.976242517272006,54.32144191022985,49.32381765850265,0.0,4.997624251727201,920,False,
0.7118461742415787,0.18894726013952073,2.03387253827743,44.62956936417124,"[{""power_percent"": 25, ""duration_minutes"": 1.6734500394989897}]",HOT,2.0,200.0,224.28200359455465,2.022849557532293,23.034789240440837,30.284908697044134,37.77894520279041,125.91889631755637,112.14100179727733,10.0,3.777894520279041,921,False,
0.5360445099954598,0.5619130968983569,6.486270690427126,31.064817330023327,"[{""power_percent"": 25, ""duration_minutes"": 46.71554912387838}, {""power_percent"": 50, ""duration_minutes"": 46.71554912387838}, {""power_percent"": 75, ""duration_minutes"": 46.71554912387838}]",HOT,2.0,200.0,427.7936016729562,6.5793644613790825,6.353112731372843,35.51109912248548,45.23826193796714,248.4206270302748,213.8968008364781,30.0,4.523826193796714,922,False,
2.5498703780015903,0.8698897892003838,0.6132233076628653,13.435339210401477,"[{""power_percent"": 25, ""duration_minutes"": 29.176424434086673}, {""power_percent"": 50, ""duration_minutes"": 29.176424434086673}, {""power_percent"": 75, ""duration_minutes"": 29.176424434086673}]",WARM,0.7,120.0,164.8863947559851,0.3413698011074705,29.1222401149029,31.98635265601108,51.39779578400768,117.58297695639331,82.44319737799255,30.0,5.139779578400768,923,False,
2.957368908377939,0.28306527607942894,6.002699908845441,9.963103474038732,[],HOT,2.0,200.0,52.20969150434557,5.672183773354556,49.573689083779385,41.40218313064403,39.66130552158858,30.070976304331644,26.104845752172785,0.0,3.9661305521588583,924,False,
0.5412052774485638,0.42196832751235974,2.4421272129357603,6.917826945862068,"[{""power_percent"": 25, ""duration_minutes"": 47.985746160703926}, {""power_percent"": 50, ""duration_minutes"": 47.985746160703926}, {""power_percent"": 75, ""duration_minutes"": 47.985746160703926}]",HOT,2.0,200.0,421.69174640842385,2.393943201995102,6.214190850380048,25.629157201556485,42.43936655024719,245.08980985923665,210.84587320421193,30.0,4.2439366550247195,925,False,
0.8475248800573721,0.7479011630739612,6.340731815791491,40.65556780651754,[],HOT,2.0,200.0,187.68262500778872,6.278764227428301,28.475248800573723,47.656277588470516,48.95802326147922,98.73711483004229,93.84131250389436,0.0,4.895802326147923,926,False,
1.2340816693234753,0.15187182897424317,6.655864196306801,11.330654767432279,"[{""power_percent"": 25, ""duration_minutes"": 33.16073685838249}, {""power_percent"": 50, ""duration_minutes"": 33.16073685838249}]",HOT,2.0,200.0,189.76854151455996,6.5088063318552205,21.02474300739651,35.14454612880157,37.03743657948486,118.58801441522846,94.88427075727998,20.0,3.703743657948486,927,False,
0.8277755598181517,0.13207975385534187,0.6213917054622016,10.324842922133413,"[{""power_percent"": 25, ""duration_minutes"": 23.051832898675784}, {""power_percent"": 50, ""duration_minutes"": 23.051832898675784}, {""power_percent"": 75, ""duration_minutes"": 23.051832898675784}]",WARM,0.7,120.0,267.96149079669624,0.38138523929830337,12.81998066338015,23.667508674458876,36.641595077106835,167.6449049060588,133.98074539834812,30.0,3.664159507710684,928,False,
1.1164842303650782,0.17111726827894055,3.2038095750451525,40.898816708147244,[],WARM,0.7,120.0,161.11995280940397,3.106543106079433,31.16484230365078,37.06102636943759,37.422345365578806,84.30221094125986,80.55997640470198,0.0,3.7422345365578806,929,False,
0.5070890680856692,0.18634500274020904,1.398658106494843,9.96220420432417,"[{""power_percent"": 25, ""duration_minutes"": 41.61639970488194}, {""power_percent"": 50, ""duration_minutes"": 41.61639970488194}, {""power_percent"": 75, ""duration_minutes"": 41.61639970488194}]",WARM,0.7,120.0,438.143882316567,1.324996968112007,6.8284307251244005,23.88798027243282,37.726900054804176,252.84463116376392,219.0719411582835,30.0,3.7726900054804178,930,False,
1.5146773284087296,0.8063041922685351,2.8216287803569946,43.72542737467343,"[{""power_percent"": 25, ""duration_minutes"": 27.752468509572864}, {""power_percent"": 50, ""duration_minutes"": 27.752468509572864}]",WARM,0.7,120.0,182.15355829301063,2.820899188487832,24.371526433130008,38.25375975736204,50.1260838453707,116.08938753104239,91.07677914650532,20.0,5.012608384537071,931,False,
0.5994850314629903,0.13829318576422084,4.393870581698055,41.819589085011046,"[{""power_percent"": 25, ""duration_minutes"": 54.91633442444854}, {""power_percent"": 50, ""duration_minutes"": 54.91633442444854}, {""power_percent"": 75, ""duration_minutes"": 54.91633442444854}]",HOT,2.0,200.0,426.00963454232476,4.573557718222947,5.7574001509626225,25.504789294366397,36.76586371528442,246.6814036426908,213.00481727116238,30.0,3.676586371528442,932,False,
0.8629950610596377,0.2188135642876803,0.7143817198946829,35.075242485078014,[],WARM,0.7,120.0,198.83585021181725,0.5923133723627655,28.629950610596378,32.65452621124153,38.3762712857536,103.25555223448399,99.41792510590862,0.0,3.8376271285753605,933,False,
2.9085387287018714,0.279521559792175,3.914871518120807,16.27867984882889,[],HOT,2.0,200.0,54.9558929944262,3.6242020480657056,49.08538728701871,37.184001753747715,39.5904311958435,31.43698961679745,27.4779464972131,0.0,3.9590431195843503,934,False,
2.4980550772720194,0.5280956219899219,6.125140481489178,33.721160411020314,[],HOT,2.0,200.0,68.66306261120532,5.955545240864419,44.98055077272019,44.58742842685742,44.561912439798434,38.787722549582504,34.33153130560266,0.0,4.456191243979844,935,False,
1.8259503886027306,0.6048403001373287,0.20081086130432468,23.603463232523296,"[{""power_percent"": 25, ""duration_minutes"": 43.46804787725181}]",HOT,2.0,200.0,131.19808768310725,-0.23913832696739298,32.086101492164715,37.55242044272174,46.096806002746575,80.20872444182828,65.59904384155362,10.0,4.6096806002746575,936,False,
0.5857241261921567,0.30150761205532783,6.658545270189469,45.93582042832558,"[{""power_percent"": 25, ""duration_minutes"": 35.20444283829982}, {""power_percent"": 50, ""duration_minutes"": 35.20444283829982}, {""power_percent"": 75, ""duration_minutes"": 35.20444283829982}]",WARM,0.7,120.0,389.98733304332507,6.778344556226634,8.576574836176594,36.36678202959588,40.030152241106556,228.9966817457732,194.99366652166253,30.0,4.003015224110656,937,False,
1.1938104392269944,0.7981871586807613,6.516646970316097,11.581010180632195,[],WARM,0.7,120.0,143.62239178855077,6.240380613830809,31.938104392269942,51.21153984480133,49.96374317361523,76.80757021163691,71.81119589427539,0.0,4.996374317361523,938,False,
0.5213176520649496,0.1874507854062359,1.5843733198352807,41.81943315390784,"[{""power_percent"": 25, ""duration_minutes"": 54.07843684310923}, {""power_percent"": 50, ""duration_minutes"": 54.07843684310923}, {""power_percent"": 75, ""duration_minutes"": 54.07843684310923}]",WARM,0.7,120.0,477.0135803916376,1.7386725232054576,5.101410994183112,23.151096748665555,37.749015708124716,272.2816917666313,238.5067901958188,30.0,3.774901570812472,939,False,
0.8695127724126345,0.6741737646081206,4.07142546012779,15.711241866743727,"[{""power_percent"": 25, ""duration_minutes"": 9.975578387803987}]",HOT,2.0,200.0,185.69935534797807,3.8888879788195507,24.196348804736143,39.93366874391891,47.48347529216241,107.59802520320528,92.84967767398904,10.0,4.748347529216241,940,False,
0.7204491879658683,0.39979800133558197,6.258845763876863,49.19137374707768,"[{""power_percent"": 25, ""duration_minutes"": 55.058657615873244}, {""power_percent"": 50, ""duration_minutes"": 55.058657615873244}]",HOT,2.0,200.0,331.57816835566217,6.40329335407244,13.698626118071358,36.01174808682831,41.99596002671164,189.98868018050226,165.78908417783109,20.0,4.199596002671164,941,False,
1.1717849853817826,0.19171205588406517,2.205289295294969,34.89659264545404,"[{""power_percent"": 25, ""duration_minutes"": 52.37250639225948}, {""power_percent"": 50, ""duration_minutes"": 52.37250639225948}, {""power_percent"": 75, ""duration_minutes"": 52.37250639225948}]",HOT,2.0,200.0,294.09632972239183,2.3129149709292007,11.861973894978902,21.99759768589536,37.8342411176813,180.83158897296406,147.04816486119591,30.0,3.7834241117681304,942,False,
2.645348422812566,0.9657133236948023,4.151600927189413,34.318185751015164,"[{""power_percent"": 25, ""duration_minutes"": 9.994321353288745}, {""power_percent"": 50, ""duration_minutes"": 9.994321353288745}]",WARM,0.7,120.0,101.48740401781247,4.01368474748958,37.454052092796786,43.89210245751913,53.31426647389605,76.07512865629585,50.74370200890623,20.0,5.3314266473896055,943,False,
0.7613334451422584,0.4142139630424182,5.3615644192525815,5.061008943810347,"[{""power_percent"": 25, ""duration_minutes"": 59.55231484984473}, {""power_percent"": 50, ""duration_minutes"": 59.55231484984473}, {""power_percent"": 75, ""duration_minutes"": 59.55231484984473}]",HOT,2.0,200.0,375.6979853733508,5.328134079659287,6.680487223945875,30.333988058528153,42.284279260848365,222.07742061276022,187.8489926866754,30.0,4.228427926084836,944,False,
0.5070890680856692,0.1874507854062359,6.982841959578491,16.429814959446226,"[{""power_percent"": 25, ""duration_minutes"": 54.59130924419035}, {""power_percent"": 50, ""duration_minutes"": 54.59130924419035}, {""power_percent"": 75, ""duration_minutes"": 54.59130924419035}]",HOT,2.0,200.0,463.0088941610288,7.012911214344312,4.882194294228139,31.301875512054675,37.749015708124716,265.27934865132687,231.5044470805144,30.0,3.774901570812472,945,False,
1.157082724007164,0.5922197265291598,6.324580831788085,37.81847156218627,[],WARM,0.7,120.0,155.4819078993341,6.207208352200914,31.57082724007164,48.355798381926085,45.844394530583195,82.32539340272537,77.74095394966704,0.0,4.5844394530583195,946,False,
1.527128468689274,0.11023755841643414,4.973276747944584,30.79517670187396,"[{""power_percent"": 25, ""duration_minutes"": 28.24855598856338}]",HOT,2.0,200.0,134.21067242253824,4.873211225396819,29.858856887464572,34.421947517229476,36.204751168328684,80.72581132810198,67.10533621126912,10.0,3.6204751168328686,947,False,
1.4043060089411643,0.9838764246789192,6.1008540579668376,44.537113401421614,[],HOT,2.0,200.0,118.67546013236759,6.03990449801772,34.04306008941164,50.00822521208071,53.677528493578386,64.70548291554164,59.337730066183795,0.0,5.367752849357839,948,False,
0.961474567083112,0.7479011630739612,6.494078626771874,11.493233301676106,[],WARM,0.7,120.0,173.95833691582334,6.226579043898605,29.61474567083112,50.56297121043128,48.95802326147922,91.8749707840596,86.97916845791167,0.0,4.895802326147923,949,False,
0.6484203580293132,0.44443119979748147,2.9164224510235046,29.95690695541975,"[{""power_percent"": 25, ""duration_minutes"": 48.0490814831629}, {""power_percent"": 50, ""duration_minutes"": 48.0490814831629}, {""power_percent"": 75, ""duration_minutes"": 48.0490814831629}]",HOT,2.0,200.0,382.9657331743611,3.00237432288434,7.276841357818694,26.841601966132124,42.88862399594963,225.7717289867755,191.48286658718055,30.0,4.288862399594963,950,False,
2.4487576828015043,0.3800265477153101,3.0824087042106765,29.55847150290159,"[{""power_percent"": 25, ""duration_minutes"": 1.9773187948806452}, {""power_percent"": 50, ""duration_minutes"": 1.9773187948806452}]",HOT,2.0,200.0,72.57772958101529,2.933763863505787,36.28984494852698,32.606496853312244,41.6005309543062,60.448917885938265,36.288864790507645,20.0,4.16005309543062,951,False,
0.9497076830166639,0.31712256676242656,0.5439825694889899,20.444553985992854,[],WARM,0.7,120.0,178.57670253223566,0.2306615860842805,29.497076830166638,34.11750566217114,40.342451335248526,93.32259639964268,89.28835126611783,0.0,4.034245133524853,952,False,
0.8056230739240372,0.7779470876110818,4.653312674187302,40.67552727363373,"[{""power_percent"": 25, ""duration_minutes"": 32.98241980520006}, {""power_percent"": 50, ""duration_minutes"": 32.98241980520006}, {""power_percent"": 75, ""duration_minutes"": 32.98241980520006}]",WARM,0.7,120.0,311.8412083577457,4.726088174287741,11.108867768460364,38.27357261723959,49.558941752221635,190.87649835409502,155.92060417887285,30.0,4.955894175222164,953,False,
0.8901707746042984,0.13492720088741209,0.5656498705931138,10.50806282074366,"[{""power_percent"": 25, ""duration_minutes"": 12.239423604946674}, {""power_percent"": 50, ""duration_minutes"": 12.239423604946674}, {""power_percent"": 75, ""duration_minutes"": 12.239423604946674}]",WARM,0.7,120.0,222.87768211616645,0.29180968734824386,15.065794205300982,24.786278545017517,36.69854401774824,145.10869545985804,111.43884105808323,30.0,3.669854401774824,954,False,
0.9084218664680063,0.8425522849596097,5.695935816339742,38.32821431042401,"[{""power_percent"": 25, ""duration_minutes"": 28.75726449169685}, {""power_percent"": 50, ""duration_minutes"": 28.75726449169685}, {""power_percent"": 75, ""duration_minutes"": 28.75726449169685}]",WARM,0.7,120.0,277.3917784370323,5.737840021018655,12.770628990925537,41.51434524794208,50.85104569919219,173.78099378843538,138.69588921851616,30.0,5.08510456991922,955,False,
0.7958647850605467,0.938002908437415,6.937552968457567,37.33737493452103,"[{""power_percent"": 25, ""duration_minutes"": 23.091754128420625}, {""power_percent"": 50, ""duration_minutes"": 23.091754128420625}, {""power_percent"": 75, ""duration_minutes"": 23.091754128420625}]",WARM,0.7,120.0,283.45070166356413,6.961017889047532,12.494884731342372,45.652882966606256,52.7600581687483,177.0013566486569,141.72535083178207,30.0,5.2760058168748305,956,False,
1.8308389629146071,0.17877934612579963,6.999041941265323,43.51041746233786,"[{""power_percent"": 25, ""duration_minutes"": 43.63341311587299}]",HOT,2.0,200.0,137.1161908463518,6.978504300638638,32.12671897335242,38.83443364256405,37.575586922515996,82.31565411542749,68.5580954231759,10.0,3.7575586922515996,957,False,
0.8711623682701132,0.2826239351480978,2.349071282239821,45.93582042832558,"[{""power_percent"": 25, ""duration_minutes"": 32.94270416794341}, {""power_percent"": 50, ""duration_minutes"": 32.94270416794341}]",WARM,0.7,120.0,266.3499005298377,2.397725118414857,17.41735326590679,30.713067536180212,39.65247870296196,157.14019813521506,133.17495026491886,20.0,3.9652478702961957,958,False,
2.084318089704184,0.4144771770013724,5.6633617135641385,35.170006498466336,"[{""power_percent"": 25, ""duration_minutes"": 13.252322275595843}, {""power_percent"": 50, ""duration_minutes"": 13.252322275595843}, {""power_percent"": 75, ""duration_minutes"": 13.252322275595843}]",COLD,0.1,20.0,156.77395167545808,5.580765995793556,26.855332555702464,38.90774054634112,42.289543540027445,112.61593019173178,78.38697583772904,30.0,4.228954354002744,959,False,
0.760393950769403,0.31207909639438575,0.5002318564726704,34.69602936974064,"[{""power_percent"": 25, ""duration_minutes"": 28.866861476455195}, {""power_percent"": 50, ""duration_minutes"": 28.866861476455195}, {""power_percent"": 75, ""duration_minutes"": 28.866861476455195}]",WARM,0.7,120.0,308.77556013735847,0.42659285908970374,11.27391028622575,25.546467910906323,40.241581927887715,188.411938261468,154.38778006867923,30.0,4.0241581927887715,960,False,
1.1926475036794155,0.7511465515097415,2.7154105605444814,42.93116484237212,"[{""power_percent"": 25, ""duration_minutes"": 54.6843401731791}, {""power_percent"": 50, ""duration_minutes"": 54.6843401731791}]",HOT,2.0,200.0,246.51863640096826,2.802660329797896,18.458041019476244,33.16351932881511,49.022931030194826,148.1616113035036,123.25931820048413,20.0,4.902293103019483,961,False,
0.5110150563228639,0.5922197265291598,6.4860287992030985,11.692620099446426,[],WARM,0.7,120.0,311.54121159925324,6.237743917546862,25.11015056322864,48.678694316756115,45.844394530583195,160.35504525268493,155.77060579962662,0.0,4.5844394530583195,962,False,
2.0968677601690153,0.4120566668904041,3.9996384625825527,17.80748354792578,"[{""power_percent"": 25, ""duration_minutes"": 38.608605325202404}, {""power_percent"": 50, ""duration_minutes"": 38.608605325202404}, {""power_percent"": 75, ""duration_minutes"": 38.608605325202404}]",HOT,2.0,200.0,191.20333038282106,3.926434469438954,23.177386802909794,29.469182448581737,42.24113333780808,129.82577852519134,95.60166519141053,30.0,4.224113333780808,963,False,
0.5133808684604243,0.15108902336462848,1.5054618446076855,10.994722426824179,"[{""power_percent"": 25, ""duration_minutes"": 51.741492462334634}, {""power_percent"": 50, ""duration_minutes"": 51.741492462334634}, {""power_percent"": 75, ""duration_minutes"": 51.741492462334634}]",WARM,0.7,120.0,465.2036301246231,1.468119421817218,5.3725848152540445,22.7672576479808,37.02178046729257,266.3039931090408,232.60181506231154,30.0,3.7021780467292573,964,False,
2.9675890017881947,0.7713517640545702,5.037032199851925,42.889489188554144,"[{""power_percent"": 25, ""duration_minutes"": 29.026767858592187}, {""power_percent"": 50, ""duration_minutes"": 29.026767858592187}, {""power_percent"": 75, ""duration_minutes"": 29.026767858592187}]",HOT,2.0,200.0,148.99323333427256,5.050745878487498,33.32187483909312,36.7178764610854,49.427035281091406,109.43932019524541,74.49661666713628,30.0,4.942703528109141,965,False,
2.9860458759046287,0.6407334948138615,6.8757438158650155,42.875890838352,"[{""power_percent"": 25, ""duration_minutes"": 34.23078023144939}]",WARM,0.7,120.0,111.827203037412,6.76978810609039,44.14891974747382,47.01336616255289,46.81466989627723,70.59506850833372,55.913601518706,10.0,4.681466989627723,966,False,
0.6626794972848871,0.11783869765624731,3.914871518120807,16.27867984882889,[],HOT,2.0,200.0,229.7373701637679,3.7140364173223848,26.62679497284887,35.24380740811658,36.35677395312494,118.50436247719645,114.86868508188395,0.0,3.6356773953124946,967,False,
0.9102379181296871,0.4876877227270533,6.411480970374299,12.986625620624599,"[{""power_percent"": 25, ""duration_minutes"": 11.341742643057234}]",WARM,0.7,120.0,194.52981052319296,6.186332950015915,24.53529204914401,44.93496233418152,43.75375445454107,111.6402807070506,97.26490526159648,10.0,4.3753754454541065,968,False,
0.6196894630134944,0.3980681873376768,6.195666296013876,49.19137374707768,"[{""power_percent"": 25, ""duration_minutes"": 55.058657615873244}, {""power_percent"": 50, ""duration_minutes"": 55.058657615873244}]",HOT,2.0,200.0,365.43144923486295,6.344144275207548,12.691028868547617,35.86463138312748,41.961363746753534,206.91186099210682,182.71572461743148,20.0,4.196136374675354,969,False,
2.7337097362819343,0.10009954723295474,1.5646101667558034,29.710488181114325,"[{""power_percent"": 25, ""duration_minutes"": 6.49632873153686}, {""power_percent"": 50, ""duration_minutes"": 6.49632873153686}, {""power_percent"": 75, ""duration_minutes"": 6.49632873153686}]",WARM,0.7,120.0,97.77262530191106,1.4150136925858228,34.36264805308881,26.345745314468747,36.0019909446591,82.48651174542144,48.88631265095553,30.0,3.60019909446591,970,False,
0.8702724927548139,0.20334841384397698,6.2894237326678315,34.84101480498676,"[{""power_percent"": 25, ""duration_minutes"": 51.11275656055473}, {""power_percent"": 50, ""duration_minutes"": 51.11275656055473}, {""power_percent"": 75, ""duration_minutes"": 51.11275656055473}]",HOT,2.0,200.0,334.6503824001986,6.404997191469223,9.03581144346493,30.418880341013462,38.066968276879535,201.13188802778726,167.3251912000993,30.0,3.806696827687954,971,False,
0.904853012371698,0.8398338617582382,0.3913665214516473,10.199426293709383,"[{""power_percent"": 25, ""duration_minutes"": 9.326653725246626}, {""power_percent"": 50, ""duration_minutes"": 9.326653725246626}, {""power_percent"": 75, ""duration_minutes"": 9.326653725246626}]",WARM,0.7,120.0,211.31256977973607,-0.09365108010522448,15.649532064929986,33.85587446292336,50.796677235164765,140.7359526133845,105.65628488986803,30.0,5.079667723516477,972,False,
1.430792832211249,0.9672211236416572,5.525816124420197,42.48406130025097,[],HOT,2.0,200.0,116.08219871529772,5.4514887789332525,34.30792832211249,48.65828573254028,53.344422472833145,63.375541604932174,58.04109935764886,0.0,5.334442247283315,973,False,
0.9438574940344197,0.7854722671373715,5.650517631097585,11.912044199372756,"[{""power_percent"": 25, ""duration_minutes"": 51.75931263571552}, {""power_percent"": 50, ""duration_minutes"": 51.75931263571552}, {""power_percent"": 75, ""duration_minutes"": 51.75931263571552}]",HOT,2.0,200.0,316.27384711530203,5.62751353443959,9.674678044986868,36.06836433062924,49.70944534274743,193.10786809192575,158.13692355765102,30.0,4.970944534274743,974,False,
0.9653980885443979,0.8205258577225819,6.944555257563081,40.67552727363373,"[{""power_percent"": 25, ""duration_minutes"": 10.281238559032085}, {""power_percent"": 50, ""duration_minutes"": 10.281238559032085}, {""power_percent"": 75, ""duration_minutes"": 10.281238559032085}]",HOT,2.0,200.0,196.9226914425018,6.968836213340203,16.111795101589166,42.81010933748426,50.41051715445164,133.50239743669607,98.4613457212509,30.0,5.041051715445164,975,False,
0.9577683908357317,0.659075589133974,5.650300615813547,20.38562568609907,"[{""power_percent"": 25, ""duration_minutes"": 9.704154365424001}]",WARM,0.7,120.0,186.93390600910476,5.466007788662135,25.092476190086114,45.51838367027206,47.18151178267948,108.18510418282033,93.46695300455238,10.0,4.718151178267948,976,False,
0.5423931496189232,0.199668466842148,6.936059945395062,9.96220420432417,"[{""power_percent"": 25, ""duration_minutes"": 41.61639970488194}, {""power_percent"": 50, ""duration_minutes"": 41.61639970488194}, {""power_percent"": 75, ""duration_minutes"": 41.61639970488194}]",WARM,0.7,120.0,418.89002572940973,6.860986643750895,7.181471540456942,35.122665519456525,37.99336933684296,243.24434979838915,209.44501286470486,30.0,3.7993369336842964,977,False,
2.653645016128471,0.30563645763698133,6.002699908845441,9.963103474038732,[],HOT,2.0,200.0,58.0149543378377,5.6843327290445345,46.53645016128471,41.67303730933466,40.112729152739625,33.01875008419281,29.00747716891885,0.0,4.011272915273962,978,False,
0.7453145886094459,0.3567301337536346,4.40685697730862,47.097374691476965,"[{""power_percent"": 25, ""duration_minutes"": 34.20979483176925}]",WARM,0.7,120.0,264.0963048856453,4.415838436744872,21.742656144505993,38.66818171470778,41.13460267507269,146.1616127103299,132.04815244282264,10.0,4.11346026750727,979,False,
1.3094328816757053,0.5060879280626601,6.0336083365908415,44.49461334620257,[],WARM,0.7,120.0,142.40179265818006,5.950198701401028,33.094328816757056,46.7402718099336,44.1217585612532,75.61307218521534,71.20089632909003,0.0,4.41217585612532,980,False,
0.8289617857688673,0.2647631045730853,1.061895596295627,23.603463232523296,"[{""power_percent"": 25, ""duration_minutes"": 43.46804787725181}]",HOT,2.0,200.0,229.99832066588027,0.9618259521372639,22.116215463826084,31.749324625968214,39.29526209146171,128.9286865420863,114.99916033294014,10.0,3.929526209146171,981,False,
1.0515656626568257,0.12643863107902714,3.4672245665236714,46.988096126178206,"[{""power_percent"": 25, ""duration_minutes"": 40.04271752364041}, {""power_percent"": 50, ""duration_minutes"": 40.04271752364041}, {""power_percent"": 75, ""duration_minutes"": 40.04271752364041}]",HOT,2.0,200.0,275.36902609425306,3.6152186693453885,12.509248998022198,24.84786812886803,36.52877262158054,171.3373903092846,137.68451304712653,30.0,3.6528772621580545,982,False,
2.1889502955897946,0.7979960843574139,6.8756192027033896,13.154540628398077,[],WARM,0.7,120.0,86.9723585540896,6.568988434650185,41.889502955897946,51.92719141769574,49.959921687148274,48.482171445759626,43.4861792770448,0.0,4.995992168714828,983,False,
2.2818463128066244,0.4312788770701517,3.0824087042106765,33.763541148490425,"[{""power_percent"": 25, ""duration_minutes"": 5.44951792156899}, {""power_percent"": 50, ""duration_minutes"": 5.44951792156899}]",HOT,2.0,200.0,85.26433956298749,2.972615134432492,34.27351133590934,33.01319285796903,42.62557754140303,66.89472753563405,42.632169781493744,20.0,4.262557754140303,984,False,
0.5922563154015537,0.1038238556869343,4.371398822683131,41.819589085011046,"[{""power_percent"": 25, ""duration_minutes"": 54.094666924109}, {""power_percent"": 50, ""duration_minutes"": 54.094666924109}]",HOT,2.0,200.0,372.5039324079478,4.474815438425353,12.513096461604635,28.743003898162932,36.07647711373868,209.85961391534775,186.2519662039739,20.0,3.6076477113738683,985,False,
1.1726157558261368,0.15585452463456714,3.867879610320628,13.988087097942348,"[{""power_percent"": 25, ""duration_minutes"": 38.054052447460435}, {""power_percent"": 50, ""duration_minutes"": 38.054052447460435}, {""power_percent"": 75, ""duration_minutes"": 38.054052447460435}]",WARM,0.7,120.0,260.77772429408844,3.7810656600176182,14.018049691142302,28.781148795984624,37.11709049269135,164.10057119631335,130.38886214704422,30.0,3.711709049269135,986,False,
0.8944999657241379,0.21478504477404636,1.0345101805113064,41.81943315390784,"[{""power_percent"": 25, ""duration_minutes"": 54.12108797206229}, {""power_percent"": 50, ""duration_minutes"": 54.12108797206229}, {""power_percent"": 75, ""duration_minutes"": 54.12108797206229}]",WARM,0.7,120.0,357.1005480242029,1.1740100447219748,8.826836461432036,22.375542980825557,38.29570089548093,212.37984410164955,178.55027401210145,30.0,3.829570089548093,987,False,
0.9497076830166639,0.2996663403120405,5.866549766521195,6.2053670482100705,[],WARM,0.7,120.0,174.30494645090081,5.567793661489787,29.497076830166638,43.92909561678688,39.99332680624081,91.15180590607449,87.15247322545041,0.0,3.999332680624081,988,False,
2.089482679222813,0.2538623499142916,0.2666316869088572,6.0026406761283795,[],WARM,0.7,120.0,88.08889625919412,-0.37893177620328505,40.89482679222813,33.91308482515379,39.07724699828583,47.95217282942564,44.04444812959706,0.0,3.907724699828583,989,False,
0.522279566326195,0.18262046885838268,1.8736263922788745,31.004374303100093,"[{""power_percent"": 25, ""duration_minutes"": 5.791105457111168}, {""power_percent"": 50, ""duration_minutes"": 5.791105457111168}, {""power_percent"": 75, ""duration_minutes"": 5.791105457111168}]",HOT,2.0,200.0,312.3771341233253,1.844134771815761,12.354129844695272,25.922993350602834,37.65240937716765,189.9538079993794,156.18856706166264,30.0,3.765240937716765,990,False,
0.653220551888334,0.8994752608673336,5.86288745311532,10.199325706353132,"[{""power_percent"": 25, ""duration_minutes"": 51.349449473498716}, {""power_percent"": 50, ""duration_minutes"": 51.349449473498716}, {""power_percent"": 75, ""duration_minutes"": 51.349449473498716}]",WARM,0.7,120.0,401.23962292286603,5.814002933698401,6.829788097858529,40.49802758402376,51.989505217346675,235.8187619831677,200.61981146143302,30.0,5.198950521734668,991,False,
1.8636421912808987,0.8543956124537767,0.42649369923751435,10.8618392175693,[],WARM,0.7,120.0,98.24610495642473,0.019119046891694164,38.636421912808984,40.79975995097029,51.087912249075536,54.23184370311992,49.123052478212365,0.0,5.108791224907554,992,False,
2.600008344236831,0.10092330722063736,3.0824087042106765,27.83678201366782,"[{""power_percent"": 25, ""duration_minutes"": 1.9773187948806452}, {""power_percent"": 50, ""duration_minutes"": 1.9773187948806452}, {""power_percent"": 75, ""duration_minutes"": 1.9773187948806452}]",HOT,2.0,200.0,70.47511352846007,2.9393610189078525,33.70348562313621,27.197938403529744,36.01846614441275,68.8394033786713,35.237556764230035,30.0,3.601846614441275,993,False,
0.5984555452294849,0.1707853741055545,4.438563546942513,46.95706956213499,"[{""power_percent"": 25, ""duration_minutes"": 23.952787746197245}, {""power_percent"": 50, ""duration_minutes"": 23.952787746197245}, {""power_percent"": 75, ""duration_minutes"": 23.952787746197245}]",WARM,0.7,120.0,351.09066768971655,4.530226105744734,10.391637290365262,31.370800685993927,37.41570748211109,209.28690459306938,175.54533384485828,30.0,3.741570748211109,994,False,
2.9523352219318317,0.8813761431263669,3.454178492738823,42.65537798935146,"[{""power_percent"": 25, ""duration_minutes"": 9.541030206785388}]",HOT,2.0,200.0,71.64488218737502,3.3495583820044437,45.04630070897905,41.19863979679049,51.627522862527336,50.98519337994024,35.82244109368751,10.0,5.162752286252734,995,False,
0.6454710742355008,0.8955054172270799,6.487763243037425,14.333583263344023,"[{""power_percent"": 25, ""duration_minutes"": 46.050670448851974}, {""power_percent"": 50, ""duration_minutes"": 46.050670448851974}, {""power_percent"": 75, ""duration_minutes"": 46.050670448851974}]",HOT,2.0,200.0,373.34050152706254,6.474097910994623,7.547110175027211,39.57703115240313,51.9101083445416,221.86126159798542,186.67025076353127,30.0,5.19101083445416,996,False,
2.692379470480348,0.1715534295308838,4.151600927189413,42.662342296271845,"[{""power_percent"": 25, ""duration_minutes"": 10.152994058769492}, {""power_percent"": 50, ""duration_minutes"": 10.152994058769492}]",WARM,0.7,120.0,103.31749119159005,4.06218579026537,37.908495298926525,34.352663365223265,37.43106859061768,75.4018524548568,51.658745595795025,20.0,3.743106859061768,997,False,
0.5615220401188938,0.6014082680911397,1.598536955574655,32.60023098066393,"[{""power_percent"": 25, ""duration_minutes"": 56.98140024009934}, {""power_percent"": 50, ""duration_minutes"": 56.98140024009934}, {""power_percent"": 75, ""duration_minutes"": 56.98140024009934}]",HOT,2.0,200.0,446.35536956713406,1.7306216605741809,5.068010365174038,26.891499284335424,46.02816536182279,257.7805013197493,223.17768478356703,30.0,4.60281653618228,998,False,
1.7954062740769372,0.5157862574478846,6.041338854842092,22.54850122118102,[],HOT,2.0,200.0,88.81110033990761,5.8328136112061,37.95406274076937,44.272112799058796,44.31572514895769,48.837122684849575,44.405550169953806,0.0,4.431572514895769,999,False,
0.7567045565507895,0.39734048970963504,6.258372123709984,5.320800433322407,"[{""power_percent"": 25, ""duration_minutes"": 58.427747490328954}]",WARM,0.7,120.0,272.75194687000953,6.040456491538215,20.645658190991448,42.13199769922572,41.9468097941927,150.57065441442404,136.37597343500477,10.0,4.19468097941927,1000,False,
0.9419745943826325,0.8833715356678112,6.926214669593785,37.11587461433077,"[{""power_percent"": 25, ""duration_minutes"": 19.393540320408924}, {""power_percent"": 50, ""duration_minutes"": 19.393540320408924}, {""power_percent"": 75, ""duration_minutes"": 19.393540320408924}]",WARM,0.7,120.0,243.05534681641936,6.931411554465688,14.510714895764986,45.3074691383645,51.667430713356225,156.6944164795453,121.52767340820968,30.0,5.166743071335623,1001,False,
0.7812911739229653,0.938002908437415,6.937552968457567,37.33737493452103,"[{""power_percent"": 25, ""duration_minutes"": 23.091754128420625}, {""power_percent"": 50, ""duration_minutes"": 23.091754128420625}, {""power_percent"": 75, ""duration_minutes"": 23.091754128420625}]",WARM,0.7,120.0,286.9663564955748,6.961600833493034,12.349148619966561,45.652882966606256,52.7600581687483,178.75918406466224,143.4831782477874,30.0,5.2760058168748305,1002,False,
2.6638918747737113,0.17499339503054595,3.105752804538986,34.2593465534088,"[{""power_percent"": 25, ""duration_minutes"": 5.583312626529135}, {""power_percent"": 50, ""duration_minutes"": 5.583312626529135}]",WARM,0.7,120.0,92.25302095302357,2.9579198341215487,38.0805874850842,32.57642759185278,37.49986790061092,69.87649726657287,46.12651047651178,20.0,3.7499867900610924,1003,False,
1.2116439537236023,0.6280741387931883,6.516646970316097,10.35097794176624,"[{""power_percent"": 25, ""duration_minutes"": 47.318922837159406}, {""power_percent"": 50, ""duration_minutes"": 47.318922837159406}]",WARM,0.7,120.0,236.0418833488684,6.366924925492068,19.38454725352008,42.33104823592089,46.561482775863766,142.67708995202057,118.0209416744342,20.0,4.656148277586377,1004,False,
2.0968677601690153,0.4120566668904041,3.8653640748615428,13.596464585221895,"[{""power_percent"": 25, ""duration_minutes"": 39.30149936916124}, {""power_percent"": 50, ""duration_minutes"": 39.30149936916124}, {""power_percent"": 75, ""duration_minutes"": 39.30149936916124}]",HOT,2.0,200.0,192.0187068258864,3.7689726500735974,23.073452696315968,29.13827320918342,42.24113333780808,130.23346674672402,96.0093534129432,30.0,4.224113333780808,1005,False,
0.6301088763267106,0.10451042648517266,3.8335656356817323,16.27867984882889,[],WARM,0.7,120.0,257.4377016439902,3.6080333597216376,26.301088763267106,37.52125638918554,36.09020852970345,132.32787167496542,128.7188508219951,0.0,3.6090208529703456,1006,False,
1.9051168520578063,0.9843568410238661,6.433922476315591,37.454588274917185,[],WARM,0.7,120.0,104.47170436432027,6.2844453318827815,39.05116852057806,53.28012704491758,53.68713682047732,57.60456586420787,52.23585218216014,0.0,5.368713682047733,1007,False,
0.5616681247602601,0.4142139630424182,5.604828713368512,5.747999883340135,"[{""power_percent"": 25, ""duration_minutes"": 56.99226958177125}, {""power_percent"": 50, ""duration_minutes"": 56.99226958177125}, {""power_percent"": 75, ""duration_minutes"": 56.99226958177125}]",HOT,2.0,200.0,438.26282995511286,5.575826796423456,5.067840810336913,31.05092072088663,42.284279260848365,253.35984290364127,219.13141497755643,30.0,4.228427926084836,1008,False,
1.071421690342719,0.15139384855205706,3.103670303965973,46.76551332230799,"[{""power_percent"": 25, ""duration_minutes"": 34.97965582872591}]",WARM,0.7,120.0,203.51020895974426,3.098386172114838,24.965234111990895,33.574677115694854,37.02787697104114,115.45789217697624,101.75510447987213,10.0,3.702787697104114,1009,False,
0.9084218664680063,0.8425522849596097,5.695935816339742,38.423101121975826,"[{""power_percent"": 25, ""duration_minutes"": 28.745059845238437}, {""power_percent"": 50, ""duration_minutes"": 28.745059845238437}, {""power_percent"": 75, ""duration_minutes"": 28.745059845238437}]",WARM,0.7,120.0,277.3836305411226,5.73837272794859,12.772459687894301,41.51544366612334,50.85104569919219,173.77691984048053,138.6918152705613,30.0,5.08510456991922,1010,False,
1.8315356453020488,0.8543956124537767,4.509274792376646,39.251743464979846,"[{""power_percent"": 25, ""duration_minutes"": 28.365422590629503}]",WARM,0.7,120.0,136.53943359280936,4.421889249945071,32.89708532348901,45.02033425647973,51.087912249075536,83.37850802131223,68.26971679640468,10.0,5.108791224907554,1011,False,
1.1926475036794155,0.7050646754480725,3.185282893497292,42.93195815671426,"[{""power_percent"": 25, ""duration_minutes"": 54.6843401731791}, {""power_percent"": 50, ""duration_minutes"": 54.6843401731791}]",HOT,2.0,200.0,246.51887439527093,3.2725374226367596,18.458041019476244,33.550281481980704,48.10129350896145,148.0695665485316,123.25943719763546,20.0,4.810129350896145,1012,False,
1.8259503886027306,0.23641287543029682,1.2397479441667247,10.459167905641063,"[{""power_percent"": 25, ""duration_minutes"": 43.46804787725181}, {""power_percent"": 50, ""duration_minutes"": 43.46804787725181}, {""power_percent"": 75, ""duration_minutes"": 43.46804787725181}]",WARM,0.7,120.0,230.19089483954622,1.1218690796882171,19.739296704439532,24.004326084544346,38.728257508605935,148.9682731706337,115.09544741977311,30.0,3.872825750860594,1013,False,
0.9497076830166639,0.31712256676242656,0.7322921674696148,20.444553985992854,[],WARM,0.7,120.0,178.57670253223566,0.5189711840649054,29.497076830166638,33.87005513608835,40.342451335248526,93.32259639964268,89.28835126611783,0.0,4.034245133524853,1014,False,
2.5751743402822407,0.4071374711564596,5.266758512450111,5.281504916782657,"[{""power_percent"": 25, ""duration_minutes"": 6.49632873153686}, {""power_percent"": 50, ""duration_minutes"": 6.49632873153686}, {""power_percent"": 75, ""duration_minutes"": 6.49632873153686}]",HOT,2.0,200.0,77.82192114263614,5.002929554534127,32.777294093091875,34.834497092939415,42.14274942312919,73.125235513631,38.91096057131807,30.0,4.214274942312919,1015,False,
0.5984463448108314,0.1707853741055545,4.244386057777946,46.95706956213499,"[{""power_percent"": 25, ""duration_minutes"": 47.280051259127745}, {""power_percent"": 50, ""duration_minutes"": 47.280051259127745}, {""power_percent"": 75, ""duration_minutes"": 47.280051259127745}]",WARM,0.7,120.0,421.07631160758285,4.406030775135706,6.8924557592391515,28.88299199150105,37.41570748211109,244.27972655200253,210.53815580379143,30.0,3.741570748211109,1016,False,
0.5035899048397996,0.2903918814499924,1.398658106494843,9.96220420432417,"[{""power_percent"": 25, ""duration_minutes"": 42.9497706105514}, {""power_percent"": 50, ""duration_minutes"": 42.9497706105514}, {""power_percent"": 75, ""duration_minutes"": 42.9497706105514}]",HOT,2.0,200.0,428.1993848456702,1.3551370473588502,6.593433456815288,24.8219070094606,39.80783762899985,248.08047618573508,214.0996924228351,30.0,3.980783762899985,1017,False,
0.9124291808055803,0.7979960843574139,6.90553696006326,36.87155722297147,[],WARM,0.7,120.0,189.95778762166424,6.792269136168865,29.1242918080558,51.98702693241548,49.959921687148274,99.97488597954694,94.97889381083212,0.0,4.995992168714828,1018,False,
0.8042026846939162,0.15280612077677908,3.301383585161685,46.05922163414169,"[{""power_percent"": 25, ""duration_minutes"": 52.2819205038669}, {""power_percent"": 50, ""duration_minutes"": 52.2819205038669}, {""power_percent"": 75, ""duration_minutes"": 52.2819205038669}]",WARM,0.7,120.0,371.68367131259424,3.4644165690903788,8.199738771359126,26.331067774296702,37.05612241553558,219.54744789785067,185.84183565629712,30.0,3.7056122415535584,1019,False,
1.1726157558261368,0.5508900066567535,6.324822723012113,13.988087097942348,"[{""power_percent"": 25, ""duration_minutes"": 32.53263016069249}, {""power_percent"": 50, ""duration_minutes"": 32.53263016069249}, {""power_percent"": 75, ""duration_minutes"": 32.53263016069249}]",WARM,0.7,120.0,244.2134574337846,6.2214445058487975,14.846263034157491,38.93238881144294,45.01780013313507,156.6085087302058,122.1067287168923,30.0,4.501780013313507,1020,False,
0.6425942814970966,0.10360354075163615,2.349071282239821,45.93582042832558,"[{""power_percent"": 25, ""duration_minutes"": 55.05143606070207}, {""power_percent"": 50, ""duration_minutes"": 55.05143606070207}]",HOT,2.0,200.0,355.81239954956504,2.477085305671295,12.920799208900759,24.63829888985715,36.072070815032724,201.5134068562858,177.90619977478252,20.0,3.6072070815032724,1021,False,
0.8056230739240372,0.21818640215340968,0.583012384357495,34.69602936974064,"[{""power_percent"": 25, ""duration_minutes"": 28.866861476455195}, {""power_percent"": 50, ""duration_minutes"": 28.866861476455195}, {""power_percent"": 75, ""duration_minutes"": 28.866861476455195}]",HOT,2.0,200.0,281.70068400034313,0.533564222048343,11.726201517772093,26.85419452424496,38.36372804306819,174.68671480447838,140.85034200017157,30.0,3.8363728043068193,1022,False,
0.85506868943586,0.11681981124064725,2.519901093135498,43.012198116403496,"[{""power_percent"": 25, ""duration_minutes"": 26.900533531742955}, {""power_percent"": 50, ""duration_minutes"": 26.900533531742955}, {""power_percent"": 75, ""duration_minutes"": 26.900533531742955}]",HOT,2.0,200.0,267.529763176165,2.612473134851714,12.515606864597158,24.020591903301895,36.336396224812944,167.39852121056379,133.7648815880825,30.0,3.6336396224812946,1023,False,
0.5127052385094281,0.20052828940533055,6.989459227321672,33.77843884700192,"[{""power_percent"": 25, ""duration_minutes"": 39.68816491306629}, {""power_percent"": 50, ""duration_minutes"": 39.68816491306629}, {""power_percent"": 75, ""duration_minutes"": 39.68816491306629}]",HOT,2.0,200.0,420.26379076132173,7.0786861456025045,7.1738276481343375,32.81332308533135,38.01056578810661,243.93295195947152,210.13189538066086,30.0,3.801056578810661,1024,False,
2.9558889026317554,0.6303496024827441,1.3009249839579708,42.80894027654623,"[{""power_percent"": 25, ""duration_minutes"": 36.17265346221102}]",WARM,0.7,120.0,114.26149175776072,1.197715722974189,43.750256353207,35.68086559384254,46.60699204965488,71.79144508384584,57.13074587888036,10.0,4.660699204965488,1025,False,
2.9579771381366773,0.43983703833473586,2.9164224510235046,45.04500508579478,"[{""power_percent"": 25, ""duration_minutes"": 48.01363590100097}, {""power_percent"": 50, ""duration_minutes"": 48.01363590100097}, {""power_percent"": 75, ""duration_minutes"": 48.01363590100097}]",HOT,2.0,200.0,206.76474030807137,3.000414303715809,30.37772599621663,26.78966213097375,42.79674076669472,137.66204423070516,103.38237015403568,30.0,4.279674076669472,1026,False,
2.8257273631699698,0.12506782998368485,1.8758923376650254,41.819589085011046,"[{""power_percent"": 25, ""duration_minutes"": 32.2429274451432}, {""power_percent"": 50, ""duration_minutes"": 32.2429274451432}, {""power_percent"": 75, ""duration_minutes"": 32.2429274451432}]",HOT,2.0,200.0,160.8583365434365,1.8985095599837225,31.420834514928217,22.84716581441128,36.5013565996737,114.07930393168563,80.42916827171825,30.0,3.65013565996737,1027,False,
0.7958647850605467,0.938002908437415,6.5896914981732655,37.33737493452103,"[{""power_percent"": 25, ""duration_minutes"": 23.091754128420625}, {""power_percent"": 50, ""duration_minutes"": 23.091754128420625}, {""power_percent"": 75, ""duration_minutes"": 23.091754128420625}]",HOT,2.0,200.0,267.45070166356413,6.639156418763231,12.494884731342372,42.35716002603766,52.7600581687483,169.0013566486569,133.72535083178207,30.0,5.2760058168748305,1028,False,
1.8167307605299559,0.8687277027447011,5.695935816339742,38.32821431042401,"[{""power_percent"": 25, ""duration_minutes"": 28.75726449169685}, {""power_percent"": 50, ""duration_minutes"": 28.75726449169685}, {""power_percent"": 75, ""duration_minutes"": 28.75726449169685}]",WARM,0.7,120.0,194.83615209823049,5.701507665256177,21.853717931545027,41.82845026136317,51.37455405489402,132.55553145460465,97.41807604911524,30.0,5.137455405489402,1029,False,
0.9393589151290619,0.48299605059365563,6.14778364711395,33.555062525926076,[],WARM,0.7,120.0,184.24989173070688,6.013539665664344,29.39358915129062,46.69151990135177,43.65992101187311,96.49093796654076,92.12494586535344,0.0,4.365992101187311,1030,False,
1.542003873071343,0.9736639972352589,6.904562473390942,37.61857404650692,[],WARM,0.7,120.0,123.06159247532274,6.770593762747128,35.42003873071343,54.09309291360499,53.473279944705176,66.87812423213188,61.53079623766137,0.0,5.347327994470518,1031,False,
2.6449732708022364,0.5362912664730575,6.125140481489178,43.36234886929091,[],HOT,2.0,200.0,68.22005280779675,6.007515643872834,46.44973270802237,44.685776160655045,44.725825329461145,38.58260893684449,34.110026403898374,0.0,4.472582532946115,1032,False,
1.2955537450944385,0.6006313527715713,2.7154105605444814,43.43927209556893,"[{""power_percent"": 25, ""duration_minutes"": 48.01363590100097}, {""power_percent"": 50, ""duration_minutes"": 48.01363590100097}, {""power_percent"": 75, ""duration_minutes"": 48.01363590100097}]",HOT,2.0,200.0,271.3532970972479,2.8562649510171205,13.753492065794237,28.31717012325773,46.01262705543142,170.2779112541671,135.67664854862394,30.0,4.601262705543142,1033,False,
0.6301088763267106,0.5813318967543399,6.371729460787691,16.27867984882889,"[{""power_percent"": 25, ""duration_minutes"": 33.014639509320915}]",HOT,2.0,200.0,274.4523411533111,6.225211824336915,20.650356787801062,42.729002497347835,45.6266379350868,151.78883437016424,137.22617057665556,10.0,4.56266379350868,1034,False,
0.5662428416146419,0.1864580670310028,1.5832035523940768,38.35577540574863,"[{""power_percent"": 25, ""duration_minutes"": 53.96209507325603}, {""power_percent"": 50, ""duration_minutes"": 53.96209507325603}, {""power_percent"": 75, ""duration_minutes"": 53.96209507325603}]",WARM,0.7,120.0,452.7970289408205,1.7145747763837513,5.568114155158014,23.147315352567144,37.72916134062005,260.1714306044723,226.39851447041025,30.0,3.7729161340620054,1035,False,
0.5616681247602601,0.41299608589456244,0.3056550642438176,19.685229645322003,"[{""power_percent"": 25, ""duration_minutes"": 59.55231484984473}, {""power_percent"": 50, ""duration_minutes"": 59.55231484984473}, {""power_percent"": 75, ""duration_minutes"": 59.55231484984473}]",HOT,2.0,200.0,450.12413468792784,0.06795666167487335,4.6838340201258895,26.984934565761083,42.259921717891245,259.28805951575305,225.06206734396392,30.0,4.225992171789125,1036,False,
0.9445734307730413,0.7964263455265532,0.7552326138824053,38.42057627371908,"[{""power_percent"": 25, ""duration_minutes"": 11.244519248737129}, {""power_percent"": 50, ""duration_minutes"": 11.244519248737129}, {""power_percent"": 75, ""duration_minutes"": 11.244519248737129}]",WARM,0.7,120.0,218.56157187558688,0.7437066920400094,15.759056420419842,32.65557464169711,49.92852691053106,144.27363862884656,109.28078593779344,30.0,4.992852691053106,1037,False,
2.7134386499287846,0.1002057982128902,6.585357260409919,41.889131317664706,"[{""power_percent"": 25, ""duration_minutes"": 52.915796178659306}, {""power_percent"": 50, ""duration_minutes"": 52.915796178659306}]",HOT,2.0,200.0,172.17874135536943,6.601986094676074,33.84280688142191,33.198236328654964,36.00411596425781,109.6897822741105,86.08937067768471,20.0,3.600411596425781,1038,False,
0.7631206943922402,0.25984692969865003,2.349071282239821,45.93582042832558,"[{""power_percent"": 25, ""duration_minutes"": 32.94270416794341}, {""power_percent"": 50, ""duration_minutes"": 32.94270416794341}]",HOT,2.0,200.0,274.72746003802257,2.428046785369972,16.33693652712806,27.839743470786836,39.196938593973,161.2834238784086,137.36373001901129,20.0,3.9196938593973005,1039,False,
0.7627467967928385,0.15108902336462848,4.668766612217089,10.902985645495008,"[{""power_percent"": 25, ""duration_minutes"": 23.29270315059448}, {""power_percent"": 50, ""duration_minutes"": 23.29270315059448}, {""power_percent"": 75, ""duration_minutes"": 23.29270315059448}]",WARM,0.7,120.0,284.306664844185,4.535552763670128,12.133562495339213,31.65425822125622,37.02178046729257,175.85551046882173,142.1533324220925,30.0,3.7021780467292573,1040,False,
0.6801098715236471,0.4361629633331718,0.6213917054622016,12.046746409825879,"[{""power_percent"": 25, ""duration_minutes"": 23.051832898675784}, {""power_percent"": 50, ""duration_minutes"": 23.051832898675784}]",WARM,0.7,120.0,284.7702890583381,0.35457145485756253,16.495915425368892,30.008062175153107,42.72325926666343,166.6574704558354,142.38514452916905,20.0,4.272325926666343,1041,False,
0.5979483873280595,0.13829318576422084,4.251551107920681,41.819589085011046,"[{""power_percent"": 25, ""duration_minutes"": 54.020918689821535}, {""power_percent"": 50, ""duration_minutes"": 54.020918689821535}, {""power_percent"": 75, ""duration_minutes"": 54.020918689821535}]",HOT,2.0,200.0,423.96640443354863,4.428613463007089,5.876346069807367,25.300737762928073,36.76586371528442,245.65978858830275,211.98320221677432,30.0,3.676586371528442,1042,False,
0.7000221057549021,0.5742652500622168,0.5242744745261094,13.736000627724072,"[{""power_percent"": 25, ""duration_minutes"": 32.53102006144533}, {""power_percent"": 50, ""duration_minutes"": 32.53102006144533}, {""power_percent"": 75, ""duration_minutes"": 32.53102006144533}]",WARM,0.7,120.0,330.4928078042352,0.33828265424659376,10.12056804833222,28.3148422461643,45.485305001244335,199.79493440224203,165.2464039021176,30.0,4.548530500124434,1043,False,
0.5360445099954598,0.5658800221031617,5.861394898566476,31.064817330023327,"[{""power_percent"": 25, ""duration_minutes"": 46.71554912387838}, {""power_percent"": 50, ""duration_minutes"": 46.71554912387838}, {""power_percent"": 75, ""duration_minutes"": 46.71554912387838}]",WARM,0.7,120.0,443.7936016729562,5.928488669518432,6.353112731372843,36.90895064122184,45.31760044206323,256.4285608806844,221.8968008364781,30.0,4.531760044206323,1044,False,
2.664826982791088,0.10512106201512592,3.7107029760031747,34.75458250637366,"[{""power_percent"": 25, ""duration_minutes"": 13.01314941652171}]",HOT,2.0,200.0,78.22835679008976,3.5736505411462947,41.9976123570848,32.29246421369221,36.10242124030252,52.72442051907513,39.11417839504488,10.0,3.6102421240302522,1045,False,
0.8549008853481755,0.43192861074673455,2.519901093135498,43.012198116403496,"[{""power_percent"": 25, ""duration_minutes"": 26.563762522232025}, {""power_percent"": 50, ""duration_minutes"": 26.563762522232025}, {""power_percent"": 75, ""duration_minutes"": 26.563762522232025}]",WARM,0.7,120.0,282.55388331902367,2.5854695339866884,12.564444475146951,30.432206888230933,42.63857221493469,175.54079888100532,141.27694165951183,30.0,4.26385722149347,1046,False,
1.3391909482722932,0.9843568410238661,6.438498585836532,38.27627447839515,"[{""power_percent"": 25, ""duration_minutes"": 52.12145013233356}, {""power_percent"": 50, ""duration_minutes"": 52.12145013233356}, {""power_percent"": 75, ""duration_minutes"": 52.12145013233356}]",WARM,0.7,120.0,294.35515826713424,6.53295294517301,13.573691962872896,42.59834875204944,53.68713682047732,182.54629281561486,147.17757913356712,30.0,5.368713682047733,1047,False,
2.0550231495657862,0.41494166067045996,6.260554847088115,49.19137374707768,"[{""power_percent"": 25, ""duration_minutes"": 55.058657615873244}, {""power_percent"": 50, ""duration_minutes"": 55.058657615873244}]",HOT,2.0,200.0,196.36660583261303,6.351619478819695,27.04436573407054,36.19689016526936,42.298833213409196,122.41318623764744,98.18330291630652,20.0,4.22988332134092,1048,False,
2.0761502343172538,0.9724999773130834,0.25541833023562577,13.938110190785617,[],WARM,0.7,120.0,90.9305398514402,-0.3419990179923507,40.76150234317254,42.55916306728575,53.449999546261665,50.81026988034627,45.4652699257201,0.0,5.344999954626167,1049,False,
1.6752383343261779,0.9770521478776221,6.874644716031072,37.61857404650692,"[{""power_percent"": 25, ""duration_minutes"": 21.262616382626145}, {""power_percent"": 50, ""duration_minutes"": 21.262616382626145}, {""power_percent"": 75, ""duration_minutes"": 21.262616382626145}]",HOT,2.0,200.0,163.11291966869902,6.885134476084944,21.562990885867855,43.56027973215725,53.54104295755244,116.91056413010476,81.55645983434951,30.0,5.354104295755245,1050,False,
2.655531079925906,0.43983703833473586,4.128256826861103,43.49811115884142,"[{""power_percent"": 25, ""duration_minutes"": 10.079450602894216}, {""power_percent"": 50, ""duration_minutes"": 10.079450602894216}]",HOT,2.0,200.0,88.1942108189844,4.071183151822903,37.54736573896964,34.92979107756538,42.79674076669472,68.37677948616167,44.0971054094922,20.0,4.279674076669472,1051,False,
0.8277755598181517,0.1265118878363741,0.6213917054622016,11.445399891481754,"[{""power_percent"": 25, ""duration_minutes"": 23.051832898675784}, {""power_percent"": 50, ""duration_minutes"": 23.051832898675784}, {""power_percent"": 75, ""duration_minutes"": 23.051832898675784}]",WARM,0.7,120.0,268.29765788750075,0.3881085811143934,12.81998066338015,23.600694282231263,36.53023775672748,167.80185271942312,134.14882894375037,30.0,3.6530237756727484,1052,False,
2.9262159460956827,0.3160033767565445,0.53348263250604,9.963204061394983,[],WARM,0.7,120.0,68.7497029965973,0.07821321903058258,49.26215946095682,34.12507525606645,40.32006753513089,38.40685825181174,34.37485149829865,0.0,4.032006753513089,1053,False,
0.5213176520649496,0.20336160542646542,1.665679268555101,41.81943315390784,"[{""power_percent"": 25, ""duration_minutes"": 57.86996017334043}, {""power_percent"": 50, ""duration_minutes"": 57.86996017334043}, {""power_percent"": 75, ""duration_minutes"": 57.86996017334043}]",HOT,2.0,200.0,472.3881503823312,1.8573530419159712,4.532682494648432,21.900684312406742,38.06723210852931,270.0007984020185,236.1940751911656,30.0,3.8067232108529314,1054,False,
2.427417537477343,0.3800265477153101,3.04644142688254,30.38015770628585,"[{""power_percent"": 25, ""duration_minutes"": 53.38828389883594}, {""power_percent"": 50, ""duration_minutes"": 53.38828389883594}]",WARM,0.7,120.0,192.1846813071205,2.980402239418834,30.935346984889833,32.049904392418654,41.6005309543062,120.25239374899088,96.09234065356026,20.0,4.16005309543062,1055,False,
0.5613369933899608,0.6041942670209979,1.5195219514385792,32.52669841563145,"[{""power_percent"": 25, ""duration_minutes"": 59.54111081313547}, {""power_percent"": 50, ""duration_minutes"": 59.54111081313547}, {""power_percent"": 75, ""duration_minutes"": 59.54111081313547}]",HOT,2.0,200.0,454.10050223026235,1.6588519946361762,4.682203311929289,26.852587328192627,46.083885340419954,261.65863964917315,227.05025111513118,30.0,4.608388534041995,1056,False,
0.6298287857966617,0.8994752608673336,5.923519428075813,14.333583263344023,"[{""power_percent"": 25, ""duration_minutes"": 45.748958689176305}, {""power_percent"": 50, ""duration_minutes"": 45.748958689176305}]",HOT,2.0,200.0,332.45795484663313,5.843825693602362,13.723391989048986,41.89580446520905,51.989505217346675,191.42792794505124,166.22897742331656,20.0,5.198950521734668,1057,False,
1.0216790583622704,0.34230023586367186,6.741734604524421,43.19032270583002,"[{""power_percent"": 25, ""duration_minutes"": 29.21107199550245}]",COLD,0.1,20.0,223.4853114043081,6.699220450420412,24.756236983847582,44.51473987954783,40.84600471727344,125.8272561738814,111.74265570215405,10.0,4.084600471727344,1058,False,
2.9860458759046287,0.6436330324140649,6.967634490982581,16.89993410998735,[],WARM,0.7,120.0,69.80363578745322,6.65159226060632,49.86045875904629,50.25886537093394,46.8726606482813,39.58908395855474,34.90181789372661,0.0,4.68726606482813,1059,False,
2.9675890017881947,0.7894272738637478,4.889583407224752,42.888695874212004,"[{""power_percent"": 25, ""duration_minutes"": 29.026767858592187}, {""power_percent"": 50, ""duration_minutes"": 29.026767858592187}, {""power_percent"": 75, ""duration_minutes"": 29.026767858592187}]",HOT,2.0,200.0,148.99299533996992,4.903292325974272,33.32187483909312,36.63988499354118,49.78854547727495,109.47535221771246,74.49649766998496,30.0,4.9788545477274955,1060,False,
1.234877999769759,0.15108902336462848,0.6213917054622016,24.123065986415444,"[{""power_percent"": 25, ""duration_minutes"": 52.212478789987756}]",HOT,2.0,200.0,179.4188879022394,0.4169474601798916,25.738156058198204,31.00391050575151,37.02178046729257,103.41162199784895,89.7094439511197,10.0,3.7021780467292573,1061,False,
1.157082724007164,0.5922197265291598,6.142126721928441,13.777158221226914,[],WARM,0.7,120.0,148.2695138970463,5.880506362295514,31.57082724007164,47.990890162206796,45.844394530583195,78.71919640158147,74.13475694852315,0.0,4.5844394530583195,1062,False,
0.8598349791304293,0.11344461170998021,1.6594193911087178,31.522996882374088,"[{""power_percent"": 25, ""duration_minutes"": 59.55231484984473}, {""power_percent"": 50, ""duration_minutes"": 59.55231484984473}, {""power_percent"": 75, ""duration_minutes"": 59.55231484984473}]",HOT,2.0,200.0,361.06592295591076,1.7808209177872794,7.665502563827584,20.6827882218163,36.268892234199605,214.15985070137535,180.53296147795538,30.0,3.6268892234199606,1063,False,
1.1926475036794155,0.6006313527715713,2.7154105605444814,44.43226952137179,"[{""power_percent"": 25, ""duration_minutes"": 26.08325204426062}, {""power_percent"": 50, ""duration_minutes"": 26.08325204426062}]",HOT,2.0,200.0,189.76679154683123,2.754464781614057,21.318149832368093,33.07340223169218,46.01262705543142,119.48465847895875,94.88339577341561,20.0,4.601262705543142,1064,False,
2.9925858545855903,0.17901839976942674,6.002699908845441,9.963103474038732,[],WARM,0.7,120.0,67.61280627544926,5.644775095506249,49.9258585458559,42.753620614924,37.580367995388535,37.56443993726349,33.80640313772463,0.0,3.7580367995388535,1065,False,
1.5696561745760702,0.21379232639881324,1.1909421006817538,11.462635082070069,"[{""power_percent"": 25, ""duration_minutes"": 52.60793694913042}, {""power_percent"": 50, ""duration_minutes"": 52.60793694913042}, {""power_percent"": 75, ""duration_minutes"": 52.60793694913042}]",WARM,0.7,120.0,271.3249305174455,1.1167554750385227,15.80537120339114,22.81267779272753,38.27584652797626,169.4900499115204,135.66246525872276,30.0,3.8275846527976265,1066,False,
1.03530680192177,0.29159233804703644,1.6665857879869308,33.81948800817946,"[{""power_percent"": 25, ""duration_minutes"": 32.24004413962202}]",WARM,0.7,120.0,201.77047907328725,1.582330488098759,24.7410658122366,32.46507830834964,39.83184676094073,114.8684242127377,100.88523953664362,10.0,3.983184676094073,1067,False,
0.8577101560679954,0.26205701596132186,4.371398822683131,41.819589085011046,"[{""power_percent"": 25, ""duration_minutes"": 31.983847238029178}, {""power_percent"": 50, ""duration_minutes"": 31.983847238029178}, {""power_percent"": 75, ""duration_minutes"": 31.983847238029178}]",HOT,2.0,200.0,281.88167151599805,4.471959492664564,11.779524474975576,29.00893558547949,39.24114031922643,174.86494978992167,140.94083575799903,30.0,3.9241140319226435,1068,False,
0.5994850314629903,0.13829318576422084,4.445728597085247,41.819589085011046,"[{""power_percent"": 25, ""duration_minutes"": 54.85494941668934}, {""power_percent"": 50, ""duration_minutes"": 54.85494941668934}, {""power_percent"": 75, ""duration_minutes"": 54.85494941668934}]",WARM,0.7,120.0,441.8254795190471,4.59923157858686,5.766607902126504,28.214029975839104,36.76586371528442,254.589326131052,220.91273975952356,30.0,3.676586371528442,1069,False,
2.911750734353512,0.4189730859969528,3.7107029760031747,43.09873908533534,"[{""power_percent"": 25, ""duration_minutes"": 9.816351684217786}]",WARM,0.7,120.0,88.76137211145351,3.584641732825264,44.62668975932423,38.75459243344325,42.37946171993906,58.61863222772066,44.380686055726756,10.0,4.237946171993906,1070,False,
2.089482679222813,0.31712256676242656,0.20685434088944135,6.0026406761283795,[],WARM,0.7,120.0,88.08889625919412,-0.43870912222270086,40.89482679222813,34.79176211937024,40.342451335248526,48.07869326312191,44.04444812959706,0.0,4.034245133524853,1071,False,
0.7072000319903935,0.46947918903847186,6.393337562779715,41.81943315390784,"[{""power_percent"": 25, ""duration_minutes"": 54.53893446564022}, {""power_percent"": 50, ""duration_minutes"": 54.53893446564022}, {""power_percent"": 75, ""duration_minutes"": 54.53893446564022}]",WARM,0.7,120.0,402.7666961466953,6.541582963820465,6.891160150057901,36.11192129211347,43.389583780769435,235.7223064514246,201.38334807334766,30.0,4.338958378076944,1072,False,
0.7870962979712238,0.13029570770900317,6.982268367044477,46.76551332230799,"[{""power_percent"": 25, ""duration_minutes"": 28.97394419277427}, {""power_percent"": 50, ""duration_minutes"": 28.97394419277427}, {""power_percent"": 75, ""duration_minutes"": 28.97394419277427}]",WARM,0.7,120.0,306.0253723709867,7.080299427637797,11.524871350796097,35.52043024924731,36.60591415418006,186.67327760091135,153.01268618549335,30.0,3.6605914154180064,1073,False,
0.6285518337762369,0.4142139630424182,6.121382006873446,5.320800433322407,[],WARM,0.7,120.0,254.74004313797533,5.83016473612233,26.28551833776237,45.81333157025591,42.284279260848365,131.59844949507251,127.37002156898767,0.0,4.228427926084836,1074,False,
0.5914314963048873,0.858146677096575,6.972890375698548,37.33737493452103,"[{""power_percent"": 25, ""duration_minutes"": 23.091754128420625}, {""power_percent"": 50, ""duration_minutes"": 23.091754128420625}, {""power_percent"": 75, ""duration_minutes"": 23.091754128420625}]",WARM,0.7,120.0,348.5984089985848,7.004532627838739,10.45055184378578,44.76528300499814,51.1629335419315,209.41549785348553,174.2992044992924,30.0,5.11629335419315,1075,False,
2.114773937171705,0.18634500274020904,1.5347103318017958,14.09646176058054,"[{""power_percent"": 25, ""duration_minutes"": 53.383464703554125}, {""power_percent"": 50, ""duration_minutes"": 53.383464703554125}, {""power_percent"": 75, ""duration_minutes"": 53.383464703554125}]",WARM,0.7,120.0,249.8088997965488,1.4568485389890735,21.14021966618393,23.101048873166228,37.726900054804176,158.6771399037548,124.9044498982744,30.0,3.7726900054804178,1076,False,
0.505646685685371,0.5277331052084733,6.125140481489178,33.686618101065015,"[{""power_percent"": 25, ""duration_minutes"": 13.260246949597045}, {""power_percent"": 50, ""duration_minutes"": 13.260246949597045}, {""power_percent"": 75, ""duration_minutes"": 13.260246949597045}]",HOT,2.0,200.0,345.03654965664316,6.134815063516944,11.067429814414153,37.3896560000163,44.554662104169466,206.97374103873852,172.51827482832158,30.0,4.4554662104169465,1077,False,
0.6484203580293132,0.427702880137534,2.9164224510235046,29.97737624467226,"[{""power_percent"": 25, ""duration_minutes"": 52.81385247961635}, {""power_percent"": 50, ""duration_minutes"": 52.81385247961635}, {""power_percent"": 75, ""duration_minutes"": 52.81385247961635}]",HOT,2.0,200.0,397.26618695049723,3.016791451609215,6.562125708350677,26.212032740531942,42.55405760275068,232.88849923552368,198.63309347524861,30.0,4.255405760275068,1078,False,
1.2116439537236023,0.6467547506358676,6.516646970316097,22.065000619325637,"[{""power_percent"": 25, ""duration_minutes"": 49.06692891268613}, {""power_percent"": 50, ""duration_minutes"": 49.06692891268613}]",WARM,0.7,120.0,243.05210230318966,6.440705073708478,19.209746645967407,42.45033521350144,46.935095012717355,146.21956065286656,121.52605115159483,20.0,4.693509501271736,1079,False,
0.5984463448108314,0.5839438095173257,0.5295867545384254,46.95706956213499,"[{""power_percent"": 25, ""duration_minutes"": 54.181810480621294}, {""power_percent"": 50, ""duration_minutes"": 54.181810480621294}, {""power_percent"": 75, ""duration_minutes"": 54.181810480621294}]",WARM,0.7,120.0,441.78158927206346,0.611936749560666,5.85719187601512,26.47178926187514,45.678876190346514,255.45868225506638,220.89079463603173,30.0,4.567887619034652,1080,False,
0.5613369933899608,0.6041942670209979,1.5195219514385792,32.52669841563145,"[{""power_percent"": 25, ""duration_minutes"": 52.12769145196715}, {""power_percent"": 50, ""duration_minutes"": 52.12769145196715}, {""power_percent"": 75, ""duration_minutes"": 52.12769145196715}]",HOT,2.0,200.0,431.8602441467574,1.6366117365526711,5.7942162161045365,27.519795070697775,46.083885340419954,250.5385106074207,215.9301220733787,30.0,4.608388534041995,1081,False,
2.655531079925906,0.439264687644258,2.0317044531866526,43.49811115884142,"[{""power_percent"": 25, ""duration_minutes"": 56.43045262973931}, {""power_percent"": 50, ""duration_minutes"": 56.43045262973931}]",HOT,2.0,200.0,180.8962148726746,2.067332782202144,32.91226553628513,27.948758000320044,42.78529375288516,114.72663681162581,90.4481074363373,20.0,4.2785293752885165,1082,False,
0.8858699571709971,0.11253337671652304,2.072167375237875,37.872466626220536,[],WARM,0.7,120.0,195.18681844410045,1.9659673767083583,28.85869957170997,34.09473527107403,36.25066753433046,101.21847597548327,97.59340922205023,0.0,3.625066753433046,1083,False,
2.9501030833754807,0.2839020099145388,6.040356852008119,6.0026406761283795,[],WARM,0.7,120.0,67.14647310303656,5.660368572729869,49.501030833754804,44.0875378229907,39.67804019829077,37.54104057134735,33.57323655151828,0.0,3.9678040198290776,1084,False,
2.717515786752452,0.12218029090026425,3.8943359365730954,16.27867984882889,[],HOT,2.0,200.0,58.581075384706644,3.6113073841959706,47.17515786752452,35.25483536394936,36.44360581800528,32.93489827415385,29.290537692353322,0.0,3.6443605818005285,1085,False,
2.0761502343172538,0.9724999773130834,0.25541833023562577,31.416185169437373,[],WARM,0.7,120.0,96.17396234503573,-0.23713056812044017,40.76150234317254,42.55916306728575,53.449999546261665,53.431981127144034,48.086981172517866,0.0,5.344999954626167,1086,False,
0.8598349791304293,0.4065575306733089,5.235408233891018,30.36010158709985,"[{""power_percent"": 25, ""duration_minutes"": 59.55231484984473}, {""power_percent"": 50, ""duration_minutes"": 59.55231484984473}, {""power_percent"": 75, ""duration_minutes"": 59.55231484984473}]",HOT,2.0,200.0,360.7170543673285,5.349832388797933,7.665502563827584,29.98979849937572,42.131150613466176,214.57164224501088,180.35852718366425,30.0,4.213115061346618,1087,False,
1.527128468689274,0.11023755841643414,5.027944494410061,31.771772752488445,"[{""power_percent"": 25, ""duration_minutes"": 27.416179572415487}]",HOT,2.0,200.0,133.67127482157468,4.932906171749836,29.900475708271966,34.556254302644874,36.204751168328684,80.4561125276202,66.83563741078734,10.0,3.6204751168328686,1088,False,
1.1926475036794155,0.7330423271327355,2.7154105605444814,42.93116484237212,"[{""power_percent"": 25, ""duration_minutes"": 51.99761495104323}, {""power_percent"": 50, ""duration_minutes"": 51.99761495104323}, {""power_percent"": 75, ""duration_minutes"": 51.99761495104323}]",HOT,2.0,200.0,293.1428009077398,2.8692844943046674,12.12683279413767,29.547543701087896,48.66084654265471,181.43748510813538,146.5714004538699,30.0,4.866084654265471,1089,False,
0.9351523139628604,0.5138309377470118,1.024450912434562,33.77843884700192,"[{""power_percent"": 25, ""duration_minutes"": 40.04271752364041}, {""power_percent"": 50, ""duration_minutes"": 40.04271752364041}, {""power_percent"": 75, ""duration_minutes"": 40.04271752364041}]",WARM,0.7,120.0,305.1633618558567,1.0718436055289804,11.345115511082543,27.211028500705623,44.27661875494024,187.00934280342236,152.58168092792835,30.0,4.427661875494024,1090,False,
0.6746759106859873,0.2817381154973108,4.358874871223666,29.55847150290159,"[{""power_percent"": 25, ""duration_minutes"": 47.4994329756647}, {""power_percent"": 50, ""duration_minutes"": 47.4994329756647}]",HOT,2.0,200.0,324.6953769477186,4.372237529764966,13.996815809293402,31.24864114987518,39.63476230994622,186.31116470485392,162.3476884738593,20.0,3.963476230994622,1091,False,
1.157082724007164,0.5922197265291598,6.324580831788085,13.571127747575478,[],WARM,0.7,120.0,148.20770475495084,6.06172428931325,31.57082724007164,48.355798381926085,45.844394530583195,78.68829183053374,74.10385237747542,0.0,4.5844394530583195,1092,False,
1.2259620426565436,0.5133392466926158,4.07142546012779,15.853014186641904,"[{""power_percent"": 25, ""duration_minutes"": 9.975578387803987}]",HOT,2.0,200.0,135.58437350081218,3.8754806419291836,27.760841507175233,38.00365452893285,44.266784933852314,82.21886524379131,67.79218675040609,10.0,4.426678493385231,1093,False,
0.5826626955632104,0.113025870146652,2.1238512406801844,46.987784309793696,"[{""power_percent"": 25, ""duration_minutes"": 1.2347733517082324}, {""power_percent"": 50, ""duration_minutes"": 1.2347733517082324}, {""power_percent"": 75, ""duration_minutes"": 1.2347733517082324}]",WARM,0.7,120.0,289.73948083354855,2.148175758771543,13.64141095287587,28.092883321466456,36.26051740293304,178.49579215706757,144.86974041677428,30.0,3.6260517402933043,1094,False,
0.5070890680856692,0.7978043946899123,1.398658106494843,10.056388324895131,"[{""power_percent"": 25, ""duration_minutes"": 41.61639970488194}, {""power_percent"": 50, ""duration_minutes"": 41.61639970488194}, {""power_percent"": 75, ""duration_minutes"": 41.61639970488194}]",WARM,0.7,120.0,438.17213755273826,1.3255620728354327,6.8284307251244005,31.225492975829255,49.95608789379824,254.08167756574895,219.08606877636913,30.0,4.995608789379824,1095,False,
0.7531122320235997,0.26223007350788663,1.061895596295627,23.603463232523296,"[{""power_percent"": 25, ""duration_minutes"": 35.559146898090226}]",HOT,2.0,200.0,240.31368700319936,0.956951033307913,21.753164975331487,31.956195282560678,39.24460147015773,134.08130364861546,120.15684350159968,10.0,3.9244601470157736,1096,False,
2.3395298657444883,0.20334841384397698,6.2894237326678315,34.84101480498676,"[{""power_percent"": 25, ""duration_minutes"": 51.396323539874786}, {""power_percent"": 50, ""duration_minutes"": 51.396323539874786}, {""power_percent"": 75, ""duration_minutes"": 51.396323539874786}]",WARM,0.7,120.0,243.25672073091386,6.321077597487595,23.685850126463666,32.99335931287466,38.066968276879535,155.43505719314487,121.62836036545693,30.0,3.806696827687954,1097,False,
2.9925858545855903,0.17901839976942674,6.860386376890416,9.564888027955465,[],WARM,0.7,120.0,67.49334164162428,6.500072270874724,49.9258585458559,44.46899355101395,37.580367995388535,37.504707620351,33.74667082081214,0.0,3.7580367995388535,1098,False,
2.1496080389991996,0.9204561845097005,1.2318535418403949,29.670286577545507,[],HOT,2.0,200.0,77.18124927681922,1.0518909397457,41.496080389991995,42.581767130435615,52.40912369019401,43.831537007429006,38.59062463840961,0.0,5.2409123690194015,1099,False,
0.5572158266436484,0.17877934612579963,6.982555340127878,43.51041746233786,"[{""power_percent"": 25, ""duration_minutes"": 43.63341311587299}, {""power_percent"": 50, ""duration_minutes"": 43.63341311587299}, {""power_percent"": 75, ""duration_minutes"": 43.63341311587299}]",HOT,2.0,200.0,411.64887703885563,7.140229451183778,7.027146299055537,32.183455653336786,37.575586922515996,239.5819972116794,205.82443851942782,30.0,3.7575586922515996,1100,False,
1.2116439537236023,0.47700600344429844,6.442573765067721,11.739875747040513,[],WARM,0.7,120.0,141.82070701613185,6.166547261401019,32.11643953723602,47.209219571467024,43.54012006888597,75.26436551495452,70.91035350806592,0.0,4.354012006888597,1101,False,
0.6939598354463361,0.8601569312603905,6.292156366532111,9.963103474038732,[],WARM,0.7,120.0,233.63976908534428,6.026176593958488,26.93959835446336,51.5061959081889,51.20313862520781,121.94019840519292,116.81988454267214,0.0,5.120313862520781,1102,False,
0.5213176520649496,0.20336160542646542,1.665679268555101,41.81943315390784,"[{""power_percent"": 25, ""duration_minutes"": 52.30324930592614}, {""power_percent"": 50, ""duration_minutes"": 52.30324930592614}, {""power_percent"": 75, ""duration_minutes"": 52.30324930592614}]",HOT,2.0,200.0,455.68801778008833,1.8406529093137283,5.3676891247605765,22.401688290474027,38.06723210852931,261.6507321008971,227.84400889004417,30.0,3.8067232108529314,1103,False,
0.653220551888334,0.9296886230361195,5.86288745311532,10.856806877091705,[],WARM,0.7,120.0,247.38851885359145,5.603899472302336,26.532205518883337,51.48203838266408,52.59377246072239,128.95363667286796,123.69425942679572,0.0,5.25937724607224,1104,False,
2.441725094702221,0.7638527024630078,5.650517631097585,12.128334323754254,"[{""power_percent"": 25, ""duration_minutes"": 48.08293161478227}, {""power_percent"": 50, ""duration_minutes"": 48.08293161478227}, {""power_percent"": 75, ""duration_minutes"": 48.08293161478227}]",HOT,2.0,200.0,207.81927219960016,5.557867428096367,25.20481120480487,36.13980384642086,49.27705404926016,138.8373415047261,103.90963609980008,30.0,4.927705404926016,1105,False,
2.8749944929491793,0.10009954723295474,1.5646101667558034,31.074072559067005,"[{""power_percent"": 25, ""duration_minutes"": 6.49632873153686}, {""power_percent"": 50, ""duration_minutes"": 6.49632873153686}, {""power_percent"": 75, ""duration_minutes"": 6.49632873153686}]",HOT,2.0,200.0,79.48522094491886,1.4435438085868493,35.77549561976126,25.487304647445537,36.0019909446591,73.34280956692534,39.74261047245943,30.0,3.60019909446591,1106,False,
0.8289617857688673,0.2647631045730853,1.061895596295627,23.603463232523296,"[{""power_percent"": 25, ""duration_minutes"": 11.89735915623577}]",HOT,2.0,200.0,198.42763194486423,0.9302552634162479,23.694749899876886,32.69644528759869,39.29526209146171,113.14334218157829,99.21381597243212,10.0,3.929526209146171,1107,False,
0.9266629967837045,0.24783699358825353,0.9073337039497831,41.32755948077534,[],WARM,0.7,120.0,188.7694125005159,0.8202325409630868,29.266629967837044,33.38871133095861,38.956739871765066,98.28038023743446,94.38470625025795,0.0,3.8956739871765067,1108,False,
2.1643810876477687,0.6741737646081206,4.0686621098530225,15.711241866743727,"[{""power_percent"": 25, ""duration_minutes"": 10.365553981120735}]",HOT,2.0,200.0,82.88280322721246,3.8347198715286948,37.12553317742165,39.91644277556987,47.48347529216241,56.18974914282247,41.44140161360623,10.0,4.748347529216241,1109,False,
2.973042759301495,0.7151136955358853,3.8316574764198386,16.27867984882889,[],HOT,2.0,200.0,53.83696508802232,3.5384078451407524,49.73042759301495,42.2446792992703,48.30227391071771,31.74870993508293,26.91848254401116,0.0,4.830227391071771,1110,False,
1.613236388011694,0.8761719575702782,3.9996384625825527,32.12051317525216,"[{""power_percent"": 25, ""duration_minutes"": 14.967873743947502}, {""power_percent"": 50, ""duration_minutes"": 14.967873743947502}, {""power_percent"": 75, ""duration_minutes"": 14.967873743947502}]",HOT,2.0,200.0,146.02056901890035,3.9607357073454406,21.887182818524817,37.16623177905317,51.52343915140556,108.16262842459074,73.01028450945017,30.0,5.152343915140556,1111,False,
1.3094328816757053,0.9767567451801079,2.3638252694165396,42.487395304534886,[],HOT,2.0,200.0,125.79962724567976,2.2943723259767204,33.094328816757056,42.448731480994375,53.535134903602156,68.2533271132001,62.89981362283988,0.0,5.353513490360216,1112,False,
2.6449732708022364,0.5277331052084733,6.608605819592103,33.686618101065015,[],HOT,2.0,200.0,65.31733357732898,6.432926597366404,46.44973270802237,45.550008901685885,44.554662104169466,37.114132999081434,32.65866678866449,0.0,4.4554662104169465,1113,False,
0.8977826584355708,0.18265251520263726,1.5843733198352807,13.993122554433086,"[{""power_percent"": 25, ""duration_minutes"": 30.702235756823246}, {""power_percent"": 50, ""duration_minutes"": 30.702235756823246}, {""power_percent"": 75, ""duration_minutes"": 30.702235756823246}]",WARM,0.7,120.0,277.882943657091,1.4865274560949264,12.37249122083222,25.197375603988114,37.65305030405274,172.70677685895078,138.9414718285455,30.0,3.7653050304052744,1114,False,
1.8259503886027306,0.8245751453421317,1.089582103895409,23.603463232523296,[],HOT,2.0,200.0,87.73003980585544,0.8861648677464395,38.259503886027304,41.71573753631476,50.49150290684263,48.91417019361198,43.86501990292772,0.0,5.049150290684263,1115,False,
1.7959567981238238,0.4148365038544277,5.3615644192525815,5.061008943810347,"[{""power_percent"": 25, ""duration_minutes"": 58.95677897926686}, {""power_percent"": 50, ""duration_minutes"": 58.95677897926686}, {""power_percent"": 75, ""duration_minutes"": 58.95677897926686}]",HOT,2.0,200.0,260.4095796328081,5.2849625379282905,17.116051134348208,30.395056776624276,42.296730077088554,164.43446282411293,130.20478981640406,30.0,4.229673007708856,1116,False,
2.9860458759046287,0.6436330324140649,6.327114390539169,16.89993410998735,[],WARM,0.7,120.0,69.80363578745322,6.011072160162907,49.86045875904629,48.97782517004712,46.8726606482813,39.58908395855474,34.90181789372661,0.0,4.68726606482813,1117,False,
2.654356713114,0.44787444718883096,3.3027432697541386,41.620234325202574,"[{""power_percent"": 25, ""duration_minutes"": 52.377827687793946}, {""power_percent"": 50, ""duration_minutes"": 52.377827687793946}, {""power_percent"": 75, ""duration_minutes"": 52.377827687793946}]",HOT,2.0,200.0,224.63042066785601,3.391423890244176,26.686892977970903,27.265975413872795,42.95748894377662,146.61095922830566,112.31521033392801,30.0,4.295748894377662,1118,False,
0.5839849546889795,0.20798552077052837,6.982841959578491,41.81943315390784,"[{""power_percent"": 25, ""duration_minutes"": 54.18443473453843}, {""power_percent"": 50, ""duration_minutes"": 54.18443473453843}, {""power_percent"": 75, ""duration_minutes"": 54.18443473453843}]",HOT,2.0,200.0,430.45506647408433,7.160952464517993,5.712184336709031,31.584911042294863,38.159710415410565,249.0435042785832,215.22753323704217,30.0,3.8159710415410566,1119,False,
1.4307094472819464,0.6741737646081206,4.07142546012779,17.80748354792578,"[{""power_percent"": 25, ""duration_minutes"": 38.676310987791084}, {""power_percent"": 50, ""duration_minutes"": 38.676310987791084}, {""power_percent"": 75, ""duration_minutes"": 38.676310987791084}]",HOT,2.0,200.0,224.7142684854041,4.02507091648744,16.5056478246508,32.75206810665183,47.48347529216241,147.10548177191828,112.35713424270205,30.0,4.748347529216241,1120,False,
2.9860458759046287,0.6436330324140649,6.967634490982581,42.502865083703455,"[{""power_percent"": 25, ""duration_minutes"": 36.11829735219877}]",WARM,0.7,120.0,113.60281243176681,6.861328143800814,44.05454389143635,47.17531645036798,46.8726606482813,71.48867228071154,56.801406215883404,10.0,4.68726606482813,1121,False,
2.772625439193394,0.1028675267675111,6.90553696006326,36.761711509911436,[],WARM,0.7,120.0,79.62886104396922,6.717202211554991,47.72625439193394,43.64548424133665,36.057350535350224,43.42016557551963,39.81443052198461,0.0,3.6057350535350228,1122,False,
2.7577966889345333,0.27787285493727176,5.116795887326354,16.02861980396598,[],HOT,2.0,200.0,57.699832620781706,4.830655738592768,47.57796688934533,39.56806603389997,39.55745709874543,32.805662020265395,28.849916310390853,0.0,3.9557457098745434,1123,False,
2.802627455998996,0.1874507854062359,1.5843733198352807,41.81943315390784,[],WARM,0.7,120.0,80.56703544172493,1.425184820518768,48.02627455998996,34.01815606454539,37.749015708124716,44.05841929167494,40.28351772086246,0.0,3.774901570812472,1124,False,
1.035130495964782,0.15774741068861672,3.301383585161685,33.922505848521695,"[{""power_percent"": 25, ""duration_minutes"": 47.51714950728859}, {""power_percent"": 50, ""duration_minutes"": 47.51714950728859}, {""power_percent"": 75, ""duration_minutes"": 47.51714950728859}]",WARM,0.7,120.0,312.13746590499807,3.36806484893609,11.22373253355453,26.819192642930794,37.154948213772336,189.78422777387627,156.06873295249903,30.0,3.715494821377234,1125,False,
1.660158272607859,0.7135455993713478,4.516158785470122,11.541233525531212,"[{""power_percent"": 25, ""duration_minutes"": 17.222514602806967}, {""power_percent"": 50, ""duration_minutes"": 17.222514602806967}]",HOT,2.0,200.0,126.76023036074002,4.321444884924608,26.879331265797894,38.561513887227996,48.270911987426956,88.2072063791127,63.38011518037001,20.0,4.827091198742696,1126,False,
0.963092436536659,0.17069039606196387,4.316456513978002,41.89502389987471,"[{""power_percent"": 25, ""duration_minutes"": 23.629973242241398}, {""power_percent"": 50, ""duration_minutes"": 23.629973242241398}, {""power_percent"": 75, ""duration_minutes"": 23.629973242241398}]",WARM,0.7,120.0,253.70671679023974,4.362192879642508,14.086428379030378,31.154500188897845,37.413807921239275,160.5947391872438,126.85335839511987,30.0,3.7413807921239277,1127,False,
0.5213176520649496,0.203934114790574,4.099035210197765,41.81943315390784,"[{""power_percent"": 25, ""duration_minutes"": 11.329199227953946}, {""power_percent"": 50, ""duration_minutes"": 11.329199227953946}, {""power_percent"": 75, ""duration_minutes"": 11.329199227953946}]",HOT,2.0,200.0,332.76586754617176,4.151086700722476,11.513796636456405,29.62565186736656,38.078682295811475,200.19080200266703,166.38293377308588,30.0,3.807868229581148,1128,False,
1.9051168520578063,0.9883427264916151,6.433922476315591,46.347606381384786,[],WARM,0.7,120.0,107.13960979626056,6.337803440521587,39.05116852057806,53.327957670530566,53.7668545298323,58.94649035111351,53.56980489813028,0.0,5.376685452983231,1129,False,
2.093580071459418,0.2530256160791818,0.27549664696693776,9.963103474038732,[],HOT,2.0,200.0,73.136536999521,-0.32046793504720666,40.93580071459418,36.4853140990163,39.06051232158363,40.47431973191886,36.5682684997605,0.0,3.9060512321583634,1130,False,
1.544434917410645,0.9736639972352589,6.9824012277966,37.61857404650692,[],WARM,0.7,120.0,122.90847348290659,6.848335275379214,35.44434917410645,54.2487704224163,53.473279944705176,66.80156473592382,61.45423674145329,0.0,5.347327994470518,1131,False,
2.5757749311047653,0.10009954723295474,1.5646101667558034,13.596005850117976,"[{""power_percent"": 25, ""duration_minutes"": 2.8219431759764597}, {""power_percent"": 50, ""duration_minutes"": 2.8219431759764597}, {""power_percent"": 75, ""duration_minutes"": 2.8219431759764597}]",HOT,2.0,200.0,69.27953301627115,1.3396210341402506,33.33445783465118,25.817999347445973,36.0019909446591,68.23996560260149,34.63976650813557,30.0,3.60019909446591,1132,False,
2.5751743402822407,0.11522044122228622,1.6907711058511878,5.281504916782657,"[{""power_percent"": 25, ""duration_minutes"": 6.926143574668308}, {""power_percent"": 50, ""duration_minutes"": 6.926143574668308}, {""power_percent"": 75, ""duration_minutes"": 6.926143574668308}]",HOT,2.0,200.0,79.11136567203049,1.428231592464599,32.71282186662216,25.37775016124491,36.30440882444572,73.18612371845981,39.555682836015244,30.0,3.6304408824445726,1133,False,
0.653220551888334,0.8994752608673336,4.956248233051651,9.226549164477584,"[{""power_percent"": 25, ""duration_minutes"": 51.349449473498716}, {""power_percent"": 50, ""duration_minutes"": 51.349449473498716}, {""power_percent"": 75, ""duration_minutes"": 51.349449473498716}]",WARM,0.7,120.0,400.94778996030334,4.901527054383478,6.829788097858529,38.68474914389642,51.989505217346675,235.67284550188634,200.47389498015167,30.0,5.198950521734668,1134,False,
0.9445734307730413,0.7051779257146926,1.0789013925464936,38.42057627371908,"[{""power_percent"": 25, ""duration_minutes"": 13.91394008843643}, {""power_percent"": 50, ""duration_minutes"": 13.91394008843643}]",WARM,0.7,120.0,212.65589430624834,1.0414697931347592,20.054340298886768,34.38510148836311,48.10355851429385,131.13830300455356,106.32794715312417,20.0,4.810355851429385,1135,False,
0.904853012371698,0.837728010301118,5.792091203371694,10.199426293709383,"[{""power_percent"": 25, ""duration_minutes"": 9.326653725246626}, {""power_percent"": 50, ""duration_minutes"": 9.326653725246626}, {""power_percent"": 75, ""duration_minutes"": 9.326653725246626}]",WARM,0.7,120.0,211.31256977973607,5.607073601814821,15.649532064929986,43.397519695084604,50.75456020602236,140.73174091047028,105.65628488986803,30.0,5.075456020602236,1136,False,
2.379013984034995,0.38258746717910025,3.1692624300720165,41.819589085011046,"[{""power_percent"": 25, ""duration_minutes"": 8.680599450560713}, {""power_percent"": 50, ""duration_minutes"": 8.680599450560713}, {""power_percent"": 75, ""duration_minutes"": 8.680599450560713}]",HOT,2.0,200.0,100.13900685018672,3.1390612035723655,30.488049922765846,30.148320515742775,41.651749343582004,84.23467835945156,50.06950342509336,30.0,4.165174934358201,1137,False,
2.9860458759046287,0.6436330324140649,6.967634490982581,17.105964583638837,[],WARM,0.7,120.0,69.86544492954866,6.652828443448228,49.86045875904629,50.25886537093394,46.8726606482813,39.61998852960246,34.93272246477433,0.0,4.68726606482813,1138,False,
0.8943712452681857,0.6766207753633642,6.025971286185147,22.40672890129696,"[{""power_percent"": 25, ""duration_minutes"": 25.596033462602872}, {""power_percent"": 50, ""duration_minutes"": 25.596033462602872}, {""power_percent"": 75, ""duration_minutes"": 25.596033462602872}]",HOT,2.0,200.0,249.7257078515528,5.989424910170009,13.104307433291428,37.86774886509641,47.53241550726728,159.61609547650315,124.8628539257764,30.0,4.753241550726728,1139,False,
0.6110864492609056,0.15113819464337555,6.615083286998245,44.4072983763489,"[{""power_percent"": 25, ""duration_minutes"": 35.337785011589055}]",HOT,2.0,200.0,292.6244258822704,6.6404214042974905,20.343975242029604,37.983691359369324,37.02276389286751,160.01448933042192,146.3122129411352,10.0,3.702276389286751,1140,False,
1.072613004827658,0.17447877892773606,5.650517631097585,12.184518108286117,"[{""power_percent"": 25, ""duration_minutes"": 51.75931263571552}, {""power_percent"": 50, ""duration_minutes"": 51.75931263571552}, {""power_percent"": 75, ""duration_minutes"": 51.75931263571552}]",HOT,2.0,200.0,297.2786982758715,5.623998157461341,10.962233152919252,28.736442472113605,37.48957557855472,182.38830669579121,148.63934913793574,30.0,3.7489575578554724,1141,False,
0.780951508391418,0.6153059035552318,0.5242744745261094,13.736000627724072,"[{""power_percent"": 25, ""duration_minutes"": 32.53102006144533}, {""power_percent"": 50, ""duration_minutes"": 32.53102006144533}, {""power_percent"": 75, ""duration_minutes"": 32.53102006144533}]",WARM,0.7,120.0,308.28724570865927,0.3350454781411331,10.929862074697382,28.80733008808048,46.306118071104635,188.7742346614401,154.14362285432964,30.0,4.630611807110464,1143,False,
0.9124291808055803,0.7979960843574139,6.047235411696319,37.27603434725471,[],WARM,0.7,120.0,190.0791307589492,5.936394450547623,29.1242918080558,50.2704238356816,49.959921687148274,100.03555754818942,95.0395653794746,0.0,4.995992168714828,1144,False,
1.6353941534474992,0.8912204399943418,5.628824440241442,42.146081186722576,[],HOT,2.0,200.0,102.86483221445377,5.544285161223877,36.35394153447499,47.952294160414986,51.82440879988683,56.61485698721557,51.432416107226885,0.0,5.182440879988683,1145,False,
1.8020100065948634,0.1874507854062359,6.9992300793013715,41.81943315390784,"[{""power_percent"": 25, ""duration_minutes"": 54.18443473453843}]",HOT,2.0,200.0,148.4706459499829,6.980250712695561,31.310878329221712,38.62233654144141,37.749015708124716,88.01022454580392,74.23532297499145,10.0,3.774901570812472,1146,False,
0.7464272416385416,0.8795717708461623,6.393337562779715,41.81943315390784,"[{""power_percent"": 25, ""duration_minutes"": 54.53893446564022}, {""power_percent"": 50, ""duration_minutes"": 54.53893446564022}, {""power_percent"": 75, ""duration_minutes"": 54.53893446564022}]",WARM,0.7,120.0,391.6199291549703,6.540013875434539,7.283432246539382,41.03303227380576,51.59143541692325,230.96910811917746,195.80996457748515,30.0,5.159143541692325,1147,False,
2.9980953454611923,0.16005688373504962,0.21939628347044726,10.199426293709383,"[{""power_percent"": 25, ""duration_minutes"": 9.326653725246626}, {""power_percent"": 50, ""duration_minutes"": 9.326653725246626}, {""power_percent"": 75, ""duration_minutes"": 9.326653725246626}]",WARM,0.7,120.0,95.5715534729081,-0.3493510114100043,36.58195539582493,26.042491202607504,37.20113767470099,81.50589050392415,47.78577673645405,30.0,3.720113767470099,1148,False,
2.9523352219318317,0.8813761431263669,3.51749979676349,43.72253074870949,"[{""power_percent"": 25, ""duration_minutes"": 9.541030206785388}]",HOT,2.0,200.0,71.96502801518243,3.419282602585259,45.04630070897905,41.32528240483982,51.627522862527336,51.145266293843946,35.98251400759121,10.0,5.162752286252734,1149,False,
1.8636421912808987,0.8948977644992117,0.42649369923751435,10.204358046830729,"[{""power_percent"": 25, ""duration_minutes"": 51.773428875010985}, {""power_percent"": 50, ""duration_minutes"": 51.773428875010985}, {""power_percent"": 75, ""duration_minutes"": 51.773428875010985}]",WARM,0.7,120.0,253.36914723023614,0.23049444649229572,18.870407581557338,30.626177176764518,51.89795528998423,161.87436914411649,126.68457361511807,30.0,5.189795528998424,1150,False,
0.950900528233996,0.40164606312290063,3.0824087042106765,29.342207066780478,"[{""power_percent"": 25, ""duration_minutes"": 7.0974570363318}, {""power_percent"": 50, ""duration_minutes"": 7.0974570363318}]",HOT,2.0,200.0,179.24278249579936,3.002620839554663,20.79925957870678,32.55872274371625,42.03292126245801,113.82468337414548,89.62139124789968,20.0,4.203292126245802,1151,False,
0.8901707746042984,0.13492720088741209,0.5656498705931138,9.670834245359996,"[{""power_percent"": 25, ""duration_minutes"": 43.810190313717555}, {""power_percent"": 50, ""duration_minutes"": 43.810190313717555}, {""power_percent"": 75, ""duration_minutes"": 43.810190313717555}]",WARM,0.7,120.0,317.33881366986395,0.3814986160222545,10.33017919898535,21.94490954122814,36.69854401774824,192.3392612367068,158.66940683493198,30.0,3.669854401774824,1152,False,
2.1259177455407174,0.589815493054738,0.2639261848001586,6.82222356856283,"[{""power_percent"": 25, ""duration_minutes"": 47.376964468814634}, {""power_percent"": 50, ""duration_minutes"": 47.376964468814634}, {""power_percent"": 75, ""duration_minutes"": 47.376964468814634}]",WARM,0.7,120.0,229.23532326658304,-0.1760462902036492,22.152632785084982,27.68600674486322,45.796309861094755,149.197292619401,114.61766163329152,30.0,4.579630986109476,1153,False,
0.8377396552471137,0.9231405427773207,6.873148883301627,42.146081186722576,[],HOT,2.0,200.0,190.19706489499245,6.820515784212078,28.377396552471136,50.8239842799311,52.462810855546415,100.34481353305087,95.09853244749623,0.0,5.246281085554642,1154,False,
0.6237118604455951,0.14339858780692288,0.8386284022681338,38.42057627371908,"[{""power_percent"": 25, ""duration_minutes"": 11.244519248737129}, {""power_percent"": 50, ""duration_minutes"": 11.244519248737129}, {""power_percent"": 75, ""duration_minutes"": 11.244519248737129}]",WARM,0.7,120.0,300.25539779879955,0.8399369432388358,12.550440717145381,24.986033125833,36.86797175613846,183.8144960750136,150.12769889939977,30.0,3.686797175613846,1155,False,
2.13606975724671,0.42440559660315325,1.3475510222713831,17.729647549781596,[],HOT,2.0,200.0,74.04132005000936,1.0964861172802043,41.3606975724671,36.397765114695076,42.48811193206306,41.26947121821099,37.02066002500468,0.0,4.248811193206307,1156,False,
1.430792832211249,0.49357311988820973,5.525816124420197,43.50371872036607,[],HOT,2.0,200.0,116.38809594133225,5.457606723453943,34.30792832211249,42.97450968749891,43.87146239776419,62.58119421044255,58.194047970666126,0.0,4.38714623977642,1157,False,
2.0761502343172538,0.9724999773130834,0.12334783291452123,13.938110190785617,[],WARM,0.7,120.0,90.9305398514402,-0.47406951531345526,40.76150234317254,42.823304061927956,53.449999546261665,50.81026988034627,45.4652699257201,0.0,5.344999954626167,1158,False,
0.5243403798400381,0.8750242829039512,0.6132233076628653,41.26160125668126,"[{""power_percent"": 25, ""duration_minutes"": 52.52327584896725}, {""power_percent"": 50, ""duration_minutes"": 52.52327584896725}, {""power_percent"": 75, ""duration_minutes"": 52.52327584896725}]",HOT,2.0,200.0,454.5220221889812,0.6853891275562529,5.3649124210552905,32.546749953114634,51.50048565807902,262.4110596602985,227.2610110944906,30.0,5.150048565807903,1159,False,
1.2116439537236023,0.22619682669793895,6.516646970316097,10.498198881085353,"[{""power_percent"": 25, ""duration_minutes"": 47.318922837159406}]",WARM,0.7,120.0,188.7671267935047,6.300489328290823,25.750493395378047,40.928088175892675,38.523936533958775,108.23595705014823,94.38356339675235,10.0,3.8523936533958776,1160,False,
0.7962424613562475,0.1781580024802318,6.999041941265323,43.51041746233786,"[{""power_percent"": 25, ""duration_minutes"": 44.120648203292475}]",HOT,2.0,200.0,244.0586025360157,7.020375395788392,21.75639220339785,38.81236046619465,37.56316004960463,135.78561727296832,122.02930126800786,10.0,3.7563160049604636,1161,False,
1.157082724007164,0.5922197265291598,6.450375900867584,13.777158221226914,[],WARM,0.7,120.0,148.2695138970463,6.1887555412346575,31.57082724007164,48.60738852008509,45.844394530583195,78.71919640158147,74.13475694852315,0.0,4.5844394530583195,1162,False,
1.035130495964782,0.13775484963061843,2.915062766431051,34.06806782982175,"[{""power_percent"": 25, ""duration_minutes"": 47.91772871706894}, {""power_percent"": 50, ""duration_minutes"": 47.91772871706894}, {""power_percent"": 75, ""duration_minutes"": 47.91772871706894}]",WARM,0.7,120.0,313.3828721287291,2.983819139722597,11.163645652087478,25.77058814389332,36.755096992612366,190.36694576362578,156.69143606436455,30.0,3.675509699261237,1163,False,
1.8501462347541815,0.9843568410238661,6.602522137550277,37.454588274917185,[],WARM,0.7,120.0,106.81104895015156,6.455243817809612,38.50146234754182,53.61732636738695,53.68713682047732,58.77423815712351,53.40552447507578,0.0,5.368713682047733,1164,False,
0.9276755902977467,0.5923232444795213,6.764382365078651,12.866629624198241,[],WARM,0.7,120.0,180.0544449760049,6.506475119211929,29.276755902977467,49.23664366391156,45.84646488959042,94.61186897696149,90.02722248800245,0.0,4.584646488959042,1165,False,
2.5751743402822407,0.4071374711564596,5.266758512450111,5.5497447453324895,"[{""power_percent"": 25, ""duration_minutes"": 6.55207055952663}, {""power_percent"": 50, ""duration_minutes"": 6.55207055952663}, {""power_percent"": 75, ""duration_minutes"": 6.55207055952663}]",HOT,2.0,200.0,78.06961857517041,5.004706218989395,32.76893281889341,34.82948032842034,42.14274942312919,73.24908422989813,39.034809287585205,30.0,4.214274942312919,1166,False,
0.9636457474967396,0.8664490279741568,1.8758923376650254,41.92943479805372,"[{""power_percent"": 25, ""duration_minutes"": 32.2429274451432}, {""power_percent"": 50, ""duration_minutes"": 32.2429274451432}, {""power_percent"": 75, ""duration_minutes"": 32.2429274451432}]",HOT,2.0,200.0,263.4664743322745,1.973651898888908,12.800018358195917,31.743740190296943,51.328980559483135,166.86613522208557,131.73323716613726,30.0,5.1328980559483135,1167,False,
1.0834417606628206,0.4846447558888786,6.14778364711395,33.805123486667014,[],WARM,0.7,120.0,163.08921872686315,6.009276717607438,30.834417606628207,46.711304364894445,43.692895117777574,85.91389887520933,81.54460936343158,0.0,4.369289511777757,1168,False,
2.9860458759046287,0.6530326188358513,6.516964154678916,17.010135542203848,[],WARM,0.7,120.0,69.83669621711816,6.201583132895953,49.86045875904629,49.470319735388046,47.06065237671702,39.62441334623078,34.91834810855908,0.0,4.7060652376717025,1169,False,
2.9410250063139673,0.6156971463980219,3.7075620686913586,42.956592339634796,"[{""power_percent"": 25, ""duration_minutes"": 9.541030206785388}]",WARM,0.7,120.0,87.93063443445207,3.5792016526833943,44.9331985528004,41.11725898795542,46.31394292796044,58.59671151002208,43.96531721722604,10.0,4.6313942927960445,1170,False,
1.2116439537236023,0.8049198966475465,6.96647085249674,11.470808748958454,[],WARM,0.7,120.0,141.73998691670724,6.688829946841546,32.11643953723602,52.19198046476404,50.09839793295093,75.8798332516487,70.86999345835362,0.0,5.009839793295093,1171,False,
1.035130495964782,0.11246898852479048,3.2617872757537527,33.9429751377742,"[{""power_percent"": 25, ""duration_minutes"": 52.2819205038669}, {""power_percent"": 50, ""duration_minutes"": 52.2819205038669}, {""power_percent"": 75, ""duration_minutes"": 52.2819205038669}]",HOT,2.0,200.0,310.43791968150873,3.368885668253407,10.509016884067783,23.16782956845697,36.24937977049581,188.84389781780393,155.21895984075437,30.0,3.624937977049581,1172,False,
2.7967498564074225,0.279521559792175,3.914871518120807,16.27867984882889,[],HOT,2.0,200.0,57.0172886606106,3.6286736029574835,47.967498564074226,37.184001753747715,39.5904311958435,32.46768744988965,28.5086443303053,0.0,3.9590431195843503,1173,False,
0.6484203580293132,0.4605911696489465,3.5273893016204094,29.863848763388802,"[{""power_percent"": 25, ""duration_minutes"": 49.46579719040976}, {""power_percent"": 50, ""duration_minutes"": 49.46579719040976}, {""power_percent"": 75, ""duration_minutes"": 49.46579719040976}]",HOT,2.0,200.0,387.18796283849235,3.6170329714507994,7.064334001731666,28.129950891891298,43.21182339297893,227.91516375854408,193.59398141924618,30.0,4.321182339297893,1174,False,
1.206404749037643,0.6201567103755314,6.516646970316097,6.042716332912558,"[{""power_percent"": 25, ""duration_minutes"": 47.31826308271844}, {""power_percent"": 50, ""duration_minutes"": 47.31826308271844}]",WARM,0.7,120.0,235.2857216371345,6.3412836045175025,19.332221182104586,42.23607868017546,46.403134207510625,142.2831742393183,117.64286081856724,20.0,4.640313420751062,1176,False,
0.8271897011573193,0.12006053728211696,1.6178290503906982,26.521749785356402,"[{""power_percent"": 25, ""duration_minutes"": 59.55231484984473}, {""power_percent"": 50, ""duration_minutes"": 59.55231484984473}, {""power_percent"": 75, ""duration_minutes"": 59.55231484984473}]",HOT,2.0,200.0,366.45034999771923,1.7105289056060782,7.339049784096481,20.845360010117982,36.40121074564234,216.86529607342385,183.22517499885961,30.0,3.640121074564234,1177,False,
1.6353941534474992,0.4895019506969325,6.39552060993344,42.146081186722576,[],WARM,0.7,120.0,118.86483221445377,6.284981330915874,36.35394153447499,47.265064628230064,43.790039013938646,63.81142000862075,59.432416107226885,0.0,4.379003901393864,1178,False,
0.8977826584355708,0.18265251520263726,5.565052300008886,13.993122554433086,"[{""power_percent"": 25, ""duration_minutes"": 30.702235756823246}, {""power_percent"": 50, ""duration_minutes"": 30.702235756823246}, {""power_percent"": 75, ""duration_minutes"": 30.702235756823246}]",HOT,2.0,200.0,261.882943657091,5.4932064362685304,12.37249122083222,30.558733564335327,37.65305030405274,164.70677685895078,130.9414718285455,30.0,3.7653050304052744,1179,False,
0.8042026846939162,0.15280612077677908,3.301383585161685,46.05922163414169,"[{""power_percent"": 25, ""duration_minutes"": 52.97733902510984}, {""power_percent"": 50, ""duration_minutes"": 52.97733902510984}, {""power_percent"": 75, ""duration_minutes"": 52.97733902510984}]",WARM,0.7,120.0,373.7699268763231,3.466502824654108,8.095425993172686,26.268480107384836,37.05612241553558,220.5905756797151,186.88496343816155,30.0,3.7056122415535584,1180,False,
1.03530680192177,0.37142753280934254,1.6665857879869308,37.27532325100308,"[{""power_percent"": 25, ""duration_minutes"": 32.24004413962202}]",WARM,0.7,120.0,202.80722964613435,1.6030654995557008,24.7410658122366,33.423100645497314,41.42855065618685,115.54646988868586,101.40361482306717,10.0,4.1428550656186856,1181,False,
0.9540759759619135,0.2040981214730191,6.2894237326678315,34.84101480498676,"[{""power_percent"": 25, ""duration_minutes"": 51.396323539874786}, {""power_percent"": 50, ""duration_minutes"": 51.396323539874786}]",WARM,0.7,120.0,284.9651350069138,6.305099429539024,16.401127405631655,36.544245510619405,38.08196242946038,166.29076374640292,142.4825675034569,20.0,3.8081962429460385,1183,False,
1.0290962624898468,0.3792805003580719,3.0824087042106765,38.567649158124226,"[{""power_percent"": 25, ""duration_minutes"": 1.9773187948806452}, {""power_percent"": 50, ""duration_minutes"": 1.9773187948806452}]",HOT,2.0,200.0,159.78389140394566,3.044605386249589,22.093230745410406,32.597544285025386,41.585610007161435,104.05050670268898,79.89194570197283,20.0,4.158561000716143,1184,False,
1.0557722638230274,0.15139384855205706,2.9971633740794634,46.76551332230799,[],HOT,2.0,200.0,154.60574856735218,2.96352556346039,30.557722638230274,33.81105293078361,37.02787697104114,81.0056619807802,77.30287428367609,0.0,3.702787697104114,1185,False,
2.6449732708022364,0.5277331052084733,6.125140481489178,34.05621030650387,[],HOT,2.0,200.0,65.42821123896064,5.9516788124961115,46.44973270802237,44.58307822548004,44.554662104169466,37.169571829897265,32.71410561948032,0.0,4.4554662104169465,1186,False,
2.888843597172449,0.15555120079718326,6.82023639118184,10.19335435732174,[],WARM,0.7,120.0,69.48189728793963,6.467842773438872,48.88843597172449,44.10708719192988,37.11102401594367,38.45205104556418,34.740948643969816,0.0,3.711102401594367,1187,False,
0.5081311611383633,0.21379232639881324,1.5769881548789975,38.35577540574863,"[{""power_percent"": 25, ""duration_minutes"": 52.60793694913042}, {""power_percent"": 50, ""duration_minutes"": 52.60793694913042}, {""power_percent"": 75, ""duration_minutes"": 52.60793694913042}]",WARM,0.7,120.0,479.02991613493674,1.706621371715346,5.1901210690140696,23.58476990112202,38.27584652797626,273.342542720266,239.51495806746837,30.0,3.8275846527976265,1188,False,
2.62713380806061,0.18634500274020904,1.398658106494843,9.96220420432417,"[{""power_percent"": 25, ""duration_minutes"": 41.04545436929191}, {""power_percent"": 50, ""duration_minutes"": 41.04545436929191}, {""power_percent"": 75, ""duration_minutes"": 41.04545436929191}]",HOT,2.0,200.0,181.72146899630533,1.2644823425062393,28.114519925212313,23.744732926656553,37.726900054804176,124.63342450363308,90.86073449815267,30.0,3.7726900054804178,1189,False,
0.829888797736575,0.9321533226835652,4.274433978454795,47.95292651335017,"[{""power_percent"": 25, ""duration_minutes"": 18.84212137791845}, {""power_percent"": 50, ""duration_minutes"": 18.84212137791845}, {""power_percent"": 75, ""duration_minutes"": 18.84212137791845}]",HOT,2.0,200.0,250.15934990402147,4.373482349759188,13.472569770677984,38.03891690509971,52.6430664536713,160.34398159737788,125.07967495201073,30.0,5.264306645367131,1190,False,
2.8206948939566807,0.6148709432497328,2.0206964578821043,41.819589085011046,"[{""power_percent"": 25, ""duration_minutes"": 32.2429274451432}, {""power_percent"": 50, ""duration_minutes"": 32.2429274451432}, {""power_percent"": 75, ""duration_minutes"": 32.2429274451432}]",HOT,2.0,200.0,160.9530444018551,2.043514978969333,31.370509822795327,28.517980764698112,46.297418864994654,115.10626408742701,80.47652220092755,30.0,4.629741886499466,1191,False,
0.7000221057549021,0.5742652500622168,0.5242744745261094,10.80882134489356,"[{""power_percent"": 25, ""duration_minutes"": 32.53102006144533}, {""power_percent"": 50, ""duration_minutes"": 32.53102006144533}, {""power_percent"": 75, ""duration_minutes"": 32.53102006144533}]",WARM,0.7,120.0,329.6146540193861,0.3207195785496107,10.12056804833222,28.3148422461643,45.485305001244335,199.35585750981747,164.80732700969304,30.0,4.548530500124434,1192,False,
0.6291420390694602,0.10460418787874648,4.108611508662399,40.55847489025981,"[{""power_percent"": 25, ""duration_minutes"": 43.52648503010932}, {""power_percent"": 50, ""duration_minutes"": 43.52648503010932}, {""power_percent"": 75, ""duration_minutes"": 43.52648503010932}]",HOT,2.0,200.0,379.66692610304756,4.245376131531507,7.7624476361782015,25.555089619159922,36.092083757574926,223.44267142728128,189.83346305152378,30.0,3.609208375757493,1193,False,
1.2111948794569918,0.9749894801610074,6.96647085249674,11.470808748958454,[],WARM,0.7,120.0,141.7858877302288,6.6888479098122104,32.11194879456992,54.23281546692557,53.499789603220144,76.24292282543642,70.8929438651144,0.0,5.349978960322015,1194,False,
1.4094477708562623,0.6590766065275693,4.0727490529971835,42.792461609179725,"[{""power_percent"": 25, ""duration_minutes"": 55.23774801116201}]",HOT,2.0,200.0,173.00014663500974,4.076363659829173,27.33259030800452,38.39728494399033,47.18153213055138,101.21822653056,86.50007331750487,10.0,4.718153213055138,1195,False,
0.5826626955632104,0.113025870146652,2.1238512406801844,48.23928710944297,"[{""power_percent"": 25, ""duration_minutes"": 1.2347733517082324}, {""power_percent"": 50, ""duration_minutes"": 1.2347733517082324}, {""power_percent"": 75, ""duration_minutes"": 1.2347733517082324}]",WARM,0.7,120.0,290.1149316734433,2.1556847755694384,13.64141095287587,28.092883321466456,36.26051740293304,178.68351757701495,145.05746583672166,30.0,3.6260517402933043,1196,False,
1.8636421912808987,0.8543956124537767,0.5743822899526345,10.8618392175693,[],WARM,0.7,120.0,98.24610495642473,0.16700763760681434,38.636421912808984,40.50398276954005,51.087912249075536,54.23184370311992,49.123052478212365,0.0,5.108791224907554,1197,False,
2.6354599004660524,0.5279481475185416,6.516646970316097,11.581010180632195,[],HOT,2.0,200.0,58.89036539817529,6.208714635381248,46.35459900466052,45.3686717108547,44.55896295037083,33.90107899412473,29.445182699087646,0.0,4.455896295037083,1198,False,
0.5070890680856692,0.8817015055461686,1.1150718527984806,41.814448160258706,"[{""power_percent"": 25, ""duration_minutes"": 54.554176939526144}, {""power_percent"": 50, ""duration_minutes"": 54.554176939526144}, {""power_percent"": 75, ""duration_minutes"": 54.554176939526144}]",WARM,0.7,120.0,486.51288720727996,1.2713375098551845,4.88776413992777,30.50068584759363,51.63403011092337,278.4198466147323,243.25644360363998,30.0,5.1634030110923375,1199,False,
2.3386357402561457,0.13941336604061047,3.092063314143877,41.819589085011046,"[{""power_percent"": 25, ""duration_minutes"": 8.720824438121902}, {""power_percent"": 50, ""duration_minutes"": 8.720824438121902}, {""power_percent"": 75, ""duration_minutes"": 8.720824438121902}]",HOT,2.0,200.0,101.34830882779502,3.0635978923580636,30.078233736843174,27.072212821344113,36.78826732081221,84.35298114597873,50.67415441389751,30.0,3.6788267320812214,1200,False,
1.1726157558261368,0.5508900066567535,6.324822723012113,14.03728162719925,"[{""power_percent"": 25, ""duration_minutes"": 44.310517073848594}, {""power_percent"": 50, ""duration_minutes"": 44.310517073848594}, {""power_percent"": 75, ""duration_minutes"": 44.310517073848594}]",WARM,0.7,120.0,279.56187653203,6.257073333763807,13.079579997184076,37.87237898925889,45.01780013313507,174.2827182793285,139.780938266015,30.0,4.501780013313507,1201,False,
1.0557722638230274,0.15139384855205706,3.223224259232735,46.85720380193305,[],HOT,2.0,200.0,154.6332557112397,3.190136591491412,30.557722638230274,34.26317470109015,37.02787697104114,81.01941555272397,77.31662785561986,0.0,3.702787697104114,1202,False,
0.8037260017217982,0.5277331052084733,6.125140481489178,33.686618101065015,[],HOT,2.0,200.0,195.2367522322638,6.023111150026696,28.03726001721798,44.58307822548004,44.554662104169466,102.07384232654884,97.6183761161319,0.0,4.4554662104169465,1203,False,
0.9393589151290619,0.48299605059365563,1.755375043074676,33.81625340366438,"[{""power_percent"": 25, ""duration_minutes"": 31.273111472753484}]",WARM,0.7,120.0,215.60136046678184,1.6739713183642533,23.829933577652945,34.96850934909061,43.65992101187311,122.16667233457824,107.80068023339092,10.0,4.365992101187311,1204,False,
0.7000221057549021,0.5742652500622168,0.236828168710999,13.736000627724072,"[{""power_percent"": 25, ""duration_minutes"": 32.0779148388508}, {""power_percent"": 50, ""duration_minutes"": 32.0779148388508}, {""power_percent"": 75, ""duration_minutes"": 32.0779148388508}]",WARM,0.7,120.0,329.13349213645165,-0.15052296723630026,10.188533831721399,28.93051432782803,45.485305001244335,199.11527656835025,164.56674606822583,30.0,4.548530500124434,1205,False,
1.210919219028026,0.6201567103755314,3.4780385075276556,13.257948883840863,"[{""power_percent"": 25, ""duration_minutes"": 47.318922837159406}, {""power_percent"": 50, ""duration_minutes"": 47.318922837159406}]",WARM,0.7,120.0,236.98806813322676,3.3457872777438986,19.37729990656432,36.15882216933212,46.403134207510625,143.13434748736444,118.49403406661338,20.0,4.640313420751062,1206,False,
0.9012988336642842,0.17071125387350727,0.2711767101529073,10.757626108685102,"[{""power_percent"": 25, ""duration_minutes"": 11.244519248737129}, {""power_percent"": 50, ""duration_minutes"": 11.244519248737129}, {""power_percent"": 75, ""duration_minutes"": 11.244519248737129}]",WARM,0.7,120.0,217.88733410556455,-0.2045959287953421,15.326310449332272,25.894174893789927,37.41422507747014,142.6850895605293,108.94366705278227,30.0,3.7414225077470142,1207,False,
0.8668270262234005,0.8617640180569485,0.4173371583301215,43.49040417576735,"[{""power_percent"": 25, ""duration_minutes"": 9.32038649961994}]",WARM,0.7,120.0,209.9124122859816,0.27492688883540956,24.20225093725301,38.62688230503454,51.23528036113897,120.07973417910469,104.9562061429908,10.0,5.123528036113897,1208,False,
0.7484503979362843,0.11344461170998021,1.6594193911087178,31.278434528480666,"[{""power_percent"": 25, ""duration_minutes"": 59.55231484984473}, {""power_percent"": 50, ""duration_minutes"": 59.55231484984473}, {""power_percent"": 75, ""duration_minutes"": 59.55231484984473}]",HOT,2.0,200.0,386.9545576764191,1.7838089269116848,6.551656751886135,20.6827882218163,36.268892234199605,227.1041680616295,193.47727883820954,30.0,3.6268892234199606,1209,False,
0.5286214002097628,0.18594767293764536,1.6257091163913238,34.84101480498676,"[{""power_percent"": 25, ""duration_minutes"": 51.396323539874786}, {""power_percent"": 50, ""duration_minutes"": 51.396323539874786}, {""power_percent"": 75, ""duration_minutes"": 51.396323539874786}]",WARM,0.7,120.0,462.898232196186,1.7297993198324786,5.5767654711164125,23.457121189445658,37.71895345875291,265.2210114439683,231.449116098093,30.0,3.771895345875291,1210,False,
0.960491577725908,0.5619798069831095,0.3453428287006786,6.0026406761283795,[],WARM,0.7,120.0,172.47082375599905,-0.2550609903515874,29.60491577725908,37.45307202639596,45.23959613966219,90.75937149196574,86.23541187799952,0.0,4.523959613966219,1211,False,
0.9506515594871199,0.49357311988820973,5.525816124420197,43.50371872036607,[],HOT,2.0,200.0,169.33763424437103,5.4768123743629085,29.5065155948712,42.97450968749891,43.87146239776419,89.05596336196193,84.66881712218552,0.0,4.38714623977642,1212,False,
1.7031271163116197,0.7135455993713478,4.516158785470122,12.313732925599687,"[{""power_percent"": 25, ""duration_minutes"": 17.55778802267541}, {""power_percent"": 50, ""duration_minutes"": 17.55778802267541}]",HOT,2.0,200.0,125.38298097814028,4.325031674416605,27.275492360848652,38.54139748203589,48.270911987426956,87.51858168781284,62.69149048907014,20.0,4.827091198742696,1213,False,
0.8977826584355708,0.18581326947127383,3.848937902235957,13.993122554433086,"[{""power_percent"": 25, ""duration_minutes"": 30.937136857362745}, {""power_percent"": 50, ""duration_minutes"": 30.937136857362745}, {""power_percent"": 75, ""duration_minutes"": 30.937136857362745}]",HOT,2.0,200.0,262.5876469587095,3.7777967417972205,12.337256055751295,27.143292720964553,37.71626538942547,165.0654500182973,131.29382347935476,30.0,3.7716265389425474,1215,False,
0.5984463448108314,0.1619790846237771,0.550975218955166,46.95706956213499,"[{""power_percent"": 25, ""duration_minutes"": 24.296488929881114}, {""power_percent"": 50, ""duration_minutes"": 24.296488929881114}, {""power_percent"": 75, ""duration_minutes"": 24.296488929881114}]",WARM,0.7,120.0,352.12562461984294,0.543669249325186,10.339990108626148,24.05511457388569,37.23958169247554,209.78677047916904,176.06281230992147,30.0,3.7239581692475543,1216,False,
0.9552636708919147,0.24786642885450902,2.0619376418740023,38.35577540574863,"[{""power_percent"": 25, ""duration_minutes"": 54.158205366456535}, {""power_percent"": 50, ""duration_minutes"": 54.158205366456535}, {""power_percent"": 75, ""duration_minutes"": 54.158205366456535}]",WARM,0.7,120.0,345.5060577838259,2.1783363635721873,9.428905903950666,24.824033947021025,38.95732857709018,206.64876174962197,172.75302889191295,30.0,3.8957328577090182,1217,False,
0.653220551888334,0.10285988949740688,5.86288745311532,10.199325706353132,"[{""power_percent"": 25, ""duration_minutes"": 50.7002042644949}, {""power_percent"": 50, ""duration_minutes"": 50.7002042644949}, {""power_percent"": 75, ""duration_minutes"": 50.7002042644949}]",HOT,2.0,200.0,383.29188729585456,5.838055198071389,6.927174879209103,28.397075196394987,36.057197789948134,225.2516634269221,191.64594364792728,30.0,3.6057197789948137,1218,False,
2.4487576828015043,0.8470529544691496,0.29363094898108866,11.156592220897387,"[{""power_percent"": 25, ""duration_minutes"": 50.841702420938674}, {""power_percent"": 50, ""duration_minutes"": 50.841702420938674}]",HOT,2.0,200.0,164.7859330485301,-0.16769640016370993,31.403406585921175,36.5268714104113,50.94105908938299,107.48707243320335,82.39296652426505,20.0,5.0941059089383,1219,False,
2.9679881610669097,0.7713517640545702,5.061143450709974,42.889489188554144,"[{""power_percent"": 25, ""duration_minutes"": 29.026767858592187}, {""power_percent"": 50, ""duration_minutes"": 29.026767858592187}, {""power_percent"": 75, ""duration_minutes"": 29.026767858592187}]",HOT,2.0,200.0,148.98643548436954,5.074841162974398,33.32586643188027,36.7660989628015,49.427035281091406,109.4359212702939,74.49321774218477,30.0,4.942703528109141,1220,False,
2.6481223150047652,0.42719292519182933,4.15381473645533,43.49811115884142,[],HOT,2.0,200.0,68.19334256214431,4.036878510808188,46.481223150047654,39.433944575212614,42.54385850383659,38.35105713145581,34.096671281072155,0.0,4.254385850383659,1221,False,
0.5213176520649496,0.1966551687243666,1.665679268555101,41.81943315390784,"[{""power_percent"": 25, ""duration_minutes"": 31.98565413433887}, {""power_percent"": 50, ""duration_minutes"": 31.98565413433887}, {""power_percent"": 75, ""duration_minutes"": 31.98565413433887}]",HOT,2.0,200.0,394.73523226532654,1.7797001237989665,8.415328400498666,24.149794615491693,37.93310337448733,231.160926470112,197.36761613266327,30.0,3.7933103374487334,1222,False,
0.9308415924848144,0.5774135552362765,0.5117478702059692,41.89502389987471,"[{""power_percent"": 25, ""duration_minutes"": 52.4671812537046}, {""power_percent"": 50, ""duration_minutes"": 52.4671812537046}, {""power_percent"": 75, ""duration_minutes"": 52.4671812537046}]",WARM,0.7,120.0,345.6145477080045,0.5452858936669387,9.438338736792451,26.583420609589965,45.54827110472553,207.36210096447482,172.80727385400226,30.0,4.554827110472553,1223,False,
0.6279290319796409,0.1707853741055545,4.259678870616119,46.95706956213499,"[{""power_percent"": 25, ""duration_minutes"": 59.07099777458809}, {""power_percent"": 50, ""duration_minutes"": 59.07099777458809}, {""power_percent"": 75, ""duration_minutes"": 59.07099777458809}]",WARM,0.7,120.0,444.680612402692,4.455517120033507,5.418640653608195,27.85239243078596,37.41570748211109,256.0818769495571,222.340306201346,30.0,3.741570748211109,1224,False,
2.132732163258695,0.2538623499142916,0.2666316869088572,11.432028719368288,[],WARM,0.7,120.0,88.26192815602336,-0.3480854273052809,41.32732163258695,33.91308482515379,39.07724699828583,48.038688777840264,44.13096407801168,0.0,3.907724699828583,1225,False,
2.97326837369372,0.6437728373141592,6.913222751130483,42.80894027654623,"[{""power_percent"": 25, ""duration_minutes"": 45.053956883707826}]",WARM,0.7,120.0,122.84617165169252,6.818199614725717,43.479985892751806,46.80010084351965,46.875456746283184,76.11063150047458,61.42308582584626,10.0,4.687545674628319,1226,False,
0.7072000319903935,0.871190003038974,5.626641389534505,41.81943315390784,"[{""power_percent"": 25, ""duration_minutes"": 54.53893446564022}, {""power_percent"": 50, ""duration_minutes"": 54.53893446564022}, {""power_percent"": 75, ""duration_minutes"": 54.53893446564022}]",HOT,2.0,200.0,386.7666961466953,5.800886790575256,6.891160150057901,36.79905871362908,51.42380006077948,228.52572807942562,193.38334807334766,30.0,5.142380006077948,1227,False,
1.430792832211249,0.49357311988820973,2.0165011694031807,43.50371872036607,[],WARM,0.7,120.0,132.38809594133227,1.9222917684369274,34.30792832211249,38.55587977746488,43.87146239776419,70.58119421044255,66.19404797066613,0.0,4.38714623977642,1228,False,
0.8500533431748969,0.20336160542646542,2.3053106443970113,41.81943315390784,"[{""power_percent"": 25, ""duration_minutes"": 57.86996017334043}, {""power_percent"": 50, ""duration_minutes"": 57.86996017334043}, {""power_percent"": 75, ""duration_minutes"": 57.86996017334043}]",HOT,2.0,200.0,361.11522468886494,2.483834990113484,7.820039405747904,21.84266413831097,38.06723210852931,214.3643355552854,180.55761234443247,30.0,3.8067232108529314,1229,False,
0.9419745943826325,0.7766747679870181,6.926214669593785,33.66003937150716,"[{""power_percent"": 25, ""duration_minutes"": 19.393540320408924}, {""power_percent"": 50, ""duration_minutes"": 19.393540320408924}, {""power_percent"": 75, ""duration_minutes"": 19.393540320408924}]",WARM,0.7,120.0,242.0185962435723,6.910676543008747,14.510714895764986,44.02710792619498,49.53349535974036,155.9626476577602,121.00929812178614,30.0,4.953349535974036,1230,False,
0.5504102706989308,0.10451042648517266,3.914871518120807,17.30172098794678,"[{""power_percent"": 25, ""duration_minutes"": 33.39440407501738}, {""power_percent"": 50, ""duration_minutes"": 33.39440407501738}, {""power_percent"": 75, ""duration_minutes"": 33.39440407501738}]",HOT,2.0,200.0,376.39771287500685,3.8848486454455826,8.4949420957367,26.078371787312122,36.09020852970345,221.80787729047375,188.19885643750342,30.0,3.6090208529703456,1231,False,
2.5160128909924366,0.31637285924511716,0.7322921674696148,20.444553985992854,[],WARM,0.7,120.0,80.25150270734521,0.4563189757458744,45.16012890992437,33.86105864588063,40.32745718490234,44.15849707216284,40.125751353672605,0.0,4.032745718490235,1232,False,
2.3642440622322156,0.7339016238124838,0.7552326138824053,29.411398618094356,"[{""power_percent"": 25, ""duration_minutes"": 11.244519248737129}, {""power_percent"": 50, ""duration_minutes"": 11.244519248737129}, {""power_percent"": 75, ""duration_minutes"": 11.244519248737129}]",WARM,0.7,120.0,120.50220381911856,0.6328648008478942,29.955762735011586,31.905277981128275,48.678032476249676,95.11890515718424,60.25110190955928,30.0,4.867803247624968,1233,False,
2.379013984034995,0.38258746717910025,3.514480880716784,41.819589085011046,"[{""power_percent"": 25, ""duration_minutes"": 8.680599450560713}, {""power_percent"": 50, ""duration_minutes"": 8.680599450560713}, {""power_percent"": 75, ""duration_minutes"": 8.680599450560713}]",HOT,2.0,200.0,100.13900685018672,3.4842796542171333,30.488049922765846,30.838757417032312,41.651749343582004,84.23467835945156,50.06950342509336,30.0,4.165174934358201,1234,False,
1.660158272607859,0.7135455993713478,4.516158785470122,9.455286189804161,"[{""power_percent"": 25, ""duration_minutes"": 13.255875461399297}, {""power_percent"": 50, ""duration_minutes"": 13.255875461399297}]",HOT,2.0,200.0,118.20116787720657,4.30099592262743,27.27599517993866,38.799512235712456,48.270911987426956,83.92767513734599,59.100583938603286,20.0,4.827091198742696,1235,False,
0.9968704245025872,0.1874507854062359,1.0407255780263758,41.81943315390784,"[{""power_percent"": 25, ""duration_minutes"": 54.07843684310923}, {""power_percent"": 50, ""duration_minutes"": 54.07843684310923}, {""power_percent"": 75, ""duration_minutes"": 54.07843684310923}]",WARM,0.7,120.0,339.7520505487387,1.176002670499047,9.856938718559487,22.063801265047747,37.749015708124716,203.6509268451818,169.87602527436934,30.0,3.774901570812472,1237,False,
2.655531079925906,0.431226612475166,0.7787100496531976,9.80712751383011,"[{""power_percent"": 25, ""duration_minutes"": 10.087203682540196}, {""power_percent"": 50, ""duration_minutes"": 10.087203682540196}]",WARM,0.7,120.0,94.10242188477298,0.4935059789042223,37.54659043100504,30.726907228055975,42.62453224950332,71.31366416733682,47.05121094238649,20.0,4.262453224950332,1239,False,
0.5796824851265323,0.11854387415637771,1.5126016704591856,32.52669841563145,"[{""power_percent"": 25, ""duration_minutes"": 59.54111081313547}, {""power_percent"": 50, ""duration_minutes"": 59.54111081313547}, {""power_percent"": 75, ""duration_minutes"": 59.54111081313547}]",HOT,2.0,200.0,445.6436883324844,1.6511978939873198,4.865658229295004,21.038623175775967,36.37087748312755,256.45893191455497,222.8218441662422,30.0,3.637087748312755,1240,False,
0.5572158266436484,0.17825601081163722,6.9636656668765955,43.51041746233786,"[{""power_percent"": 25, ""duration_minutes"": 54.201593357609354}, {""power_percent"": 50, ""duration_minutes"": 54.201593357609354}, {""power_percent"": 75, ""duration_minutes"": 54.201593357609354}]",HOT,2.0,200.0,443.3534177640647,7.153044318657704,5.44191926279508,31.18826006130799,37.56512021623274,255.43322090365564,221.67670888203236,30.0,3.7565120216232746,1241,False,
1.5448839916772714,0.8035394275766925,6.9824012277966,37.61857404650692,[],WARM,0.7,120.0,122.88024133350577,6.848317312408549,35.44883991677271,52.207275586513504,50.07078855153385,66.44719952190627,61.44012066675288,0.0,5.007078855153385,1242,False,
0.8908578455380182,0.9807388414529489,5.524492531094759,14.449677245124704,[],HOT,2.0,200.0,171.21193521214522,5.303556280743986,28.908578455380184,48.8178511596249,53.614776829058975,90.96744528897851,85.60596760607261,0.0,5.361477682905898,1243,False,
0.904853012371698,0.8398338617582382,0.3913665214516473,7.512129928114918,"[{""power_percent"": 25, ""duration_minutes"": 15.287085356767008}, {""power_percent"": 50, ""duration_minutes"": 15.287085356767008}, {""power_percent"": 75, ""duration_minutes"": 15.287085356767008}]",WARM,0.7,120.0,228.3876757646189,-0.0918935634042301,14.755467320201928,33.31943561608653,50.796677235164765,149.27350560582593,114.19383788230945,30.0,5.079667723516477,1244,False,
1.2211223228138777,0.8141044332757756,6.608605819592103,33.686618101065015,[],WARM,0.7,120.0,147.44380208274904,6.463880635285937,32.21122322813878,51.58646483849351,50.28208866551551,78.75010990792607,73.72190104137452,0.0,5.028208866551552,1245,False,
1.8259503886027306,0.13583174159626948,6.8492618547341,23.608438216293255,[],HOT,2.0,200.0,87.73153230098643,6.64587446848775,38.259503886027304,41.32850460862343,36.71663483192539,47.537429633685754,43.865766150493215,0.0,3.671663483192539,1246,False,
0.6299963232065277,0.3642061348894057,2.1238512406801844,46.987784309793696,"[{""power_percent"": 25, ""duration_minutes"": 1.1961958448519812}, {""power_percent"": 50, ""duration_minutes"": 1.1961958448519812}, {""power_percent"": 75, ""duration_minutes"": 1.1961958448519812}]",WARM,0.7,120.0,270.281550497536,2.1461666811452416,14.120533855337477,31.11051847399656,41.28412269778811,169.2691875185468,135.140775248768,30.0,4.128412269778812,1247,False,
1.7386617449905941,0.8245751453421317,1.089582103895409,23.55426871030297,[],HOT,2.0,200.0,91.83953096335468,0.889361246357603,37.38661744990594,41.71573753631476,50.49150290684263,50.9689157723616,45.91976548167734,0.0,5.049150290684263,1248,False,
1.430792832211249,0.9983085789368328,5.506401368367943,42.39237073924158,[],HOT,2.0,200.0,116.0546915469949,5.431523879514942,34.30792832211249,48.992505683977875,53.966171578736656,63.423962931371115,58.02734577349745,0.0,5.396617157873666,1249,False,
2.6963156638526073,0.11681981124064725,2.519901093135498,43.012198116403496,"[{""power_percent"": 25, ""duration_minutes"": 26.900533531742955}, {""power_percent"": 50, ""duration_minutes"": 26.900533531742955}, {""power_percent"": 75, ""duration_minutes"": 26.900533531742955}]",HOT,2.0,200.0,147.73672855994135,2.5388232558750436,30.928076608764627,24.020591903301895,36.336396224812944,107.50200390245197,73.86836427997068,30.0,3.6336396224812946,1250,False,
1.03530680192177,0.29159233804703644,5.633195651381376,33.558297130441154,[],WARM,0.7,120.0,169.45207767034373,5.495133162087151,30.3530680192177,43.36549935932719,39.83184676094073,88.70922351126593,84.72603883517186,0.0,3.983184676094073,1251,False,
0.5572158266436484,0.17877934612579963,6.7630779520895,43.51041746233786,"[{""power_percent"": 25, ""duration_minutes"": 43.79168744591631}, {""power_percent"": 50, ""duration_minutes"": 43.79168744591631}, {""power_percent"": 75, ""duration_minutes"": 43.79168744591631}]",HOT,2.0,200.0,412.1237000289856,6.921226886135529,7.003405149549038,31.73025618755613,37.575586922515996,239.81940870674438,206.0618500144928,30.0,3.7575586922515996,1252,False,
1.1933722383749918,0.7050646754480725,6.341684451910751,41.14535989916305,"[{""power_percent"": 25, ""duration_minutes"": 54.6843401731791}, {""power_percent"": 50, ""duration_minutes"": 54.6843401731791}]",HOT,2.0,200.0,245.9065144565226,6.418190402117087,18.465288366432006,39.863084598807625,48.10129350896145,147.76338657915744,122.9532572282613,20.0,4.810129350896145,1253,False,
2.9821763234991137,0.7418249555939889,6.933410313022446,35.36483486728187,[],WARM,0.7,120.0,75.4082871916085,6.728312269286171,49.82176323499114,51.368720093172755,48.836499111879775,42.58779350699223,37.70414359580425,0.0,4.883649911187978,1254,False,
2.730488148236396,0.10508035345741923,3.6886491751043446,9.81647018325387,"[{""power_percent"": 25, ""duration_minutes"": 10.1593880194255}, {""power_percent"": 50, ""duration_minutes"": 10.1593880194255}, {""power_percent"": 75, ""duration_minutes"": 10.1593880194255}]",HOT,2.0,200.0,86.8583371511152,3.4568066343326884,33.78097327945014,27.723917669949422,36.101607069148386,77.03932928247244,43.4291685755576,30.0,3.6101607069148387,1255,False,
0.6362685376963173,0.10451042648517266,3.914871518120807,15.559289268348344,[],HOT,2.0,200.0,238.91730308236674,3.7107765122230445,26.362685376963174,35.08386815406369,36.09020852970345,123.06767239415372,119.45865154118337,0.0,3.6090208529703456,1256,False,
2.5508045654084412,0.15747259338889708,6.610444436773905,41.81943315390784,"[{""power_percent"": 25, ""duration_minutes"": 54.07843684310923}, {""power_percent"": 50, ""duration_minutes"": 54.07843684310923}, {""power_percent"": 75, ""duration_minutes"": 54.07843684310923}]",WARM,0.7,120.0,248.08611598564136,6.68356416361034,25.396280127618027,32.84350067833475,37.14945186777794,157.75800317959846,124.04305799282068,30.0,3.7149451867777943,1257,False,
2.0826787408497793,0.2557232091184211,6.486270690427126,47.00560103341458,"[{""power_percent"": 25, ""duration_minutes"": 45.928258710609626}, {""power_percent"": 50, ""duration_minutes"": 45.928258710609626}, {""power_percent"": 75, ""duration_minutes"": 45.928258710609626}]",WARM,0.7,120.0,238.40908626847582,6.584781923125449,21.93754860190635,34.507676606320445,39.11446418236842,153.11598955247476,119.20454313423791,30.0,3.9114464182368422,1258,False,
1.4298489560950354,0.31712256676242656,0.7322921674696148,20.444553985992854,[],WARM,0.7,120.0,125.53955181812746,0.49976553314177047,34.29848956095036,33.87005513608835,40.342451335248526,66.80402104258859,62.76977590906373,0.0,4.034245133524853,1259,False,
0.9837137767307316,0.7051779257146926,1.0789013925464936,38.42057627371908,"[{""power_percent"": 25, ""duration_minutes"": 13.91394008843643}, {""power_percent"": 50, ""duration_minutes"": 13.91394008843643}]",WARM,0.7,120.0,206.33743140356063,1.0399041792964516,20.44574375846367,34.38510148836311,48.10355851429385,127.9790715532097,103.16871570178031,20.0,4.810355851429385,1260,False,
0.8170221130357753,0.20921572135727595,5.645856219353502,16.429814959446226,"[{""power_percent"": 25, ""duration_minutes"": 54.59130924419035}, {""power_percent"": 50, ""duration_minutes"": 54.59130924419035}, {""power_percent"": 75, ""duration_minutes"": 54.59130924419035}]",HOT,2.0,200.0,350.79643426323776,5.663528152321319,7.981524743729199,28.88908326301718,38.184314427145516,209.21664857433342,175.39821713161888,30.0,3.8184314427145516,1261,False,
2.9410250063139673,0.5702939806701504,1.446138811141587,42.956592339634796,"[{""power_percent"": 25, ""duration_minutes"": 9.541030206785388}]",WARM,0.7,120.0,87.93063443445207,1.3177783951336222,44.9331985528004,36.049574484121415,45.40587961340301,58.50590517856634,43.96531721722604,10.0,4.540587961340301,1262,False,
0.5393614726487022,0.5839438095173257,4.225073238733479,46.95706956213499,"[{""power_percent"": 25, ""duration_minutes"": 55.224023008681996}, {""power_percent"": 50, ""duration_minutes"": 55.224023008681996}, {""power_percent"": 75, ""duration_minutes"": 55.224023008681996}]",WARM,0.7,120.0,472.3658170947688,4.412913266226387,5.110011275184723,33.08731012089349,45.678876190346514,270.75079616641904,236.1829085473844,30.0,4.567887619034652,1263,False,
0.5070890680856692,0.18790092461194685,6.922827579406496,41.81943315390784,"[{""power_percent"": 25, ""duration_minutes"": 52.63416631721231}, {""power_percent"": 50, ""duration_minutes"": 52.63416631721231}, {""power_percent"": 75, ""duration_minutes"": 52.63416631721231}]",HOT,2.0,200.0,464.7543508384332,7.099363114558153,5.175765733274845,31.36339128560725,37.75801849223893,266.1529772684405,232.3771754192166,30.0,3.7758018492238934,1264,False,
0.6425942814970966,0.902637313181359,2.349071282239821,43.19696497225274,"[{""power_percent"": 25, ""duration_minutes"": 55.00173210915251}, {""power_percent"": 50, ""duration_minutes"": 55.00173210915251}]",WARM,0.7,120.0,370.8913350096441,2.434552765031759,12.925769604055715,36.8296863961068,52.05274626362718,210.65094213118476,185.44566750482204,20.0,5.205274626362718,1265,False,
1.8636421912808987,0.38736584188153367,3.2273539410954464,29.263835801184314,[],WARM,0.7,120.0,103.76670393150923,3.0303912682513165,38.636421912808984,39.7030979847693,41.74731683763067,56.058083649517684,51.88335196575461,0.0,4.174731683763067,1266,False,
2.6727419069187746,0.13141042871994113,1.540503075383043,32.19390436163814,"[{""power_percent"": 25, ""duration_minutes"": 6.49632873153686}, {""power_percent"": 50, ""duration_minutes"": 6.49632873153686}, {""power_percent"": 75, ""duration_minutes"": 6.49632873153686}]",HOT,2.0,200.0,83.76929919276668,1.434245811470732,33.752969759457216,25.911249408034887,36.628208574398826,75.54747045382322,41.88464959638334,30.0,3.6628208574398826,1267,False,
2.9644771732873982,0.29570938923109036,5.977141736838901,9.963103474038732,"[{""power_percent"": 25, ""duration_minutes"": 50.938450910101686}, {""power_percent"": 50, ""duration_minutes"": 50.938450910101686}]",HOT,2.0,200.0,153.96497437432635,5.78821817257184,36.55092664186382,34.44648908984478,39.9141877846218,100.97390596562535,76.98248718716317,20.0,3.9914187784621804,1268,False,
2.6449732708022364,0.5344451335970573,6.608605819592103,33.686618101065015,[],HOT,2.0,200.0,65.31733357732898,6.432926597366404,46.44973270802237,45.630553242348896,44.68890267194114,37.1275570558586,32.65866678866449,0.0,4.468890267194115,1269,False,
1.8331973820265033,0.9897862832729831,6.433922476315591,46.347606381384786,[],WARM,0.7,120.0,110.22853143095298,6.340680219322839,38.331973820265034,53.34528035190698,53.79572566545966,60.49383828202246,55.11426571547649,0.0,5.379572566545967,1270,False,
0.653220551888334,0.1298421869714772,1.6683434130433716,32.65472975753849,"[{""power_percent"": 25, ""duration_minutes"": 51.349449473498716}, {""power_percent"": 50, ""duration_minutes"": 51.349449473498716}, {""power_percent"": 75, ""duration_minutes"": 51.349449473498716}]",WARM,0.7,120.0,407.97624413822166,1.7541913179335658,6.829788097858529,22.873342617129584,36.596843739429545,237.64780644305378,203.98812206911083,30.0,3.6596843739429548,1271,False,
1.8259503886027306,0.23629020864956424,1.061895596295627,23.781111569280952,"[{""power_percent"": 25, ""duration_minutes"": 27.637499672880367}]",HOT,2.0,200.0,115.4208339797631,0.9071817498400837,32.877628902383286,31.882566321017105,38.72580417299128,71.58299740718068,57.71041698988155,10.0,3.8725804172991283,1272,False,
1.544434917410645,0.9821841185739688,6.9235998272819845,37.61857404650692,[],WARM,0.7,120.0,122.90847348290659,6.789533874864599,35.44434917410645,54.23340907745159,53.64368237147937,66.81860497860123,61.45423674145329,0.0,5.3643682371479375,1273,False,
0.5158219971211275,0.1872225835306862,1.5843733198352807,41.41420939106403,"[{""power_percent"": 25, ""duration_minutes"": 53.33006489507279}, {""power_percent"": 50, ""duration_minutes"": 53.33006489507279}, {""power_percent"": 75, ""duration_minutes"": 53.33006489507279}]",WARM,0.7,120.0,477.7124475789018,1.7342158909820384,5.1587102369503555,23.21571180148224,37.74445167061373,272.6306689565123,238.8562237894509,30.0,3.774445167061373,1274,False,
1.0041008342435593,0.8398338617582382,0.3913665214516473,10.199426293709383,"[{""power_percent"": 25, ""duration_minutes"": 9.326653725246626}, {""power_percent"": 50, ""duration_minutes"": 9.326653725246626}, {""power_percent"": 75, ""duration_minutes"": 9.326653725246626}]",WARM,0.7,120.0,194.9271761513285,-0.09762099298009892,16.6420102836486,33.85587446292336,50.796677235164765,132.5432557991807,97.46358807566425,30.0,5.079667723516477,1275,False,
2.62713380806061,0.18847672530814508,1.398658106494843,9.525847201228725,"[{""power_percent"": 25, ""duration_minutes"": 41.04545436929191}, {""power_percent"": 50, ""duration_minutes"": 41.04545436929191}, {""power_percent"": 75, ""duration_minutes"": 41.04545436929191}]",HOT,2.0,200.0,181.5905618953767,1.2618642004876666,28.114519925212313,23.770313597471784,37.7695345061629,124.57223439830464,90.79528094768835,30.0,3.77695345061629,1276,False,
0.6356126675334395,0.1231277996272501,1.6816652423113618,41.819433676052306,"[{""power_percent"": 25, ""duration_minutes"": 33.293810249578044}, {""power_percent"": 50, ""duration_minutes"": 33.293810249578044}, {""power_percent"": 75, ""duration_minutes"": 33.293810249578044}]",HOT,2.0,200.0,346.9200401995299,1.7950387684150724,9.362055137897688,23.117760188442254,36.462555992545,207.10627569901945,173.46002009976496,30.0,3.6462555992545003,1277,False,
1.657827021636494,0.8912204399943418,5.605224663427194,42.146081186722576,[],HOT,2.0,200.0,101.62371040102175,5.519788069682069,36.57827021636494,47.90509460678649,51.82440879988683,55.99429608049956,50.81185520051088,0.0,5.182440879988683,1278,False,
2.9644771732873982,0.3051033826124991,5.977141736838901,9.963103474038732,"[{""power_percent"": 25, ""duration_minutes"": 50.84136558885085}, {""power_percent"": 50, ""duration_minutes"": 50.84136558885085}]",HOT,2.0,200.0,153.77080373182466,5.7880240019293385,36.5606351739889,34.565042129696735,40.10206765224998,100.89560863113732,76.88540186591233,20.0,4.010206765224998,1279,False,
1.2111948794569918,0.9915597730657392,6.5267264908087474,11.466563577882221,[],WARM,0.7,120.0,141.78461417890594,6.24907807709776,32.11194879456992,53.55217025840636,53.831195461314785,76.27542663558445,70.89230708945297,0.0,5.3831195461314785,1280,False,
2.959832315040963,0.8188680661418007,5.044203583658486,44.05622603387238,[],HOT,2.0,200.0,62.395414441923876,4.918147647260081,49.598323150409634,45.914823961018584,50.377361322836016,36.23544335324554,31.197707220961938,0.0,5.037736132283602,1281,False,
0.9070249404307091,0.8560284300493317,0.5743822899526345,10.8618392175693,[],WARM,0.7,120.0,183.13437916949974,0.20527232764082193,29.07024940430709,40.52357658068671,51.12056860098663,96.67924644484853,91.56718958474987,0.0,5.112056860098663,1282,False,
2.9925858545855903,0.17901839976942674,6.866713907799085,34.88149017384194,[],WARM,0.7,120.0,75.08832228539023,6.658299414658712,49.9258585458559,44.48164861283129,37.580367995388535,41.302197942233974,37.54416114269512,0.0,3.7580367995388535,1283,False,
1.458584625776778,0.28306527607942894,5.980508882213959,10.559693958918677,[],HOT,2.0,200.0,104.5073302884787,5.713523660936399,34.585846257767784,41.35780107738107,39.66130552158858,56.21979569639821,52.25366514423935,0.0,3.9661305521588583,1284,False,
2.7577966889345333,0.27787285493727176,5.408565780265948,16.02861980396598,[],HOT,2.0,200.0,57.699832620781706,5.122425631532362,47.57796688934533,40.15160581977916,39.55745709874543,32.805662020265395,28.849916310390853,0.0,3.9557457098745434,1285,False,
2.089482679222813,0.25056407431149696,0.2666316869088572,6.0026406761283795,"[{""power_percent"": 25, ""duration_minutes"": 43.330833561240375}]",WARM,0.7,120.0,131.4197298204345,-0.31560094264204464,34.72828511416611,30.57358051108304,39.01128148622994,79.61099305884024,65.70986491021725,10.0,3.9011281486229943,1286,False,
0.590928272944282,0.11132584783776911,1.4757614886678145,31.907691566772453,"[{""power_percent"": 25, ""duration_minutes"": 6.49632873153686}, {""power_percent"": 50, ""duration_minutes"": 6.49632873153686}, {""power_percent"": 75, ""duration_minutes"": 6.49632873153686}]",HOT,2.0,200.0,281.3992074483738,1.451059493345289,12.93483341971229,25.79971761087928,36.22651695675538,174.32225541986242,140.6996037241869,30.0,3.6226516956755384,1287,False,
1.3322067811082272,0.7039085354424018,2.7154105605444814,34.500144566009304,"[{""power_percent"": 25, ""duration_minutes"": 34.03395926326766}, {""power_percent"": 50, ""duration_minutes"": 34.03395926326766}]",HOT,2.0,200.0,189.51309511973983,2.7051910752227437,21.918671884755504,33.835685990601725,48.078170708848035,119.56436463075472,94.75654755986992,20.0,4.807817070884804,1288,False,
0.8230942363791696,0.32502880186314104,5.902759754581158,9.570859376986858,"[{""power_percent"": 25, ""duration_minutes"": 52.46305091199359}, {""power_percent"": 50, ""duration_minutes"": 52.46305091199359}, {""power_percent"": 75, ""duration_minutes"": 52.46305091199359}]",WARM,0.7,120.0,356.9995678293624,5.846650294123891,8.361484726992657,33.584190549440585,40.50057603726282,212.54984151840748,178.4997839146812,30.0,4.050057603726282,1289,False,
0.653448038724608,0.8850701132648044,1.1569088552419586,12.24709790308209,[],WARM,0.7,120.0,247.72566386289157,0.9062535211114668,26.53448038724608,41.53465906966157,51.70140226529609,129.0329721579754,123.86283193144578,0.0,5.170140226529609,1290,False,
1.442220648188073,0.43983703833473586,4.099747308281379,43.4974732163573,"[{""power_percent"": 25, ""duration_minutes"": 10.079450602894216}, {""power_percent"": 50, ""duration_minutes"": 10.079450602894216}]",WARM,0.7,120.0,151.7144200108253,4.065202222857788,25.414261421591306,37.47277204040593,42.79674076669472,100.13688408208212,75.85721000541265,20.0,4.279674076669472,1291,False,
0.8056230739240372,0.21818640215340968,6.767747884703605,32.47444166761683,"[{""power_percent"": 25, ""duration_minutes"": 28.747317955351377}, {""power_percent"": 50, ""duration_minutes"": 28.747317955351377}, {""power_percent"": 75, ""duration_minutes"": 28.747317955351377}]",WARM,0.7,120.0,296.67557712639456,6.778611565618397,11.744133045937666,36.1664739792665,38.36372804306819,182.1741613675041,148.33778856319728,30.0,3.8363728043068193,1292,False,
0.5213176520649496,0.20336160542646542,1.665679268555101,10.453963980652501,"[{""power_percent"": 25, ""duration_minutes"": 52.30324930592614}, {""power_percent"": 50, ""duration_minutes"": 52.30324930592614}, {""power_percent"": 75, ""duration_minutes"": 52.30324930592614}]",WARM,0.7,120.0,462.2783770281117,1.6264600942741962,5.3676891247605765,23.66440536469443,38.06723210852931,264.9459117249088,231.13918851405586,30.0,3.8067232108529314,1293,False,
0.9837137767307316,0.7051779257146926,6.81542260974099,38.015781079395296,"[{""power_percent"": 25, ""duration_minutes"": 55.077904933951615}, {""power_percent"": 50, ""duration_minutes"": 55.077904933951615}]",HOT,2.0,200.0,272.54392253629385,6.8823245550160355,16.329347273912152,40.78830603202119,48.10355851429385,161.08231711957632,136.27196126814692,20.0,4.810355851429385,1294,False,
2.7577966889345333,0.2803022295559676,5.078525899656983,16.02861980396598,[],WARM,0.7,120.0,73.6998326207817,4.766385750923396,47.57796688934533,42.12067855398558,39.60604459111935,40.81052076950279,36.84991631039085,0.0,3.960604459111935,1295,False,
0.7213662604592719,0.9058701146720616,1.5646101667558034,31.599261003475874,"[{""power_percent"": 25, ""duration_minutes"": 50.99212046057635}, {""power_percent"": 50, ""duration_minutes"": 50.99212046057635}, {""power_percent"": 75, ""duration_minutes"": 50.99212046057635}]",WARM,0.7,120.0,384.8948917731449,1.640327443740017,7.564844535506268,32.010370868124475,52.11740229344123,227.65918611591655,192.44744588657244,30.0,5.211740229344123,1296,False,
2.1073325007790387,0.6590766065275693,0.47996540230216134,42.26631190846733,"[{""power_percent"": 25, ""duration_minutes"": 57.015275970704856}]",HOT,2.0,200.0,139.3752039917946,0.35428524969250863,34.22256120925515,37.23853019460535,47.18153213055138,84.40575520895243,69.6876019958973,10.0,4.718153213055138,1297,False,
2.117248262589205,0.9231405427773207,6.8538196950054076,42.09726828819979,[],HOT,2.0,200.0,81.9758556971239,6.749713374231038,41.17248262589205,50.78532590333866,52.462810855546415,46.234208934116594,40.98792784856195,0.0,5.246281085554642,1298,False,
0.613074539267381,0.11854387415637771,1.5126016704591856,32.52669841563145,"[{""power_percent"": 25, ""duration_minutes"": 0.48176008910505175}, {""power_percent"": 50, ""duration_minutes"": 0.48176008910505175}, {""power_percent"": 75, ""duration_minutes"": 0.48176008910505175}]",HOT,2.0,200.0,254.37174426615184,1.4726841596495943,14.058481379308052,26.353964740938704,36.37087748312755,160.82295988138867,127.18587213307592,30.0,3.637087748312755,1299,False,
0.5950890296516845,0.11597862014925514,2.1956063767489886,46.987784309793696,"[{""power_percent"": 25, ""duration_minutes"": 2.772420970191823}, {""power_percent"": 50, ""duration_minutes"": 2.772420970191823}, {""power_percent"": 75, ""duration_minutes"": 2.772420970191823}]",WARM,0.7,120.0,288.9767224183853,2.224046784332259,13.535027150988073,28.133438307971776,36.3195724029851,178.12031844949115,144.48836120919265,30.0,3.6319572402985103,1300,False,
2.912472485134833,0.2388665204857004,1.248631231249321,42.80894027654623,"[{""power_percent"": 25, ""duration_minutes"": 45.053956883707826}]",WARM,0.7,120.0,123.89927144323421,1.1560399303869129,42.87202700716294,30.612042001815812,38.777330409714004,75.8273687625885,61.949635721617106,10.0,3.8777330409714006,1301,False,
0.8580794884401687,0.10446775607281959,1.5261359570331186,31.580650120005295,"[{""power_percent"": 25, ""duration_minutes"": 52.12769145196715}, {""power_percent"": 50, ""duration_minutes"": 52.12769145196715}, {""power_percent"": 75, ""duration_minutes"": 52.12769145196715}]",HOT,2.0,200.0,339.1662492367336,1.6256797525714453,8.761641166606616,21.50984892813056,36.08935512145639,203.19206013051246,169.5831246183668,30.0,3.6089355121456395,1302,False,
1.5184087726310254,0.8100828549909911,6.02154416984611,37.61857404650692,[],WARM,0.7,120.0,124.57319956682046,5.8885192632199095,35.18408772631025,50.364082599584115,50.20165709981982,67.30676549339222,62.28659978341023,0.0,5.020165709981982,1303,False,
1.6357038261465773,0.9394064125281482,5.506401368367943,42.39542194846489,[],HOT,2.0,200.0,102.92226975163585,5.423345747012868,36.357038261465775,48.28567968707366,52.78812825056296,56.739947700874225,51.461134875817926,0.0,5.2788128250562965,1304,False,
1.703692255247244,0.9508603235737206,6.98935996127766,36.856932251965034,[],WARM,0.7,120.0,113.60114957026167,6.844353864579559,37.03692255247244,53.98904380543996,53.01720647147441,62.102295432278275,56.800574785130834,0.0,5.301720647147441,1305,False,
1.4298489560950354,0.17290571634718294,6.858658262824212,8.545634205759082,[],WARM,0.7,120.0,121.96987588405733,6.554738109814965,34.29848956095036,44.39218512181462,37.45811432694366,64.73074937472303,60.984937942028665,0.0,3.745811432694366,1306,False,
2.954527169266578,0.4044437132327839,1.724684809763462,39.86630231828516,"[{""power_percent"": 25, ""duration_minutes"": 32.2607085093008}]",WARM,0.7,120.0,109.490144179807,1.5999622454118108,43.932236267200736,33.9348729230413,42.08887426465568,68.95395951636907,54.7450720899035,10.0,4.2088874264655685,1307,False,
2.7136660355380995,0.7584528552486636,2.7154105605444814,46.965471378451696,"[{""power_percent"": 25, ""duration_minutes"": 6.0466997533509055}, {""power_percent"": 50, ""duration_minutes"": 6.0466997533509055}]",HOT,2.0,200.0,79.95881842402885,2.6687501469003694,38.531990380045904,36.16945339887187,49.16905710497327,64.89631492251175,39.979409212014424,20.0,4.9169057104973275,1308,False,
1.8636421912808987,0.8423217347937805,0.5743822899526345,9.961562906177209,"[{""power_percent"": 25, ""duration_minutes"": 50.131669348350115}, {""power_percent"": 50, ""duration_minutes"": 50.131669348350115}]",WARM,0.7,120.0,198.23936075970732,0.30186931843516207,25.62325497797397,33.351196076719084,50.84643469587561,124.20432384944122,99.11968037985366,20.0,5.0846434695875615,1309,False,
0.8943712452681857,0.8308028171305402,5.887063234094404,7.173044757780614,"[{""power_percent"": 25, ""duration_minutes"": 26.245204803685557}, {""power_percent"": 50, ""duration_minutes"": 26.245204803685557}, {""power_percent"": 75, ""duration_minutes"": 26.245204803685557}]",HOT,2.0,200.0,247.103116631746,5.761062267241416,13.006931732129024,39.38169184142359,50.616056342610804,158.61316395013407,123.551558315873,30.0,5.061605634261081,1310,False,
1.5890901759202356,0.23641287543029682,1.1221477585474167,24.520921373430475,"[{""power_percent"": 25, ""duration_minutes"": 43.46804787725181}]",HOT,2.0,200.0,143.71796051771943,0.9971777276284419,29.717499365339766,31.288617551751173,38.728257508605935,85.73180600972032,71.85898025885972,10.0,3.872825750860594,1312,False,
0.5213176520649496,0.1874507854062359,3.358009920402273,33.828116466119376,"[{""power_percent"": 25, ""duration_minutes"": 54.07843684310923}, {""power_percent"": 50, ""duration_minutes"": 54.07843684310923}, {""power_percent"": 75, ""duration_minutes"": 54.07843684310923}]",WARM,0.7,120.0,474.61618538530104,3.464361223645719,5.101410994183112,26.698369949799538,37.749015708124716,271.082994263463,237.30809269265052,30.0,3.774901570812472,1313,False,
2.9408857077132398,0.8813761431263669,3.379202543906966,42.65537798935146,"[{""power_percent"": 25, ""duration_minutes"": 9.541030206785388}]",HOT,2.0,200.0,71.84268593032454,3.2750404137413307,44.93180556679312,41.048687899126776,51.627522862527336,51.084095251415,35.92134296516227,10.0,5.162752286252734,1314,False,
1.2508205153441077,0.5640682628104207,6.000809514723642,22.54850122118102,"[{""power_percent"": 25, ""duration_minutes"": 25.9330161970857}, {""power_percent"": 50, ""duration_minutes"": 25.9330161970857}, {""power_percent"": 75, ""duration_minutes"": 25.9330161970857}]",HOT,2.0,200.0,202.9848811559084,5.95186675002822,16.61825272387822,36.43646672543462,45.28136525620841,136.02057710357505,101.4924405779542,30.0,4.528136525620841,1315,False,
0.85506868943586,0.1169779793129751,1.9262569559685556,42.83449908184322,"[{""power_percent"": 25, ""duration_minutes"": 42.731081730529816}, {""power_percent"": 50, ""duration_minutes"": 42.731081730529816}, {""power_percent"": 75, ""duration_minutes"": 42.731081730529816}]",HOT,2.0,200.0,314.9680980621575,2.06525444807377,10.141024634779129,21.705424484070903,36.3395595862595,191.1180049897047,157.48404903107874,30.0,3.63395595862595,1316,False,
1.316125704538612,0.11246898852479048,3.2617872757537527,33.9429751377742,"[{""power_percent"": 25, ""duration_minutes"": 52.2819205038669}, {""power_percent"": 50, ""duration_minutes"": 52.2819205038669}, {""power_percent"": 75, ""duration_minutes"": 52.2819205038669}]",HOT,2.0,200.0,279.4995304538196,3.3576458599104537,13.318968969806086,23.16782956845697,36.24937977049581,173.37470320395937,139.7497652269098,30.0,3.624937977049581,1317,False,
0.8126345586580784,0.21841460402895943,0.583012384357495,37.98765509443973,"[{""power_percent"": 25, ""duration_minutes"": 29.945022687406063}, {""power_percent"": 50, ""duration_minutes"": 29.945022687406063}, {""power_percent"": 75, ""duration_minutes"": 29.945022687406063}]",WARM,0.7,120.0,300.3161799935504,0.5302680006400284,11.634592183469877,24.159898437765975,38.36829208057919,183.9949192048331,150.1580899967752,30.0,3.836829208057919,1318,False,
2.6929956025770876,0.1008626810235531,3.7107029760031747,43.547481700037316,"[{""power_percent"": 25, ""duration_minutes"": 10.153120793798813}]",HOT,2.0,200.0,77.41741912359942,3.622421162894114,42.42229998608094,32.32716450047502,36.01725362047106,52.31043492384681,38.70870956179971,10.0,3.601725362047106,1319,False,
2.7385519336025164,0.24983180551959586,1.665679268555101,41.81958856286658,"[{""power_percent"": 25, ""duration_minutes"": 59.20657378186938}, {""power_percent"": 50, ""duration_minutes"": 59.20657378186938}, {""power_percent"": 75, ""duration_minutes"": 59.20657378186938}]",HOT,2.0,200.0,243.43907077049596,1.7726744439338078,26.504533268744755,22.338031488756698,38.99663611039192,155.61919899628717,121.71953538524798,30.0,3.899663611039192,1320,False,
1.0126976319311662,0.14555672354329469,3.2962411828523,33.9429751377742,"[{""power_percent"": 25, ""duration_minutes"": 52.2819205038669}, {""power_percent"": 50, ""duration_minutes"": 52.2819205038669}, {""power_percent"": 75, ""duration_minutes"": 52.2819205038669}]",WARM,0.7,120.0,329.64789050651996,3.3782368899132993,10.284688243731626,26.23379020287612,36.91113447086589,198.51505870034657,164.82394525325998,30.0,3.691113447086589,1321,False,
1.1717849853817826,0.18231806705805909,2.205289295294969,39.31285942302006,"[{""power_percent"": 25, ""duration_minutes"": 48.37014673299537}, {""power_percent"": 50, ""duration_minutes"": 48.37014673299537}, {""power_percent"": 75, ""duration_minutes"": 48.37014673299537}]",HOT,2.0,200.0,283.41413077786933,2.3274054926168044,12.462327843868518,22.24508218931706,37.64636134116118,175.4717015230508,141.70706538893467,30.0,3.7646361341161185,1322,False,
2.6354599004660524,0.46914949142695,6.955645507134482,11.585255351708428,[],HOT,2.0,200.0,58.89163894949816,6.64773864322609,46.35459900466052,45.54108491139236,43.382989828538996,33.78411845760298,29.44581947474908,0.0,4.3382989828539,1323,False,
2.662379837826602,0.7713517640545702,6.789616251748849,42.84852686513315,"[{""power_percent"": 25, ""duration_minutes"": 50.395010300110044}, {""power_percent"": 50, ""duration_minutes"": 50.395010300110044}, {""power_percent"": 75, ""duration_minutes"": 50.395010300110044}]",HOT,2.0,200.0,218.88015985393548,6.879397250326913,27.06454683324951,38.299902745142646,49.427035281091406,144.3827834550769,109.44007992696774,30.0,4.942703528109141,1324,False,
1.8164547217609206,0.41252405190420743,5.235408233891018,30.36010158709985,"[{""power_percent"": 25, ""duration_minutes"": 1.8001110200091972}, {""power_percent"": 50, ""duration_minutes"": 1.8001110200091972}, {""power_percent"": 75, ""duration_minutes"": 1.8001110200091972}]",HOT,2.0,200.0,95.58680504808575,5.138310987603207,25.894530564607823,35.25909509883169,42.250481038084146,82.0184506278513,47.793402524042875,30.0,4.2250481038084144,1325,False,
1.5448839916772714,0.8035394275766925,6.976043962253692,12.305856275286564,[],WARM,0.7,120.0,115.28642600213965,6.690083740238318,35.44883991677271,52.19456105542769,50.07078855153385,62.65029185622321,57.643213001069824,0.0,5.007078855153385,1326,False,
0.5070890680856692,0.18804545686004515,6.982841959578491,41.81943315390784,"[{""power_percent"": 25, ""duration_minutes"": 54.18443473453843}, {""power_percent"": 50, ""duration_minutes"": 54.18443473453843}, {""power_percent"": 75, ""duration_minutes"": 54.18443473453843}]",HOT,2.0,200.0,469.40515609041154,7.164028299982125,4.943225470675928,31.34563027536906,37.7609091372009,268.4786689589259,234.70257804520577,30.0,3.7760909137200898,1327,False,
2.9188456527823865,0.9983085789368328,5.528592394999381,41.80157526078159,[],HOT,2.0,200.0,62.43065138300021,5.390648020452775,49.18845652782387,49.036887737240754,53.966171578736656,36.61194284937377,31.215325691500105,0.0,5.396617157873666,1328,False,
1.03530680192177,0.37472580842068776,1.6665857879869308,37.27532325100308,[],WARM,0.7,120.0,170.56718550651232,1.5508254554160787,30.3530680192177,36.42988127702211,41.49451616841375,89.43304437009753,85.28359275325616,0.0,4.149451616841375,1329,False,
1.4094477708562623,0.6540876305115593,4.161598608241412,42.484030752565516,"[{""power_percent"": 25, ""duration_minutes"": 56.51866352441242}]",WARM,0.7,120.0,190.18853289127588,4.138643545446967,27.268544532342,41.07668887688916,47.081752610231185,109.80244170666106,95.09426644563794,10.0,4.7081752610231185,1330,False,
0.9393589151290619,0.4841521905961054,6.14778364711395,41.986082754506626,[],WARM,0.7,120.0,186.77919779928104,6.064125787035827,29.39358915129062,46.705393581381166,43.683043811922104,97.75790328083272,93.38959889964052,0.0,4.36830438119221,1331,False,
0.726996882496463,0.7856250126246379,1.061895596295627,23.603463232523296,"[{""power_percent"": 25, ""duration_minutes"": 43.46804787725181}]",HOT,2.0,200.0,255.37734438355994,0.96590454826816,21.096566431102037,37.99966752258685,49.71250025249276,142.65992221702925,127.68867219177997,10.0,4.971250025249276,1332,False,
2.1370234240066317,0.4387861160323567,6.053246134442833,17.729647549781596,"[{""power_percent"": 25, ""duration_minutes"": 50.72192688263256}, {""power_percent"": 50, ""duration_minutes"": 50.72192688263256}, {""power_percent"": 75, ""duration_minutes"": 50.72192688263256}]",HOT,2.0,200.0,226.17576328133032,6.014308863429155,21.76194520767143,32.80695224183702,42.775722320647134,147.36545387272986,113.08788164066516,30.0,4.277572232064713,1333,False,
2.6440883925092864,0.49357311988820973,2.045010690023096,43.50435666285019,[],WARM,0.7,120.0,84.28163433017674,1.902273294299826,46.44088392509286,38.61289881870471,43.87146239776419,46.52796340486479,42.14081716508837,0.0,4.38714623977642,1334,False,
1.4888722377427341,0.6576315346301892,0.5528312590600986,15.088263089641073,[],WARM,0.7,120.0,119.7738743027465,0.1858059480882356,34.88872237742734,38.18591589744207,47.152630692603786,64.60220022063363,59.88693715137325,0.0,4.715263069260379,1335,False,
0.5070890680856692,0.1874507854062359,1.3187222762718869,42.2242283482293,"[{""power_percent"": 25, ""duration_minutes"": 12.986059964887968}, {""power_percent"": 50, ""duration_minutes"": 12.986059964887968}, {""power_percent"": 75, ""duration_minutes"": 12.986059964887968}]",WARM,0.7,120.0,361.9314703397566,1.3527422635324997,11.122981686123497,26.31810858057868,37.749015708124716,214.74063674069075,180.9657351698783,30.0,3.774901570812472,1337,False,
1.430792832211249,0.4911437458289907,2.054771136914348,43.50371872036607,[],HOT,2.0,200.0,116.38809594133225,1.9865617359480947,34.30792832211249,36.00326722377658,43.82287491657981,62.57633546232411,58.194047970666126,0.0,4.382287491657982,1338,False,
0.5906913475201264,0.13885743810752968,5.902759754581158,9.570859376986858,"[{""power_percent"": 25, ""duration_minutes"": 7.972633197448438}, {""power_percent"": 50, ""duration_minutes"": 7.972633197448438}, {""power_percent"": 75, ""duration_minutes"": 7.972633197448438}]",WARM,0.7,120.0,295.2288852002337,5.7224751565346175,12.711018495583998,35.35427177868231,36.777148762150595,181.2921574763319,147.61444260011686,30.0,3.6777148762150595,1339,False,
1.426114819159461,0.2538623499142916,4.363758141742803,6.792762979098374,[],WARM,0.7,120.0,121.71870071750638,4.049470126851015,34.261148191594614,40.37386448245711,39.07724699828583,64.76707505858177,60.85935035875319,0.0,3.907724699828583,1340,False,
2.7083109012649116,0.10073927680245534,3.7146113703273818,43.14755198385813,"[{""power_percent"": 25, ""duration_minutes"": 10.333431346881643}]",HOT,2.0,200.0,77.16277105961649,3.6234976775268155,42.566437445305034,32.328091121877776,36.014785536049104,52.18286408341316,38.581385529808244,10.0,3.6014785536049105,1341,False,
1.8333016750462825,0.38736584188153367,3.2273539410954464,29.263835801184314,[],WARM,0.7,120.0,105.098745432109,3.0316048889007012,38.333016750462825,39.7030979847693,41.74731683763067,56.72410439981756,52.5493727160545,0.0,4.174731683763067,1342,False,
0.8570892551758297,0.676297757950358,3.999670324486153,15.711241866743727,"[{""power_percent"": 25, ""duration_minutes"": 9.975578387803987}]",HOT,2.0,200.0,188.19989536717802,3.8176297838673867,24.072113632368094,39.81564639274248,47.52595515900716,108.85254319948973,94.09994768358901,10.0,4.752595515900716,1343,False,
0.7278197404885458,0.660736979582814,6.663801051709854,21.662672019713728,"[{""power_percent"": 25, ""duration_minutes"": 43.46804787725181}]",HOT,2.0,200.0,254.56183654591467,6.556132342085845,21.104795011022865,43.95240442209592,47.214739591656276,142.00239223212296,127.28091827295734,10.0,4.721473959165627,1344,False,
0.5631111799989479,0.611414641029977,1.6528053855141787,32.469045178000236,"[{""power_percent"": 25, ""duration_minutes"": 59.55231484984473}, {""power_percent"": 50, ""duration_minutes"": 59.55231484984473}, {""power_percent"": 75, ""duration_minutes"": 59.55231484984473}]",HOT,2.0,200.0,453.27489465554584,1.7917521539317565,4.69826457251277,26.67165658484534,46.22829282059954,261.2602766098329,226.63744732777292,30.0,4.622829282059954,1345,False,
2.9652221367913985,0.2765230903169401,6.9538142738769615,9.963103474038732,[],WARM,0.7,120.0,68.07536034841925,6.596984009249537,49.65222136791398,45.825905631557205,39.5304618063388,37.9907263548435,34.037680174209626,0.0,3.95304618063388,1346,False,
1.4304831595121712,0.9988589313021702,5.628824440241442,42.14302997749926,[],HOT,2.0,200.0,116.00258455290724,5.552463293725951,34.30483159512171,49.24395605610892,53.977178626043404,63.39901013905796,58.00129227645362,0.0,5.397717862604341,1347,False,
1.1926475036794155,0.6973827318531419,2.7154105605444814,42.93116484237212,"[{""power_percent"": 25, ""duration_minutes"": 54.6843401731791}, {""power_percent"": 50, ""duration_minutes"": 54.6843401731791}]",HOT,2.0,200.0,246.51863640096826,2.802660329797896,18.458041019476244,32.51835349293592,47.94765463706284,148.05408366419041,123.25931820048413,20.0,4.794765463706284,1348,False,
1.2099992280851477,0.6201567103755314,6.529458869673481,6.042716332912558,"[{""power_percent"": 25, ""duration_minutes"": 47.31826308271844}, {""power_percent"": 50, ""duration_minutes"": 47.31826308271844}]",WARM,0.7,120.0,234.916362298356,6.353951724712986,19.368165972579636,42.26170247889023,46.403134207510625,142.09849456992907,117.458181149178,20.0,4.640313420751062,1349,False,
2.9987661217594352,0.32323532976422603,0.6686888923765326,21.464163919663637,[],WARM,0.7,120.0,70.9598222748082,0.279523231024137,49.98766121759435,33.94144617241764,40.46470659528452,39.526381796932554,35.4799111374041,0.0,4.046470659528452,1350,False,
0.994931849503349,0.5719368181769569,3.652603964727854,42.956592339634796,"[{""power_percent"": 25, ""duration_minutes"": 9.520387511754123}]",HOT,2.0,200.0,171.67146033722224,3.628066632297283,25.47329911944578,37.882838122226566,45.438736363539135,100.37960380496503,85.83573016861112,10.0,4.543873636353914,1351,False,
1.1342167545564865,0.41442650254482366,4.128256826861103,45.34196617978277,"[{""power_percent"": 25, ""duration_minutes"": 52.33090027003498}, {""power_percent"": 50, ""duration_minutes"": 52.33090027003498}, {""power_percent"": 75, ""duration_minutes"": 52.33090027003498}]",HOT,2.0,200.0,301.34514449260064,4.299932654567645,11.492532505059618,28.519850659956937,42.28853005089647,184.90142525138998,150.67257224630032,30.0,4.228853005089647,1352,False,
2.9644771732873982,0.26934538004825004,5.977141736838901,10.863379785430821,[],HOT,2.0,200.0,52.3581554475406,5.651742928619989,49.644771732873984,41.18642803425681,39.386907600965,30.117768483866797,26.1790777237703,0.0,3.9386907600965007,1353,False,
0.904853012371698,0.6843063489802195,0.37825099188453093,20.070371434807303,"[{""power_percent"": 25, ""duration_minutes"": 14.637914016282366}, {""power_percent"": 50, ""duration_minutes"": 14.637914016282366}, {""power_percent"": 75, ""duration_minutes"": 14.637914016282366}]",WARM,0.7,120.0,230.2076341951727,-0.0316071579526461,14.852843021274625,31.537761942528157,47.68612697960439,149.8724297955468,115.10381709758634,30.0,4.768612697960439,1354,False,
2.6448227368897763,0.3767318998205209,6.593150214698423,29.980677890694,[],HOT,2.0,200.0,64.20877932264445,6.395241372566995,46.44822736889776,43.707083227243096,41.53463799641042,36.25785346096326,32.10438966132222,0.0,4.153463799641042,1355,False,
2.9821763234991137,0.7418249555939889,6.933806931356368,34.44737672607159,[],WARM,0.7,120.0,75.1330497492454,6.723204138772831,49.82176323499114,51.3695133298406,48.836499111879775,42.45017478581068,37.5665248746227,0.0,4.883649911187978,1356,False,
1.035130495964782,0.11246898852479048,1.4881507004274266,42.05169618176336,"[{""power_percent"": 25, ""duration_minutes"": 52.2819205038669}, {""power_percent"": 50, ""duration_minutes"": 52.2819205038669}, {""power_percent"": 75, ""duration_minutes"": 52.2819205038669}]",HOT,2.0,200.0,312.8705359947055,1.6439014191910164,10.509016884067783,21.66795361609461,36.24937977049581,190.06020597440232,156.43526799735275,30.0,3.624937977049581,1357,False,
1.7440715284002484,0.8245751453421317,1.18024841814753,23.55426871030297,[],WARM,0.7,120.0,107.57192749019327,0.9538111692733378,37.440715284002486,40.85539858040064,50.49150290684263,58.835114035780904,53.78596374509664,0.0,5.049150290684263,1358,False,
0.9536861850340356,0.5155585834287103,6.511432461353258,47.00560103341458,"[{""power_percent"": 25, ""duration_minutes"": 0.3539938278779715}, {""power_percent"": 50, ""duration_minutes"": 0.3539938278779715}, {""power_percent"": 75, ""duration_minutes"": 0.3539938278779715}]",WARM,0.7,120.0,186.94810436388042,6.518380601636016,17.48376277615866,41.77770847934202,44.311171668574204,127.90516934879763,93.47405218194021,30.0,4.431117166857421,1359,False,
1.430792832211249,0.49357311988820973,2.08751728874724,22.6828140320757,[],WARM,0.7,120.0,126.14182453484514,1.8683824596512444,34.30792832211249,38.697912016153,43.87146239776419,67.45805850719898,63.07091226742257,0.0,4.38714623977642,1360,False,
0.5070890680856692,0.18688348041336597,6.982841959578491,41.81943315390784,"[{""power_percent"": 25, ""duration_minutes"": 54.18443473453843}, {""power_percent"": 50, ""duration_minutes"": 54.18443473453843}, {""power_percent"": 75, ""duration_minutes"": 54.18443473453843}]",HOT,2.0,200.0,469.40515609041154,7.164028299982125,4.943225470675928,31.33168655800891,37.73766960826732,268.4763450060325,234.70257804520577,30.0,3.773766960826732,1361,False,
0.8591119221074529,0.10308618136986497,1.6668656607463728,31.522996882374088,[],HOT,2.0,200.0,182.55580304923734,1.5496391651563195,28.59111922107453,31.903302854945633,36.0617236273973,94.8840738873584,91.27790152461867,0.0,3.60617236273973,1362,False,
1.0622053382844252,0.7050646754480725,2.9394585429897138,42.93116484237212,"[{""power_percent"": 25, ""duration_minutes"": 55.08433189936271}, {""power_percent"": 50, ""duration_minutes"": 55.08433189936271}]",HOT,2.0,200.0,262.76364698405035,3.032725982311295,17.11362019290798,33.034633277394526,48.10129350896145,156.19195284292132,131.38182349202518,20.0,4.810129350896145,1363,False,
1.2508205153441077,0.5157862574478846,6.464467400542912,43.36926232596341,"[{""power_percent"": 25, ""duration_minutes"": 42.990031794117854}, {""power_percent"": 50, ""duration_minutes"": 42.990031794117854}, {""power_percent"": 75, ""duration_minutes"": 42.990031794117854}]",HOT,2.0,200.0,260.40215627843963,6.59162024926728,14.059700384323396,35.24926702898983,44.31572514895769,164.6326506541156,130.20107813921982,30.0,4.431572514895769,1364,False,
2.957368908377939,0.2836325811992563,6.002699908845441,9.963103474038732,[],HOT,2.0,200.0,52.20969150434557,5.672183773354556,49.573689083779385,41.40899079208195,39.672651623985125,30.072110914571297,26.104845752172785,0.0,3.9672651623985127,1365,False,
1.2218453799924374,0.8656719416950998,6.273427665349122,33.686618101065015,"[{""power_percent"": 25, ""duration_minutes"": 32.32915651399501}, {""power_percent"": 50, ""duration_minutes"": 32.32915651399501}, {""power_percent"": 75, ""duration_minutes"": 32.32915651399501}]",WARM,0.7,120.0,244.3585793131016,6.285661028297798,15.369080322825123,42.6252945447799,51.313438833902,157.310633539941,122.1792896565508,30.0,5.1313438833902,1366,False,
2.13606975724671,0.25629444166283966,1.1235033608760205,17.729647549781596,[],HOT,2.0,200.0,74.04132005000936,0.8724384558848417,41.3606975724671,34.82852657820203,39.125888833256795,40.93324890833036,37.02066002500468,0.0,3.9125888833256797,1367,False,
0.8511275414879793,0.20201302284511774,1.665678046444766,41.985427252068895,"[{""power_percent"": 25, ""duration_minutes"": 57.924039866482595}, {""power_percent"": 50, ""duration_minutes"": 57.924039866482595}, {""power_percent"": 75, ""duration_minutes"": 57.924039866482595}]",HOT,2.0,200.0,361.1045544677097,1.8453176278971082,7.822669434907404,21.87963659326844,38.04026045690236,214.3563032795451,180.55227723385485,30.0,3.804026045690236,1368,False,
0.5593599423008351,0.23629020864956424,1.1073592813437583,45.60894394309842,"[{""power_percent"": 25, ""duration_minutes"": 27.637499672880367}]",HOT,2.0,200.0,307.98382607809657,1.1342760469831956,20.211724439364332,31.791638950920845,38.72580417299128,167.86449345634742,153.99191303904828,10.0,3.8725804172991283,1369,False,
0.961474567083112,0.23680648934444198,6.296352182051301,10.003336153790926,"[{""power_percent"": 25, ""duration_minutes"": 52.47141126564221}, {""power_percent"": 50, ""duration_minutes"": 52.47141126564221}, {""power_percent"": 75, ""duration_minutes"": 52.47141126564221}]",WARM,0.7,120.0,330.9256015683844,6.237327450087647,9.744033980984788,33.31195522232811,38.73612978688884,199.3364137628811,165.4628007841922,30.0,3.873612978688884,1370,False,
1.5415977880241738,0.9736639972352589,6.98903181928774,37.60749709311884,[],WARM,0.7,120.0,123.08389367184172,6.855012890325485,35.41597788024174,54.26203160539858,53.473279944705176,66.88927483039137,61.54194683592086,0.0,5.347327994470518,1371,False,
0.590928272944282,0.10826499500101172,1.5646101667558034,9.8303938036162,[],HOT,2.0,200.0,255.28703192481635,1.3279553986597297,25.90928272944282,32.169959606500534,36.16529990002023,131.2600459524102,127.64351596240817,0.0,3.6165299900020234,1372,False,
0.5796824851265323,0.11616886356573664,1.3900628355395495,32.52669841563145,"[{""power_percent"": 25, ""duration_minutes"": 59.54111081313547}, {""power_percent"": 50, ""duration_minutes"": 59.54111081313547}, {""power_percent"": 75, ""duration_minutes"": 59.54111081313547}]",HOT,2.0,200.0,445.6436883324844,1.5286590590676834,4.865658229295004,21.255200718527547,36.32337727131473,256.4541818933737,222.8218441662422,30.0,3.6323377271314734,1373,False,
2.6548542121382894,0.3257808615112683,5.890197334156327,43.00475133561504,"[{""power_percent"": 25, ""duration_minutes"": 50.14105241235916}, {""power_percent"": 50, ""duration_minutes"": 50.14105241235916}]",HOT,2.0,200.0,168.18380783544382,5.910313778509204,33.53443688014698,34.681301861706324,40.51561723022537,108.14346564074444,84.09190391772191,20.0,4.0515617230225365,1374,False,
1.2111948794569918,0.951985428072202,6.469058615213009,11.466563577882221,[],WARM,0.7,120.0,141.78461417890594,6.191410201502022,32.11194879456992,52.961942367292444,53.03970856144404,76.19627794559737,70.89230708945297,0.0,5.303970856144404,1375,False,
0.6484203580293132,0.2565747200005274,2.9164224510235046,29.97737624467226,"[{""power_percent"": 25, ""duration_minutes"": 53.193297983026234}, {""power_percent"": 50, ""duration_minutes"": 53.193297983026234}, {""power_percent"": 75, ""duration_minutes"": 53.193297983026234}]",HOT,2.0,200.0,398.40452346072686,3.0179297881194445,6.505208882839195,24.124344723580975,39.131494400010546,233.1154111703645,199.20226173036343,30.0,3.913149440001055,1376,False,
0.9483197446247522,0.4065575306733089,5.2094196631724525,30.36010158709985,"[{""power_percent"": 25, ""duration_minutes"": 59.55231484984473}, {""power_percent"": 50, ""duration_minutes"": 59.55231484984473}, {""power_percent"": 75, ""duration_minutes"": 59.55231484984473}]",HOT,2.0,200.0,344.4394735007061,5.320304427459594,8.550350218770813,29.937821357938585,42.131150613466176,206.43285181169966,172.21973675035304,30.0,4.213115061346618,1377,False,
1.5890901759202356,0.23641287543029682,1.1221477585474167,24.520921373430475,"[{""power_percent"": 25, ""duration_minutes"": 13.185936236065293}]",HOT,2.0,200.0,113.4358488765329,0.9668956159872555,31.23160494739909,32.19708090098677,38.728257508605935,70.59075018912705,56.71792443826645,10.0,3.872825750860594,1378,False,
0.5572158266436484,0.17877934612579963,6.961157680078147,43.51041746233786,"[{""power_percent"": 25, ""duration_minutes"": 43.79168744591631}, {""power_percent"": 50, ""duration_minutes"": 43.79168744591631}, {""power_percent"": 75, ""duration_minutes"": 43.79168744591631}]",WARM,0.7,120.0,428.1237000289856,7.093306614124176,7.003405149549038,34.72641564353342,37.575586922515996,247.81940870674438,214.0618500144928,30.0,3.7575586922515996,1379,False,
0.7998984166267676,0.8543956124537767,0.7266580704448244,40.87457371263404,[],HOT,2.0,200.0,198.28618374047323,0.6679095760555579,27.998984166267675,42.799431208555674,51.087912249075536,104.25188309514417,99.14309187023662,0.0,5.108791224907554,1380,False,
2.6052130108295404,0.5279481475185416,6.79858524540486,11.581010180632195,[],WARM,0.7,120.0,75.55116889067558,6.465862786055471,46.0521301082954,48.53254826103222,44.55896295037083,42.23148074037488,37.77558444533779,0.0,4.455896295037083,1381,False,
0.6431206532996082,0.5733482530241198,2.815575313868868,11.213364135170249,"[{""power_percent"": 25, ""duration_minutes"": 44.00037591040743}, {""power_percent"": 50, ""duration_minutes"": 44.00037591040743}, {""power_percent"": 75, ""duration_minutes"": 44.00037591040743}]",HOT,2.0,200.0,367.1028649632581,2.7771318002791276,7.831150146434968,28.55129583209051,45.466965060482394,218.0981289876773,183.55143248162906,30.0,4.54669650604824,1382,False,
2.9408857077132398,0.881451896029198,3.294976724089162,42.69088683601965,"[{""power_percent"": 25, ""duration_minutes"": 9.541030206785388}]",HOT,2.0,200.0,71.85333858432499,3.191027647003536,44.93180556679312,40.88114529432513,51.62903792058396,51.08957308422089,35.926669292162494,10.0,5.162903792058397,1383,False,
0.5480894317242102,0.694272258037953,1.1921555553550323,32.52669841563145,"[{""power_percent"": 25, ""duration_minutes"": 54.69297634944605}, {""power_percent"": 50, ""duration_minutes"": 54.69297634944605}, {""power_percent"": 75, ""duration_minutes"": 54.69297634944605}]",HOT,2.0,200.0,446.01490300325145,1.3174710976281907,5.276947864825196,29.024588114295224,47.88544516075906,257.7959960177016,223.00745150162572,30.0,4.788544516075906,1384,False,
0.8084000015413173,0.6973827318531419,2.7154105605444814,41.8565056752405,"[{""power_percent"": 25, ""duration_minutes"": 35.360988294669944}, {""power_percent"": 50, ""duration_minutes"": 35.360988294669944}]",HOT,2.0,200.0,267.33063501383924,2.7729355711236114,16.54790118594618,33.67775460564647,47.94765463706284,158.4600829706259,133.66531750691962,20.0,4.794765463706284,1385,False,
1.4306267740712932,0.4425894847943372,4.029594331973859,43.48889920624859,[],HOT,2.0,200.0,116.39581890307818,3.961302656248499,34.30626774071293,39.37026248147977,42.851789695886744,62.48308842112776,58.19790945153909,0.0,4.285178969588674,1386,False,
1.0578315172826402,0.4148365038544277,5.367799309331637,5.061008943810347,"[{""power_percent"": 25, ""duration_minutes"": 30.80623436022576}, {""power_percent"": 50, ""duration_minutes"": 30.80623436022576}, {""power_percent"": 75, ""duration_minutes"": 30.80623436022576}]",HOT,2.0,200.0,234.2365244483462,5.236270805383871,13.957380018792536,32.94107557249609,42.296730077088554,151.34793523188196,117.1182622241731,30.0,4.229673007708856,1387,False,
0.6408060658962004,0.3834699050127054,3.2273539410954464,29.263835801184314,"[{""power_percent"": 25, ""duration_minutes"": 34.71017678445444}, {""power_percent"": 50, ""duration_minutes"": 34.71017678445444}, {""power_percent"": 75, ""duration_minutes"": 34.71017678445444}]",WARM,0.7,120.0,361.48986226400336,3.243435243620068,9.201534141293838,30.53243083174246,41.66939810025411,214.9118709420271,180.74493113200168,30.0,4.1669398100254105,1388,False,
0.9536861850340356,0.6450853113228027,6.486270690427126,46.789339152077055,"[{""power_percent"": 25, ""duration_minutes"": 0.41562521052584955}]",WARM,0.7,120.0,186.2368695263711,6.451274903148752,25.516080589814063,47.30109636041211,46.90170622645605,107.80860538583116,93.11843476318555,10.0,4.6901706226456055,1389,False,
1.035129692955248,0.37142753280934254,1.6665857879869308,37.27532325100308,"[{""power_percent"": 25, ""duration_minutes"": 31.946853822372212}]",WARM,0.7,120.0,202.53882884068614,1.6027793935971117,24.75395423843387,33.43189635501481,41.42855065618685,115.41226948596176,101.26941442034307,10.0,4.1428550656186856,1390,False,
1.4739827419265323,0.32323532976422603,6.762778830721504,21.651821434099265,[],WARM,0.7,120.0,122.76064566330916,6.535730449649037,34.739827419265325,46.00438161861372,40.46470659528452,65.42679349118303,61.38032283165458,0.0,4.046470659528452,1391,False,
1.0616972741829651,0.37142753280934254,1.6665857879869308,37.27532325100308,"[{""power_percent"": 25, ""duration_minutes"": 32.24004413962202}]",WARM,0.7,120.0,199.20585210878494,1.602009880665253,25.004970534848546,33.423100645497314,41.42855065618685,113.74578112001116,99.60292605439247,10.0,4.1428550656186856,1392,False,
1.442220648188073,0.43983703833473586,4.099747308281379,45.13825175774349,"[{""power_percent"": 25, ""duration_minutes"": 10.079450602894216}, {""power_percent"": 50, ""duration_minutes"": 10.079450602894216}]",WARM,0.7,120.0,152.20665357324117,4.075046894106106,25.414261421591306,37.47277204040593,42.79674076669472,100.38300086329005,76.10332678662058,20.0,4.279674076669472,1393,False,
0.9106301588352845,0.1872225835306862,1.5827514716360116,31.644166389925658,"[{""power_percent"": 25, ""duration_minutes"": 53.33006489507279}, {""power_percent"": 50, ""duration_minutes"": 53.33006489507279}, {""power_percent"": 75, ""duration_minutes"": 53.33006489507279}]",WARM,0.7,120.0,348.7045430027292,1.6581814583073728,9.106791854091927,23.212468105083705,37.74445167061373,208.12671666842598,174.3522715013646,30.0,3.774445167061373,1394,False,
1.704078714312662,0.923612126526635,6.98935996127766,29.379158466075076,[],WARM,0.7,120.0,111.33785038210368,6.799471763501603,37.04078714312662,53.66206544087494,52.4722425305327,60.91614944410511,55.66892519105184,0.0,5.24722425305327,1395,False,
0.597724873950122,0.611414641029977,1.250080059977361,32.469045178000236,"[{""power_percent"": 25, ""duration_minutes"": 59.55231484984473}, {""power_percent"": 50, ""duration_minutes"": 59.55231484984473}, {""power_percent"": 75, ""duration_minutes"": 59.55231484984473}]",HOT,2.0,200.0,437.8492355547987,1.3876422806368915,5.0444015120245105,27.477107235918975,46.22829282059954,253.54744705945933,218.92461777739936,30.0,4.622829282059954,1396,False,
1.0222700023309925,0.6741737646081206,4.07142546012779,33.58008550011572,"[{""power_percent"": 25, ""duration_minutes"": 9.975578387803987}]",HOT,2.0,200.0,165.28187599922674,3.9899907514230484,25.723921103919725,39.93366874391891,47.48347529216241,97.38928552882962,82.64093799961337,10.0,4.748347529216241,1397,False,
1.1926475036794155,0.6973827318531419,5.712516110415385,42.93116484237212,"[{""power_percent"": 25, ""duration_minutes"": 54.6843401731791}, {""power_percent"": 50, ""duration_minutes"": 54.6843401731791}]",HOT,2.0,200.0,246.51863640096826,5.799765879668799,18.458041019476244,38.512564592677734,47.94765463706284,148.05408366419041,123.25931820048413,20.0,4.794765463706284,1398,False,
0.6431206532996082,0.5302466733037552,3.0278897221637946,11.577760237381604,"[{""power_percent"": 25, ""duration_minutes"": 52.16887012409206}, {""power_percent"": 50, ""duration_minutes"": 52.16887012409206}, {""power_percent"": 75, ""duration_minutes"": 52.16887012409206}]",HOT,2.0,200.0,391.7176664349754,3.016138067828376,6.605876014382273,27.72354121280437,44.6049334660751,230.3193265640952,195.8588332174877,30.0,4.46049334660751,1399,False,
0.5613369933899608,0.8393034547047663,1.5195219514385792,32.32534685793448,"[{""power_percent"": 25, ""duration_minutes"": 52.358583690168054}, {""power_percent"": 50, ""duration_minutes"": 52.358583690168054}, {""power_percent"": 75, ""duration_minutes"": 52.358583690168054}]",HOT,2.0,200.0,432.492515394051,1.636096303921092,5.7595823803744,30.320325021464907,50.786069094095325,251.32486460643503,216.2462576970255,30.0,5.078606909409533,1400,False,
2.6637603482759307,0.7339016238124838,6.982031105131872,44.03218489584248,"[{""power_percent"": 25, ""duration_minutes"": 9.768745037089428}, {""power_percent"": 50, ""duration_minutes"": 9.768745037089428}, {""power_percent"": 75, ""duration_minutes"": 9.768745037089428}]",WARM,0.7,120.0,113.32726262108497,6.930980035687157,33.17229172719589,44.4916946426755,48.678032476249676,91.53143455816745,56.663631310542485,30.0,4.867803247624968,1401,False,
2.796519664525043,0.6330519947539366,6.971617988954206,43.01862966701036,"[{""power_percent"": 25, ""duration_minutes"": 47.6075504182628}]",WARM,0.7,120.0,128.65123881139263,6.887476530793528,41.58481912433729,46.71163340240776,46.66103989507873,78.99172339520419,64.32561940569632,10.0,4.6661039895078735,1402,False,
0.9837137767307316,0.132895864374388,1.1709068589470149,38.42057627371908,"[{""power_percent"": 25, ""duration_minutes"": 13.959481937803224}, {""power_percent"": 50, ""duration_minutes"": 13.959481937803224}]",WARM,0.7,120.0,206.4285151022942,1.1320007293957066,20.44118957352699,27.69899517411849,36.65791728748776,126.88004927989587,103.2142575511471,20.0,3.6657917287487765,1403,False,
1.4298964921061734,0.13720062096107344,5.70970968028624,42.22791825346459,"[{""power_percent"": 25, ""duration_minutes"": 52.12769145196715}, {""power_percent"": 50, ""duration_minutes"": 52.12769145196715}, {""power_percent"": 75, ""duration_minutes"": 52.12769145196715}]",HOT,2.0,200.0,272.4541479139934,5.850264404478682,14.479811203266667,28.374334581428315,36.74401241922147,169.90147519891883,136.2270739569967,30.0,3.6744012419221472,1404,False,
0.8687749969405776,0.10460418787874648,4.108611508662399,40.55847489025981,"[{""power_percent"": 25, ""duration_minutes"": 33.61712517114755}, {""power_percent"": 50, ""duration_minutes"": 33.61712517114755}, {""power_percent"": 75, ""duration_minutes"": 33.61712517114755}]",HOT,2.0,200.0,284.17582054819394,4.206062733639778,11.645181193733642,26.44693200646648,36.092083757574926,175.69711864985447,142.08791027409697,30.0,3.609208375757493,1405,False,
2.776580806598276,0.13829318576422084,4.445728597085247,41.819589085011046,"[{""power_percent"": 25, ""duration_minutes"": 54.020918689821535}, {""power_percent"": 50, ""duration_minutes"": 54.020918689821535}, {""power_percent"": 75, ""duration_minutes"": 54.020918689821535}]",HOT,2.0,200.0,227.13191194590763,4.535645655400846,27.66267026250953,25.689092741257205,36.76586371528442,147.24254234448225,113.56595597295382,30.0,3.676586371528442,1407,False,
0.7211293331067583,0.9233461393832563,5.755573501093291,40.83764682975557,"[{""power_percent"": 25, ""duration_minutes"": 52.46305091199359}, {""power_percent"": 50, ""duration_minutes"": 52.46305091199359}, {""power_percent"": 75, ""duration_minutes"": 52.46305091199359}]",WARM,0.7,120.0,392.1475172417037,5.891143361483533,7.341835694268545,40.469626092706235,52.466922787665126,231.32045089961838,196.07375862085186,30.0,5.246692278766513,1408,False,
2.0591060978460254,0.2501522422918666,4.187072156661175,6.0026406761283795,"[{""power_percent"": 25, ""duration_minutes"": 43.330833561240375}]",WARM,0.7,120.0,132.4787705308837,3.906054590365345,34.42451930039824,36.67604621398753,39.00304484583733,80.13968975002558,66.23938526544185,10.0,3.9003044845837334,1409,False,
0.8345132017271824,0.20336160542646542,1.665679268555101,44.112842879654295,"[{""power_percent"": 25, ""duration_minutes"": 58.16078535504149}, {""power_percent"": 50, ""duration_minutes"": 58.16078535504149}, {""power_percent"": 75, ""duration_minutes"": 58.16078535504149}]",HOT,2.0,200.0,365.9617176753734,1.859458153829064,7.621014214015599,21.874510046053647,38.06723210852931,216.78758204853963,182.9808588376867,30.0,3.8067232108529314,1410,False,
2.769408272462938,0.12926641726407256,4.445728597085247,41.819431889720896,"[{""power_percent"": 25, ""duration_minutes"": 30.72043309314848}, {""power_percent"": 50, ""duration_minutes"": 30.72043309314848}, {""power_percent"": 75, ""duration_minutes"": 30.72043309314848}]",HOT,2.0,200.0,157.37032373947127,4.4660301568045,31.08601776065711,27.677815222956003,36.585328345281454,112.34369470426378,78.68516186973564,30.0,3.6585328345281454,1411,False,
1.544434917410645,0.9736639972352589,6.9824012277966,21.159755315626114,[],WARM,0.7,120.0,117.97082786364234,6.749582362993929,35.44434917410645,54.2487704224163,53.473279944705176,64.33274192629169,58.98541393182117,0.0,5.347327994470518,1412,False,
0.505646685685371,0.9226021928015818,6.125140481489178,33.6749233199037,"[{""power_percent"": 25, ""duration_minutes"": 13.260246949597045}]",HOT,2.0,200.0,318.5125473231007,6.068224400930783,20.393454509373857,46.92369986810942,52.452043856031636,174.5014780471535,159.25627366155035,10.0,5.245204385603164,1413,False,
0.5967890211209779,0.7638902311719059,1.5646101667558034,31.599261003475874,"[{""power_percent"": 25, ""duration_minutes"": 6.49632873153686}, {""power_percent"": 50, ""duration_minutes"": 6.49632873153686}, {""power_percent"": 75, ""duration_minutes"": 6.49632873153686}]",WARM,0.7,120.0,294.81387087553895,1.5118231581264303,12.993440901479248,34.311233521736156,49.277804623438115,182.33471590011328,147.40693543776948,30.0,4.9277804623438115,1414,False,
1.8640114577563656,0.6966965877618954,2.698371999307314,43.871425434938715,"[{""power_percent"": 25, ""duration_minutes"": 51.99761495104323}, {""power_percent"": 50, ""duration_minutes"": 51.99761495104323}, {""power_percent"": 75, ""duration_minutes"": 51.99761495104323}]",HOT,2.0,200.0,248.12588083979,2.8310329384598214,18.840472334907172,29.077317706163477,47.93393175523791,158.8563335954188,124.062940419895,30.0,4.793393175523791,1415,False,
2.8709288653270635,0.39809606852164087,2.9164224510235046,29.97737624467226,[],WARM,0.7,120.0,75.74111138861328,2.683449553878456,48.70928865327063,39.2099977243067,41.96192137043282,42.06674783134992,37.87055569430664,0.0,4.196192137043282,1416,False,
0.5308047809100048,0.11481399130618936,1.658741327176292,31.357002689542348,"[{""power_percent"": 25, ""duration_minutes"": 59.49820849519858}, {""power_percent"": 50, ""duration_minutes"": 59.49820849519858}, {""power_percent"": 75, ""duration_minutes"": 59.49820849519858}]",HOT,2.0,200.0,468.9914944984681,1.7921457775627416,4.383316534820262,20.705446476753814,36.29627982612379,268.1253752318464,234.49574724923406,30.0,3.6296279826123787,1417,False,
1.81493836891305,0.19565625354111565,4.198947408924709,25.12151568000627,"[{""power_percent"": 25, ""duration_minutes"": 25.3496706050612}, {""power_percent"": 50, ""duration_minutes"": 25.3496706050612}]",HOT,2.0,200.0,139.38323043270447,4.095778309458346,27.614416628624383,31.224789624039133,37.91312507082232,93.48292772343447,69.69161521635223,20.0,3.7913125070822318,1418,False,
0.7211293331067583,0.924208069955452,5.902759754581158,11.457309198401404,[],WARM,0.7,120.0,225.94426321631673,5.644658436447295,27.211293331067584,51.49601634862774,52.48416139910904,118.22054774806927,112.97213160815836,0.0,5.248416139910905,1419,False,
1.7065293846337153,0.91605451686814,6.982729369786502,35.98605101836858,[],WARM,0.7,120.0,113.19351068108453,6.832384500511363,37.065293846337156,53.558112941990686,52.3210903373628,61.828864374278545,56.596755340542266,0.0,5.23210903373628,1420,False,
2.957368908377939,0.2784888585125403,6.002699908845441,31.73313732006023,"[{""power_percent"": 25, ""duration_minutes"": 52.930920261393375}, {""power_percent"": 50, ""duration_minutes"": 52.930920261393375}]",WARM,0.7,120.0,180.60254218093877,5.9226658169534705,36.28059705764005,36.77141090415776,39.5697771702508,114.25824880749447,90.30127109046938,20.0,3.9569777170250804,1421,False,
1.7335173635584842,0.4185217219818436,5.484130424282801,5.061008943810347,"[{""power_percent"": 25, ""duration_minutes"": 58.95677897926686}, {""power_percent"": 50, ""duration_minutes"": 58.95677897926686}, {""power_percent"": 75, ""duration_minutes"": 58.95677897926686}]",HOT,2.0,200.0,263.41791423523824,5.410026120341124,16.491656788694815,30.68441140421371,42.370434439636874,165.94600056158282,131.70895711761912,30.0,4.237043443963688,1422,False,
0.8268016507723557,0.81811509272278,6.810279196641287,7.983789296431132,"[{""power_percent"": 25, ""duration_minutes"": 52.46305091199359}]",WARM,0.7,120.0,250.78017671107756,6.599572917300971,21.64486396212388,48.46404797859613,50.3623018544556,140.42631854098434,125.39008835553878,10.0,5.036230185445561,1423,False,
0.5453703173633202,0.6482649579915584,1.6528053855141787,33.11486066459204,"[{""power_percent"": 25, ""duration_minutes"": 59.55231484984473}, {""power_percent"": 50, ""duration_minutes"": 59.55231484984473}, {""power_percent"": 75, ""duration_minutes"": 59.55231484984473}]",HOT,2.0,200.0,462.1338743032841,1.7963366813567325,4.520855946156491,27.11386038838432,46.96529915983117,265.76346706762513,231.06693715164204,30.0,4.696529915983117,1424,False,
2.089482679222813,0.43979783030966885,0.2666316869088572,6.0026406761283795,[],WARM,0.7,120.0,88.08889625919412,-0.37893177620328505,40.89482679222813,36.14431058989831,42.79595660619338,48.32404379021639,44.04444812959706,0.0,4.279595660619338,1425,False,
0.5027292381651585,0.1872225835306862,1.5843733198352807,41.41420939106403,"[{""power_percent"": 25, ""duration_minutes"": 56.22036585213128}, {""power_percent"": 50, ""duration_minutes"": 56.22036585213128}, {""power_percent"": 75, ""duration_minutes"": 56.22036585213128}]",WARM,0.7,120.0,493.95670743811723,1.7434105042114525,4.594237503831893,22.955584715346976,37.74445167061373,280.75279888612,246.97835371905862,30.0,3.774445167061373,1426,False,
0.8667479108957032,0.6741737646081206,4.07142546012779,11.642274621954801,"[{""power_percent"": 25, ""duration_minutes"": 40.25792233016568}]",HOT,2.0,200.0,215.31130450544728,3.8948671137538557,22.65458299244875,39.02519842564806,47.48347529216241,122.40399978193989,107.65565225272364,10.0,4.748347529216241,1427,False,
0.9552636708919147,0.24786642885450902,1.6432825415888468,38.35577540574863,"[{""power_percent"": 25, ""duration_minutes"": 54.158205366456535}, {""power_percent"": 50, ""duration_minutes"": 54.158205366456535}, {""power_percent"": 75, ""duration_minutes"": 54.158205366456535}]",HOT,2.0,200.0,329.5060577838259,1.7856812632870318,9.428905903950666,22.813593580095326,38.95732857709018,198.64876174962197,164.75302889191295,30.0,3.8957328577090182,1428,False,
1.6935621262009493,0.10460418787874648,3.9574659962853493,10.549569627493915,"[{""power_percent"": 25, ""duration_minutes"": 43.52648503010932}, {""power_percent"": 50, ""duration_minutes"": 43.52648503010932}, {""power_percent"": 75, ""duration_minutes"": 43.52648503010932}]",WARM,0.7,120.0,236.81503601003192,3.845600384092603,18.40664850749309,27.85279859440582,36.092083757574926,152.01672638077346,118.40751800501596,30.0,3.609208375757493,1429,False,
2.919078039417102,0.15555120079718326,6.538298100942804,10.19335435732174,[],HOT,2.0,200.0,52.94409396039022,6.21069510551005,49.19078039417102,40.9432106114518,37.11102401594367,30.183149381789477,26.47204698019511,0.0,3.711102401594367,1430,False,
2.9410250063139673,0.52629583118731,4.0440345550661725,44.55699188653378,"[{""power_percent"": 25, ""duration_minutes"": 11.363349718510246}]",HOT,2.0,200.0,74.23307381024662,3.953098855851327,44.84208257721416,38.06271859282476,44.5259166237462,51.569128567497934,37.11653690512331,10.0,4.45259166237462,1431,False,
0.7072000319903935,0.871114250136143,5.710866637361911,41.78392430723965,"[{""power_percent"": 25, ""duration_minutes"": 54.53893446564022}, {""power_percent"": 50, ""duration_minutes"": 54.53893446564022}, {""power_percent"": 75, ""duration_minutes"": 54.53893446564022}]",HOT,2.0,200.0,386.75604349269486,5.884898985322653,6.891160150057901,36.966600174449916,51.42228500272286,228.52025024661972,193.37802174634743,30.0,5.142228500272286,1432,False,
0.9974852884699117,0.6241014180735737,6.944121600287922,38.015781079395296,"[{""power_percent"": 25, ""duration_minutes"": 52.1295809156137}, {""power_percent"": 50, ""duration_minutes"": 52.1295809156137}]",HOT,2.0,200.0,264.54205384205494,7.004576037056724,16.76189479313775,40.2496853625219,46.48202836147147,156.9192297571746,132.27102692102747,20.0,4.6482028361471475,1433,False,
2.993814749105417,0.12506782998368485,4.445728597085247,43.43507602083281,"[{""power_percent"": 25, ""duration_minutes"": 54.133109601901886}, {""power_percent"": 50, ""duration_minutes"": 54.133109601901886}, {""power_percent"": 75, ""duration_minutes"": 54.133109601901886}]",HOT,2.0,200.0,224.03315210669103,4.536985792051732,29.818181050768885,25.52029128980354,36.5013565996737,145.66671171331288,112.01657605334552,30.0,3.65013565996737,1434,False,
1.4420770336289508,0.9853884307919007,5.6989774029887865,41.60156771579626,"[{""power_percent"": 25, ""duration_minutes"": 10.228372108881018}, {""power_percent"": 50, ""duration_minutes"": 10.228372108881018}]",WARM,0.7,120.0,151.45384922123787,5.653360472156168,25.397933125401405,47.20891364894752,53.70776861583801,101.09770147220274,75.72692461061894,20.0,5.370776861583802,1435,False,
0.5070890680856692,0.18688348041336597,6.939493047580462,41.81943315390784,"[{""power_percent"": 25, ""duration_minutes"": 52.424779145561786}, {""power_percent"": 50, ""duration_minutes"": 52.424779145561786}, {""power_percent"": 75, ""duration_minutes"": 52.424779145561786}]",HOT,2.0,200.0,464.12618932348164,7.115400421217166,5.207173809022424,31.403357737020755,37.73766960826732,265.83686162256754,232.06309466174082,30.0,3.773766960826732,1436,False,
1.82882339831585,0.12733257128304087,1.6816652423113618,42.557368588869956,[],HOT,2.0,200.0,93.28715855968323,1.591856517911948,38.2882339831585,32.16466037077377,36.54665142566081,50.2982444224077,46.64357927984162,0.0,3.654665142566081,1437,False,
2.985575563794307,0.5649217367409375,6.967634490982581,43.02520211730882,"[{""power_percent"": 25, ""duration_minutes"": 45.05922136848386}, {""power_percent"": 50, ""duration_minutes"": 45.05922136848386}, {""power_percent"": 75, ""duration_minutes"": 45.05922136848386}]",WARM,0.7,120.0,212.82679350849952,7.003540345240111,31.09687243267049,39.25899989969286,45.29843473481875,140.94324022773162,106.41339675424976,30.0,4.529843473481875,1438,False,
1.2714596074681705,0.19171205588406517,2.205289295294969,34.89659264545404,"[{""power_percent"": 25, ""duration_minutes"": 51.4826936085885}, {""power_percent"": 50, ""duration_minutes"": 51.4826936085885}, {""power_percent"": 75, ""duration_minutes"": 51.4826936085885}]",HOT,2.0,200.0,281.3917069046836,2.306258547694732,12.992192033393433,22.07768083642575,37.8342411176813,174.47927756410994,140.6958534523418,30.0,3.7834241117681304,1439,False,
2.9787496627863876,0.5923232444795213,0.6417438853398871,12.678972134300826,[],WARM,0.7,120.0,68.66039058480199,0.20066773163423657,49.787496627863874,37.224391163074486,45.84646488959042,38.91484178136004,34.330195292400994,0.0,4.584646488959042,1440,False,
2.1991332431582147,0.4120566668904041,3.8431429135809103,13.596464585221895,"[{""power_percent"": 25, ""duration_minutes"": 39.30149936916124}, {""power_percent"": 50, ""duration_minutes"": 39.30149936916124}, {""power_percent"": 75, ""duration_minutes"": 39.30149936916124}]",HOT,2.0,200.0,188.69212855107412,3.742660869473397,24.09610752620796,29.093830886622154,42.24113333780808,128.57017760931788,94.34606427553706,30.0,4.224113333780808,1441,False,
2.9342455673862773,0.28306527607942894,5.963693686334923,9.963103474038732,[],HOT,2.0,200.0,52.609396782103566,5.634102484483704,49.34245567386277,41.324170685622995,39.66130552158858,30.270828943210642,26.304698391051783,0.0,3.9661305521588583,1442,False,
0.5529617586416377,0.11344461170998021,1.4422828245944772,41.2930398682253,"[{""power_percent"": 25, ""duration_minutes"": 59.55231484984473}, {""power_percent"": 50, ""duration_minutes"": 59.55231484984473}, {""power_percent"": 75, ""duration_minutes"": 59.55231484984473}]",HOT,2.0,200.0,460.8113548813868,1.634579538007698,4.5967703589396685,21.117061354844783,36.268892234199605,264.03256666411335,230.4056774406934,30.0,3.6268892234199606,1443,False,
1.8329152159808646,0.41399417110571923,3.296105016944758,36.74160958706961,[],WARM,0.7,120.0,107.35932873357049,3.145238065827941,38.32915215980864,40.16014008715815,42.27988342211438,57.907652708996686,53.679664366785246,0.0,4.227988342211439,1444,False,
0.5854773426061548,0.1146266173897345,6.971504201832557,46.76551332230799,"[{""power_percent"": 25, ""duration_minutes"": 34.87175145010124}, {""power_percent"": 50, ""duration_minutes"": 34.87175145010124}, {""power_percent"": 75, ""duration_minutes"": 34.87175145010124}]",WARM,0.7,120.0,389.3461121925626,7.095293442412461,8.624010708546361,34.78007018183282,36.29253234779469,228.30230933106077,194.6730560962813,30.0,3.629253234779469,1445,False,
1.0144173407375383,0.12170845558690915,3.2962411828523,16.07413257097219,"[{""power_percent"": 25, ""duration_minutes"": 52.2819205038669}, {""power_percent"": 50, ""duration_minutes"": 52.2819205038669}, {""power_percent"": 75, ""duration_minutes"": 52.2819205038669}]",WARM,0.7,120.0,324.0361360004452,3.2709550461602324,10.301885331795347,25.94761098739949,36.434169111738186,195.66148491139643,162.0180680002226,30.0,3.643416911173819,1446,False,
0.653220551888334,0.8994752608673336,2.8657745070918765,10.199325706353132,"[{""power_percent"": 25, ""duration_minutes"": 46.82358320457554}, {""power_percent"": 50, ""duration_minutes"": 46.82358320457554}, {""power_percent"": 75, ""duration_minutes"": 46.82358320457554}]",WARM,0.7,120.0,387.6620241160965,2.803312388868189,7.508668038197005,34.91112965617996,51.989505217346675,229.02996257978293,193.83101205804826,30.0,5.198950521734668,1447,False,
0.5213176520649496,0.19932925626463918,1.4738248978505673,41.81943315390784,"[{""power_percent"": 25, ""duration_minutes"": 45.95653390449127}, {""power_percent"": 50, ""duration_minutes"": 45.95653390449127}, {""power_percent"": 75, ""duration_minutes"": 45.95653390449127}]",HOT,2.0,200.0,436.6478715757837,1.6297583924048902,6.319696434975806,23.308213228070322,37.986585125292784,252.12259430042113,218.32393578789186,30.0,3.7986585125292787,1448,False,
0.9113159083868325,0.604724670100405,0.3913665214516473,41.77078656779558,"[{""power_percent"": 25, ""duration_minutes"": 9.092407007664317}, {""power_percent"": 50, ""duration_minutes"": 9.092407007664317}, {""power_percent"": 75, ""duration_minutes"": 9.092407007664317}]",HOT,2.0,200.0,202.9056055995957,0.12081582554594042,15.749298032718677,33.65564636761178,46.0944934020081,136.06225213999866,101.45280279979785,30.0,4.60944934020081,1449,False,
2.726349252050519,0.7713517640545702,0.7736637931414939,28.22768198625376,"[{""power_percent"": 25, ""duration_minutes"": 51.86730515906831}, {""power_percent"": 50, ""duration_minutes"": 51.86730515906831}, {""power_percent"": 75, ""duration_minutes"": 51.86730515906831}]",HOT,2.0,200.0,217.58884979822844,0.7775778304542006,27.483396746644942,31.040836118055708,49.427035281091406,143.73712842722335,108.79442489911422,30.0,4.942703528109141,1450,False,
1.3786216979299253,0.9953925625978237,6.528603781526497,11.25804602395031,[],WARM,0.7,120.0,126.68173643262547,6.243007189753001,33.786216979299255,53.60191831422688,53.90785125195647,68.73165334150838,63.340868216312735,0.0,5.390785125195648,1451,False,
0.5572158266436484,0.7552086257519106,6.646244501466071,43.51041746233786,"[{""power_percent"": 25, ""duration_minutes"": 43.746154361330596}, {""power_percent"": 50, ""duration_minutes"": 43.746154361330596}, {""power_percent"": 75, ""duration_minutes"": 43.746154361330596}]",HOT,2.0,200.0,411.98710077522844,6.804256836258344,7.010235112236895,38.41783861943532,49.104172515038215,240.90396763911804,205.99355038761422,30.0,4.910417251503822,1452,False,
0.8952548228708463,0.9635947554160597,1.4452394314269417,31.495761720823516,[],HOT,2.0,200.0,175.4987893123336,1.3264038088370493,28.952548228708462,42.672658202138834,53.27189510832119,93.07658416699891,87.7493946561668,0.0,5.3271895108321194,1453,False,
0.6356126675334395,0.1231277996272501,1.6816652423113618,41.819433676052306,"[{""power_percent"": 25, ""duration_minutes"": 43.20317010852501}, {""power_percent"": 50, ""duration_minutes"": 43.20317010852501}, {""power_percent"": 75, ""duration_minutes"": 43.20317010852501}]",HOT,2.0,200.0,376.6481197763708,1.8247668479919132,7.875651159055643,22.225917801137026,36.462555992545,221.97031548743988,188.3240598881854,30.0,3.6462555992545003,1454,False,
0.857237755268984,0.4065575306733089,6.492859725217529,30.185166536036192,"[{""power_percent"": 25, ""duration_minutes"": 59.71659325646628}, {""power_percent"": 50, ""duration_minutes"": 59.71659325646628}, {""power_percent"": 75, ""duration_minutes"": 59.71659325646628}]",HOT,2.0,200.0,361.6859568409848,6.606830993992385,7.614888564219898,32.4899164254328,42.131150613466176,215.056093481839,180.8429784204924,30.0,4.213115061346618,1455,False,
0.5914697483436071,0.27787285493727176,5.116795887326354,16.02861980396598,[],HOT,2.0,200.0,256.9141176189644,4.917308816216406,25.914697483436072,39.56806603389997,39.55745709874543,132.41280451935674,128.4570588094822,0.0,3.9557457098745434,1456,False,
2.830342750353096,0.13033541645501717,2.0230255779313557,8.746861784762062,"[{""power_percent"": 25, ""duration_minutes"": 32.2429274451432}, {""power_percent"": 50, ""duration_minutes"": 32.2429274451432}, {""power_percent"": 75, ""duration_minutes"": 32.2429274451432}]",HOT,2.0,200.0,150.8499557896386,1.8470218209612341,31.466988386759482,22.708212683260026,36.60670832910034,109.08564872772934,75.4249778948193,30.0,3.6606708329100344,1457,False,
0.5821068416951121,0.1960680855607776,0.34179085994708247,46.95706956213499,"[{""power_percent"": 25, ""duration_minutes"": 25.3496706050612}, {""power_percent"": 50, ""duration_minutes"": 25.3496706050612}, {""power_percent"": 75, ""duration_minutes"": 25.3496706050612}]",HOT,2.0,200.0,346.32078652365124,0.16429801546727152,10.01861782619194,27.387764952379662,37.92136171121555,206.9525294329472,173.16039326182562,30.0,3.7921361711215553,1458,False,
0.5127470287905243,0.32502880186314104,5.902759754581158,7.422230756285057,"[{""power_percent"": 25, ""duration_minutes"": 52.172146254142554}, {""power_percent"": 50, ""duration_minutes"": 52.172146254142554}, {""power_percent"": 75, ""duration_minutes"": 52.172146254142554}]",WARM,0.7,120.0,465.7850274497191,5.845299696729674,5.30164834978386,33.61037196864718,40.50057603726282,266.9425713285858,232.89251372485955,30.0,4.050057603726282,1459,False,
0.5070890680856692,0.18268495545310418,6.924893273087046,41.81959034919799,"[{""power_percent"": 25, ""duration_minutes"": 55.312328120248324}, {""power_percent"": 50, ""duration_minutes"": 55.312328120248324}, {""power_percent"": 75, ""duration_minutes"": 55.312328120248324}]",HOT,2.0,200.0,472.78888340612826,7.109464236819552,4.774041462819442,31.06389648078899,37.65369910906208,270.15981161397036,236.39444170306413,30.0,3.7653699109062084,1460,False,
2.5160128909924366,0.31637285924511716,0.7322921674696148,36.90337258031125,[],WARM,0.7,120.0,85.18914828564073,0.5550718873117848,45.16012890992437,33.86105864588063,40.32745718490234,46.627319861310596,42.59457414282036,0.0,4.032745718490235,1461,False,
2.9408857077132398,0.4864028787553678,3.379202543906966,42.66707274276527,"[{""power_percent"": 25, ""duration_minutes"": 9.541030206785388}, {""power_percent"": 50, ""duration_minutes"": 9.541030206785388}, {""power_percent"": 75, ""duration_minutes"": 9.541030206785388}]",HOT,2.0,200.0,90.92825476991945,3.3341926426753843,35.977702546114585,31.736546914267663,43.72805757510736,79.83693314247046,45.464127384959724,30.0,4.3728057575107355,1462,False,
1.2161535604150788,0.14162691885133888,6.273427665349122,33.686618101065015,"[{""power_percent"": 25, ""duration_minutes"": 32.963392052297884}, {""power_percent"": 50, ""duration_minutes"": 32.963392052297884}, {""power_percent"": 75, ""duration_minutes"": 32.963392052297884}]",WARM,0.7,120.0,246.83584901024247,6.287791407695801,15.2170267963061,33.8796730722075,36.83253837702678,157.1011783428239,123.41792450512123,30.0,3.683253837702678,1463,False,
1.1922782373829808,0.8942922638477705,0.5915139300083634,9.929869830064895,[],WARM,0.7,120.0,143.28852057768972,0.2054020194934335,31.922782373829808,40.948479306156514,51.88584527695541,76.8328448165404,71.64426028884486,0.0,5.188584527695541,1464,False,
0.6590793928877491,0.2974235766523952,0.6686888923765326,21.464163919663637,"[{""power_percent"": 25, ""duration_minutes"": 52.4766706381126}, {""power_percent"": 50, ""duration_minutes"": 52.4766706381126}, {""power_percent"": 75, ""duration_minutes"": 52.4766706381126}]",WARM,0.7,120.0,405.9594446381956,0.5905407120933422,6.719293333160602,22.908804777645543,39.9484715330479,236.97456947240258,202.9797223190978,30.0,3.9948471533047902,1465,False,
1.1373725339726988,0.41442650254482366,5.068703639470348,45.57735204467153,"[{""power_percent"": 25, ""duration_minutes"": 50.83706418550604}, {""power_percent"": 50, ""duration_minutes"": 50.83706418550604}, {""power_percent"": 75, ""duration_minutes"": 50.83706418550604}]",HOT,2.0,200.0,296.56730857928994,5.237184042935986,11.748165711901084,30.535189532783033,42.28853005089647,182.51250729473463,148.28365428964497,30.0,4.228853005089647,1466,False,
2.8709288653270635,0.39809606852164087,5.538178095342133,29.97737624467226,[],WARM,0.7,120.0,75.74111138861328,5.305205198197083,48.70928865327063,44.45350901294396,41.96192137043282,42.06674783134992,37.87055569430664,0.0,4.196192137043282,1467,False,
2.9765166311417683,0.32323532976422603,0.6449481214606181,21.464163919663637,[],WARM,0.7,120.0,71.33372654270661,0.25667243973292914,49.76516631141769,33.98892771424947,40.46470659528452,39.71333393088176,35.66686327135331,0.0,4.046470659528452,1468,False,
2.4906844503928016,0.4163423928358958,6.516704039451551,29.55847150290159,[],HOT,2.0,200.0,67.59195084016255,6.322427490453248,44.90684450392801,44.02951679293385,42.32684785671792,38.02866020575307,33.79597542008128,0.0,4.232684785671792,1469,False,
1.8259503886027306,0.23629020864956424,1.248629234572541,25.09041389010556,"[{""power_percent"": 25, ""duration_minutes"": 27.637499672880367}]",HOT,2.0,200.0,115.81362467601049,1.1017712020419455,32.877628902383286,31.50909904446328,38.72580417299128,71.77939275530437,57.906812338005246,10.0,3.8725804172991283,1470,False,
0.961474567083112,0.19945526613928455,6.296352182051301,11.997234236334666,[],WARM,0.7,120.0,174.1095371962209,6.031876604785983,29.61474567083112,43.58616755777402,37.98910532278569,90.85367913038903,87.05476859811046,0.0,3.798910532278569,1471,False,
0.768712931859467,0.10148152111448894,2.478667043839284,29.411398618094356,"[{""power_percent"": 25, ""duration_minutes"": 11.386359397336527}, {""power_percent"": 50, ""duration_minutes"": 11.386359397336527}, {""power_percent"": 75, ""duration_minutes"": 11.386359397336527}]",WARM,0.7,120.0,252.61385798125244,2.420545996465481,13.979175408994191,27.750339995292148,36.02963042228978,159.9098920328552,126.30692899062622,30.0,3.602963042228978,1472,False,
0.9536861850340356,0.5638405887912463,6.486270690427126,5.42204284159811,"[{""power_percent"": 25, ""duration_minutes"": 51.04555435151099}]",WARM,0.7,120.0,224.45660977421255,6.2537010544268625,22.984584132764805,44.807261815803884,45.276811775824925,126.75598606468877,112.22830488710628,10.0,4.527681177582493,1473,False,
0.9706806461212653,0.7638493384617042,6.970288275754506,41.49837477374566,"[{""power_percent"": 25, ""duration_minutes"": 52.974570416660626}, {""power_percent"": 50, ""duration_minutes"": 52.974570416660626}, {""power_percent"": 75, ""duration_minutes"": 52.974570416660626}]",HOT,2.0,200.0,324.4039651771418,7.127375009802112,9.760620898713558,38.339057275550005,49.276986769234085,197.1296812654943,162.2019825885709,30.0,4.927698676923409,1474,False,
0.9837137767307316,0.6521692922297799,0.4522025029046487,43.044413226613806,"[{""power_percent"": 25, ""duration_minutes"": 13.959481937803224}, {""power_percent"": 50, ""duration_minutes"": 13.959481937803224}]",WARM,0.7,120.0,207.8156661881626,0.34103939507070863,20.44118957352699,33.48405758467987,47.0433858445956,128.61217167854085,103.9078330940813,20.0,4.70433858445956,1475,False,
1.4298964921061734,0.13720062096107344,5.70970968028624,42.02824591628394,"[{""power_percent"": 25, ""duration_minutes"": 2.5320283985659806}, {""power_percent"": 50, ""duration_minutes"": 2.5320283985659806}, {""power_percent"": 75, ""duration_minutes"": 2.5320283985659806}]",HOT,2.0,200.0,123.6072570526357,5.700279381295394,21.91916066127684,32.837944256234415,36.74401241922147,95.47802976823999,61.80362852631785,30.0,3.6744012419221472,1476,False,
0.6590793928877491,0.2697905187195897,0.6686888923765326,21.464163919663637,"[{""power_percent"": 25, ""duration_minutes"": 8.66515640867371}, {""power_percent"": 50, ""duration_minutes"": 8.66515640867371}, {""power_percent"": 75, ""duration_minutes"": 8.66515640867371}]",WARM,0.7,120.0,274.5249019498789,0.4591061694050256,13.291020467576436,26.520244363101376,39.39581037439179,171.20203201237862,137.26245097493944,30.0,3.9395810374391793,1477,False,
1.5405914526688929,0.9719799241474077,6.801816739123547,37.56974682636539,[],WARM,0.7,120.0,123.13612735352494,6.667611561974983,35.40591452668893,53.86739256801599,53.439598482948156,66.9120235250573,61.56806367676247,0.0,5.343959848294816,1478,False,
0.8679255190942039,0.14266528757618738,1.5612329432381795,13.993122554433086,"[{""power_percent"": 25, ""duration_minutes"": 30.776515812452942}, {""power_percent"": 50, ""duration_minutes"": 30.776515812452942}, {""power_percent"": 75, ""duration_minutes"": 30.776515812452942}]",WARM,0.7,120.0,283.8533738682132,1.464804205238369,12.0627778190741,24.664562914269844,36.85330575152375,175.61201750925898,141.9266869341066,30.0,3.685330575152375,1479,False,
1.238739359466351,0.31718270632768264,6.178624666248924,20.444553985992854,[],COLD,0.1,20.0,161.72421460850995,5.9417424157862255,32.38739359466351,45.96344180843004,40.34365412655365,84.89647271691034,80.86210730425498,0.0,4.034365412655365,1480,False,
0.6105054499586959,0.2579818062917039,0.34336432184528554,31.620627978165864,[],HOT,2.0,200.0,253.684240737042,-0.06333212828406712,26.10505449958696,36.409053031809876,39.159636125834076,130.7580839811044,126.842120368521,0.0,3.9159636125834076,1481,False,
1.1846430983352219,0.9988589313021702,4.860828296014494,42.14302997749926,[],HOT,2.0,200.0,137.76332337020003,4.79430075194608,31.84643098335222,47.70796376765503,53.977178626043404,74.27937954770435,68.88166168510001,0.0,5.397717862604341,1482,False,
2.771203777147178,0.7639366230468255,6.789616251748849,42.84852686513315,"[{""power_percent"": 25, ""duration_minutes"": 50.17365986651596}, {""power_percent"": 50, ""duration_minutes"": 50.17365986651596}, {""power_percent"": 75, ""duration_minutes"": 50.17365986651596}]",HOT,2.0,200.0,216.00363940208484,6.8743802414533075,28.18598879149438,38.23084259207317,49.27873246093651,142.92969294713606,108.00181970104242,30.0,4.927873246093651,1483,False,
0.5070890680856692,0.18283930159085066,6.924893273087046,41.81943098318039,"[{""power_percent"": 25, ""duration_minutes"": 54.224782962888554}, {""power_percent"": 50, ""duration_minutes"": 54.224782962888554}, {""power_percent"": 75, ""duration_minutes"": 54.224782962888554}]",HOT,2.0,200.0,469.5262001242437,7.106200645151366,4.937173236423408,31.163627698604333,37.65678603181701,268.52877866530355,234.76310006212185,30.0,3.7656786031817013,1484,False,
1.2102475645584905,0.14555672354329469,3.3190640208444306,33.9429751377742,"[{""power_percent"": 25, ""duration_minutes"": 24.406190627427335}, {""power_percent"": 50, ""duration_minutes"": 24.406190627427335}, {""power_percent"": 75, ""duration_minutes"": 24.406190627427335}]",WARM,0.7,120.0,221.84304827197457,3.3095305409710187,16.441547051470803,28.788251567739938,36.91113447086589,144.61263758307388,110.92152413598728,30.0,3.691113447086589,1485,False,
0.5682396317814775,0.36482005534907225,6.707777029649441,32.47465164138062,"[{""power_percent"": 25, ""duration_minutes"": 4.8592431543826}, {""power_percent"": 50, ""duration_minutes"": 4.8592431543826}, {""power_percent"": 75, ""duration_minutes"": 4.8592431543826}]",HOT,2.0,200.0,286.79326517765065,6.6824730836896125,12.953509844657384,37.356062839593314,41.29640110698144,177.52627269952347,143.39663258882533,30.0,4.129640110698144,1487,False,
2.6448227368897763,0.3767318998205209,5.722635354007036,29.980677890694,[],HOT,2.0,200.0,64.20877932264445,5.524726511875608,46.44822736889776,41.96605350586032,41.53463799641042,36.25785346096326,32.10438966132222,0.0,4.153463799641042,1489,False,
0.5029276694388932,0.9214241292508518,6.469058615213009,11.466563577882221,"[{""power_percent"": 25, ""duration_minutes"": 47.31897662987938}, {""power_percent"": 50, ""duration_minutes"": 47.31897662987938}, {""power_percent"": 75, ""duration_minutes"": 47.31897662987938}]",WARM,0.7,120.0,458.1505229231881,6.421697819792382,5.931430199907027,42.336498884747094,52.428482585017036,264.3181097200957,229.07526146159404,30.0,5.242848258501704,1490,False,
1.0750108023199565,0.5638405887912463,6.512649564449748,46.598025217174055,"[{""power_percent"": 25, ""duration_minutes"": 0.19200947678412206}, {""power_percent"": 50, ""duration_minutes"": 0.19200947678412206}, {""power_percent"": 75, ""duration_minutes"": 0.19200947678412206}]",WARM,0.7,120.0,168.5889175905624,6.511813312090344,18.72130660168195,42.37410534148388,45.276811775824925,118.8221399728637,84.2944587952812,30.0,4.527681177582493,1492,False,
0.6278424406218197,0.9689602442184174,1.237085574953622,32.469045178000236,"[{""power_percent"": 25, ""duration_minutes"": 58.05515570249401}, {""power_percent"": 50, ""duration_minutes"": 58.05515570249401}, {""power_percent"": 75, ""duration_minutes"": 58.05515570249401}]",HOT,2.0,200.0,421.31962501395725,1.368951615504233,5.570151050844094,31.92838776748931,53.37920488436835,245.99773299541545,210.65981250697862,30.0,5.337920488436835,1493,False,
1.03530680192177,0.37142753280934254,1.6665857879869308,37.27532325100308,[],WARM,0.7,120.0,170.56718550651232,1.5508254554160787,30.3530680192177,36.39030196968597,41.42855065618685,89.42644781887485,85.28359275325616,0.0,4.1428550656186856,1494,False,
2.35709738708816,0.5279481475185416,4.822954754301299,11.756003914374752,[],HOT,2.0,200.0,65.66439240057163,4.527206882304021,43.5709738708816,41.9812872788251,44.55896295037083,37.2880924953229,32.832196200285814,0.0,4.455896295037083,1495,False,
0.85506868943586,0.11681981124064725,2.519901093135498,42.70499336870265,"[{""power_percent"": 25, ""duration_minutes"": 26.900533531742955}, {""power_percent"": 50, ""duration_minutes"": 26.900533531742955}, {""power_percent"": 75, ""duration_minutes"": 26.900533531742955}]",HOT,2.0,200.0,267.43760175185474,2.6106299063655087,12.515606864597158,24.020591903301895,36.336396224812944,167.35244049840867,133.71880087592737,30.0,3.6336396224812946,1496,False,
0.5155759670437592,0.5302466733037552,3.0278897221637946,11.577760237381604,"[{""power_percent"": 25, ""duration_minutes"": 52.16887012409206}, {""power_percent"": 50, ""duration_minutes"": 52.16887012409206}, {""power_percent"": 75, ""duration_minutes"": 52.16887012409206}]",HOT,2.0,200.0,449.4166957560534,3.02123985527861,5.330429151823783,27.72354121280437,44.6049334660751,259.1688412246342,224.7083478780267,30.0,4.46049334660751,1497,False,
0.590928272944282,0.12971926282580123,1.5653852795775727,31.599261003475874,"[{""power_percent"": 25, ""duration_minutes"": 31.913581454320163}, {""power_percent"": 50, ""duration_minutes"": 31.913581454320163}, {""power_percent"": 75, ""duration_minutes"": 31.913581454320163}]",WARM,0.7,120.0,373.5584364477347,1.5890844590436175,9.122245511294793,24.415179382175946,36.59438525651602,220.43865674951897,186.77921822386736,30.0,3.659438525651602,1499,False,
0.5572158266436484,0.17877934612579963,6.7630779520895,43.51041746233786,"[{""power_percent"": 25, ""duration_minutes"": 44.18102450787459}, {""power_percent"": 50, ""duration_minutes"": 44.18102450787459}, {""power_percent"": 75, ""duration_minutes"": 44.18102450787459}]",HOT,2.0,200.0,413.2917112148604,6.9223948973214044,6.945004590255296,31.695215851979885,37.575586922515996,240.4034142996818,206.6458556074302,30.0,3.7575586922515996,1500,False,
2.525961528586116,0.27787285493727176,5.116795887326354,13.922063831674468,[],HOT,2.0,200.0,62.05994637062639,4.827289809172956,45.25961528586116,39.56806603389997,39.55745709874543,34.98571889518774,31.029973185313196,0.0,3.9557457098745434,1501,False,
2.6354599004660524,0.46187758258952977,6.929743441001352,10.82733846421526,[],HOT,2.0,200.0,58.66426388325021,6.617289075768001,46.35459900466052,45.402017873077064,43.2375516517906,33.655887106804165,29.332131941625104,0.0,4.32375516517906,1503,False,
0.7278197404885458,0.11221491998300553,2.5453468134369985,21.662672019713728,"[{""power_percent"": 25, ""duration_minutes"": 26.431280102622868}]",HOT,2.0,200.0,237.52506877128573,2.4206413360383623,21.956633399754313,29.644334263591375,36.24429839966011,132.38696422560886,118.76253438564287,10.0,3.624429839966011,1504,False,
1.6716291695109722,0.8912204399943418,5.613189912311624,19.681443142620722,"[{""power_percent"": 25, ""duration_minutes"": 51.25370552422285}, {""power_percent"": 50, ""duration_minutes"": 51.25370552422285}, {""power_percent"": 75, ""duration_minutes"": 51.25370552422285}]",HOT,2.0,200.0,247.89836988965408,5.606174520959577,17.02823586647629,37.3081916073753,51.82440879988683,159.13162582481573,123.94918494482704,30.0,5.182440879988683,1505,False,
2.959572329724499,0.2538623499142916,0.26391594412715236,5.9106782195795695,[],WARM,0.7,120.0,66.9562019834209,-0.41700287974435024,49.59572329724499,33.918516310717195,39.07724699828583,37.38582569153903,33.47810099171045,0.0,3.907724699828583,1506,False,
1.2042580461354142,0.9807388414529489,5.524492531094759,14.449677245124704,[],HOT,2.0,200.0,127.39292500396252,5.291020272720091,32.04258046135414,48.8178511596249,53.614776829058975,69.05794018488716,63.69646250198126,0.0,5.361477682905898,1507,False,
0.8292680333210312,0.11481399130618936,5.832863130789129,30.74638762145871,"[{""power_percent"": 25, ""duration_minutes"": 52.56526689074186}, {""power_percent"": 50, ""duration_minutes"": 52.56526689074186}, {""power_percent"": 75, ""duration_minutes"": 52.56526689074186}]",HOT,2.0,200.0,346.3021264726099,5.929866535857266,8.407890299599035,28.312620137085766,36.29627982612379,206.78069121891735,173.15106323630496,30.0,3.6296279826123787,1508,False,
0.8598349791304293,0.7011825724188918,1.6594193911087178,38.32020442568047,"[{""power_percent"": 25, ""duration_minutes"": 59.63758784799686}, {""power_percent"": 50, ""duration_minutes"": 59.63758784799686}, {""power_percent"": 75, ""duration_minutes"": 59.63758784799686}]",HOT,2.0,200.0,363.36090421335916,1.8218599820415742,7.6527116141047635,27.727969180489545,48.023651448377834,216.48281725151736,181.68045210667958,30.0,4.8023651448377835,1509,False,
0.9393589151290619,0.48303433139334545,6.14778364711395,33.555062525926076,[],HOT,2.0,200.0,168.24989173070688,6.0395396656643445,29.39358915129062,44.091979270948045,43.66068662786691,88.49101452814013,84.12494586535344,0.0,4.366068662786691,1510,False,
0.7895138788471923,0.7854722671373715,6.867071686929988,11.912044199372756,[],HOT,2.0,200.0,192.06394024307184,6.634963396972336,27.89513878847192,49.15981057950843,49.70944534274743,101.00291465581066,96.03197012153592,0.0,4.970944534274743,1511,False,
2.985575563794307,0.6461664592724937,6.967634490982581,42.80894027654623,"[{""power_percent"": 25, ""duration_minutes"": 45.094077013247734}]",WARM,0.7,120.0,122.67832786406689,6.872159187103332,43.60105178728068,46.93644418283765,46.92332918544987,76.03149685057843,61.33916393203344,10.0,4.692332918544987,1512,False,
2.754254447595828,0.27787285493727176,4.1763490747169385,15.78433606188618,[],HOT,2.0,200.0,57.69649997572219,3.8888849131844223,47.54254447595828,37.687172408681135,39.55745709874543,32.80399569773564,28.848249987861095,0.0,3.9557457098745434,1513,False,
1.657827021636494,0.901635117374531,3.22360959613802,42.146081186722576,[],HOT,2.0,200.0,101.62371040102175,3.1381730023928958,36.57827021636494,43.26684060077041,52.03270234749062,56.01512543525994,50.81185520051088,0.0,5.203270234749063,1514,False,
1.831879249954488,0.38736584188153367,3.309983204639493,31.696998491277434,[],WARM,0.7,120.0,105.8922258526387,3.1288900255889778,38.318792499544884,39.868356511857385,41.74731683763067,57.120844610082415,52.94611292631935,0.0,4.174731683763067,1515,False,
1.169264938696683,0.9150053849358383,3.033276318996491,11.466563577882221,"[{""power_percent"": 25, ""duration_minutes"": 47.31897662987938}, {""power_percent"": 50, ""duration_minutes"": 47.31897662987938}]",WARM,0.7,120.0,240.8636470100277,2.891943056175676,18.960751723978888,38.80747865943028,52.300107698716765,145.66183427488554,120.43182350501385,20.0,5.230010769871677,1516,False,
1.81493836891305,0.19565625354111565,4.198947408924709,23.812213359181662,"[{""power_percent"": 25, ""duration_minutes"": 25.3496706050612}, {""power_percent"": 50, ""duration_minutes"": 25.3496706050612}]",HOT,2.0,200.0,138.99043973645706,4.087922495533398,27.614416628624383,31.224789624039133,37.91312507082232,93.28653237531077,69.49521986822853,20.0,3.7913125070822318,1517,False,
2.4511553370236503,0.8019258971840829,0.7964702981234439,41.988717019458036,"[{""power_percent"": 25, ""duration_minutes"": 26.378928937805817}]",HOT,2.0,200.0,98.67117605207383,0.724735315697052,39.19260692334621,39.23880230182793,50.038517943681654,64.33943982040508,49.335588026036916,10.0,5.003851794368166,1518,False,
0.8268016507723557,0.81811509272278,6.810279196641287,49.57488092060588,"[{""power_percent"": 25, ""duration_minutes"": 2.4889024547055456}, {""power_percent"": 50, ""duration_minutes"": 2.4889024547055456}, {""power_percent"": 75, ""duration_minutes"": 2.4889024547055456}]",WARM,0.7,120.0,218.26116065045304,6.844123123498143,15.894681139517727,45.813938285032435,50.3623018544556,144.16681051067206,109.13058032522652,30.0,5.036230185445561,1519,False,
0.907889001055077,0.604724670100405,0.3913665214516473,12.185089021499255,"[{""power_percent"": 25, ""duration_minutes"": 7.871796287370405}, {""power_percent"": 50, ""duration_minutes"": 7.871796287370405}, {""power_percent"": 75, ""duration_minutes"": 7.871796287370405}]",HOT,2.0,200.0,190.98935066985842,-0.060223115599449054,15.898120567445208,33.76550133243823,46.0944934020081,130.10412467513,95.49467533492921,30.0,4.60944934020081,1520,False,
2.796519664525043,0.1271943121491742,6.971617988954206,38.3947927140953,"[{""power_percent"": 25, ""duration_minutes"": 39.00291649962704}]",WARM,0.7,120.0,118.65945380688237,6.851128875157402,42.015050820269074,40.89948022870969,36.54388624298348,72.98411552773953,59.329726903441184,10.0,3.6543886242983485,1521,False,
1.7240963242690646,0.41252405190420743,5.235408233891018,30.559773651249674,"[{""power_percent"": 25, ""duration_minutes"": 53.35342266074519}, {""power_percent"": 50, ""duration_minutes"": 53.35342266074519}, {""power_percent"": 75, ""duration_minutes"": 53.35342266074519}]",HOT,2.0,200.0,254.73029960565913,5.297863290809987,17.237949843578868,30.619297051165457,42.250481038084146,161.59019790663797,127.36514980282956,30.0,4.2250481038084144,1522,False,
0.904853012371698,0.8674324394009514,0.3913665214516473,41.56943503174715,"[{""power_percent"": 25, ""duration_minutes"": 53.13014659092459}, {""power_percent"": 50, ""duration_minutes"": 53.13014659092459}, {""power_percent"": 75, ""duration_minutes"": 53.13014659092459}]",WARM,0.7,120.0,352.1340509981813,0.225979450920036,9.07900813507829,30.24474303672491,51.34864878801903,211.20189037789254,176.06702549909065,30.0,5.134864878801903,1523,False,
1.048212695322609,0.7066225835014821,6.873519458320196,38.053531346148745,"[{""power_percent"": 25, ""duration_minutes"": 21.01046300235088}, {""power_percent"": 50, ""duration_minutes"": 21.01046300235088}]",HOT,2.0,200.0,195.03771359981715,6.869933064588886,20.381080652991002,42.96588213851713,48.13245167002964,122.33210196691154,97.51885679990858,20.0,4.813245167002965,1524,False,
2.6845440085610166,0.753340627855865,6.791316682116417,44.01526371045138,[],HOT,2.0,200.0,67.57999017797536,6.676026504036685,46.845440085610164,48.62272089850322,49.0668125571173,38.69667634469941,33.78999508898768,0.0,4.906681255711731,1525,False,
2.4991164404881667,0.8648482317590741,0.8282165907310031,33.686618101065015,"[{""power_percent"": 25, ""duration_minutes"": 32.32915651399501}, {""power_percent"": 50, ""duration_minutes"": 32.32915651399501}, {""power_percent"": 75, ""duration_minutes"": 32.32915651399501}]",WARM,0.7,120.0,181.61466789774136,0.7893591112598515,28.141790927782413,31.724987876311342,51.29696463518148,125.93703041238882,90.80733394887068,30.0,5.129696463518148,1526,False,
2.0236127893104108,0.11109637802947624,1.5826384312780644,5.926687800516854,"[{""power_percent"": 25, ""duration_minutes"": 59.49820849519858}, {""power_percent"": 50, ""duration_minutes"": 59.49820849519858}, {""power_percent"": 75, ""duration_minutes"": 59.49820849519858}]",WARM,0.7,120.0,268.89748456060414,1.4777486719943447,19.311396618824325,21.743594634341974,36.22192756058952,168.07093503636102,134.44874228030207,30.0,3.6221927560589524,1527,False,
1.4384875648563655,0.6967710944624878,5.179935564150386,42.93116484237212,"[{""power_percent"": 25, ""duration_minutes"": 54.6843401731791}, {""power_percent"": 50, ""duration_minutes"": 54.6843401731791}]",HOT,2.0,200.0,225.02421797381965,5.257351730956722,20.916441631245746,37.44006385145988,47.93542188924975,137.3056511758348,112.51210898690982,20.0,4.793542188924976,1528,False,
2.660584333142352,0.1357014923731812,4.445728597085247,41.819589085011046,"[{""power_percent"": 25, ""duration_minutes"": 34.4340276736013}, {""power_percent"": 50, ""duration_minutes"": 34.4340276736013}, {""power_percent"": 75, ""duration_minutes"": 34.4340276736013}]",HOT,2.0,200.0,170.7265522725733,4.4815248412904225,29.440739180383325,27.42081261202455,36.71402984746362,119.03467912103301,85.36327613628664,30.0,3.6714029847463623,1529,False,
0.5070890680856692,0.1867291342756195,6.982841959578491,41.81959251992543,"[{""power_percent"": 25, ""duration_minutes"": 55.2719798918982}, {""power_percent"": 50, ""duration_minutes"": 55.2719798918982}, {""power_percent"": 75, ""duration_minutes"": 55.2719798918982}]",HOT,2.0,200.0,472.66783937229616,7.167291891650311,4.780093697071962,31.23195534019358,37.734582685512386,270.1073779546993,236.33391968614808,30.0,3.773458268551239,1530,False,
0.9393589151290619,0.48299605059365563,6.14778364711395,38.34223157705848,[],WARM,0.7,120.0,185.6860424460466,6.042262679971138,29.39358915129062,46.69151990135177,43.65992101187311,97.20901332421062,92.8430212230233,0.0,4.365992101187311,1532,False,
2.687647819782973,0.105649285304016,1.421980463412531,29.70689638073139,[],WARM,0.7,120.0,79.22295265274155,1.1947159289056006,46.876478197829734,32.711752350473255,36.112985706080316,43.222774896978805,39.61147632637078,0.0,3.6112985706080316,1533,False,
1.8024230625179274,0.6839293264310551,5.3615644192525815,5.515416824369405,"[{""power_percent"": 25, ""duration_minutes"": 17.245627138993374}, {""power_percent"": 50, ""duration_minutes"": 17.245627138993374}, {""power_percent"": 75, ""duration_minutes"": 17.245627138993374}]",HOT,2.0,200.0,135.11281178339556,5.16229687911506,23.437386554330264,37.378174313168415,47.6785865286211,102.3242645445599,67.55640589169778,30.0,4.7678586528621105,1534,False,
1.1926475036794155,0.6973827318531419,6.583030589807455,42.93116484237212,"[{""power_percent"": 25, ""duration_minutes"": 49.98958142382623}, {""power_percent"": 50, ""duration_minutes"": 49.98958142382623}]",HOT,2.0,200.0,237.12911890226252,6.660890841562163,18.927516894411532,40.53527907642304,47.94765463706284,143.35932491483754,118.56455945113126,20.0,4.794765463706284,1535,False,
1.2539510446617759,0.21198784129660475,6.924893273087046,41.81959034919799,[],HOT,2.0,200.0,130.6677719455257,6.853652773395763,32.539510446617754,42.39364064173335,38.23975682593209,69.15786165535606,65.33388597276284,0.0,3.8239756825932094,1536,False,
2.796519664525043,0.6330519947539366,6.624173171539175,43.01862966701036,"[{""power_percent"": 25, ""duration_minutes"": 48.863830975243026}]",WARM,0.7,120.0,129.90751936837287,6.541287993935477,41.52200509648828,45.9790553508683,46.66103989507873,79.61986367369431,64.95375968418644,10.0,4.6661039895078735,1537,False,
0.9534935410296296,0.7638493384617042,6.942811916303104,12.278268910214255,"[{""power_percent"": 25, ""duration_minutes"": 51.75931263571552}, {""power_percent"": 50, ""duration_minutes"": 51.75931263571552}, {""power_percent"": 75, ""duration_minutes"": 51.75931263571552}]",HOT,2.0,200.0,314.7776389271495,6.92161972603035,9.771038514938967,38.393477756932256,49.276986769234085,192.31651814049815,157.38881946357475,30.0,4.927698676923409,1538,False,
1.4226434422456355,0.624018219087635,5.641880621558737,42.14302997749926,[],HOT,2.0,200.0,116.58043152751581,5.565833063733907,34.22643442245636,44.77197987216909,46.4803643817527,62.938252201933174,58.29021576375791,0.0,4.648036438175271,1539,False,
1.1991466382261673,0.24013069703507448,6.296352182051301,11.49194123449362,"[{""power_percent"": 25, ""duration_minutes"": 45.69764895765911}]",WARM,0.7,120.0,188.73418643852386,6.085035612886873,25.706583934378717,40.703343259793726,38.80261394070149,108.24735461333208,94.36709321926193,10.0,3.8802613940701494,1540,False,
2.6440883925092864,0.5274446156790082,2.045010690023096,43.50435666285019,[],WARM,0.7,120.0,84.28163433017674,1.902273294299826,46.44088392509286,39.019356768194285,44.54889231358016,46.59570639644639,42.14081716508837,0.0,4.454889231358016,1541,False,
0.8268016507723557,0.8600334250117987,6.810279196641287,9.036715115049805,"[{""power_percent"": 25, ""duration_minutes"": 52.46305091199359}]",WARM,0.7,120.0,251.09605445666313,6.605890472212684,21.64486396212388,48.96706796606435,51.20066850023597,140.66809407835515,125.54802722833156,10.0,5.120066850023598,1542,False,
2.830342750353096,0.1012353156183645,2.0222504651095865,8.746861784762062,"[{""power_percent"": 25, ""duration_minutes"": 6.826242955149036}, {""power_percent"": 50, ""duration_minutes"": 6.826242955149036}, {""power_percent"": 75, ""duration_minutes"": 6.826242955149036}]",HOT,2.0,200.0,74.59990231965612,1.7699966546694823,35.27949106025861,24.644962851676134,36.024706312367286,70.9024217910648,37.29995115982806,30.0,3.602470631236729,1543,False,
2.3642440622322156,0.7339016238124838,0.7552326138824053,29.411398618094356,"[{""power_percent"": 25, ""duration_minutes"": 10.430963587798225}, {""power_percent"": 50, ""duration_minutes"": 10.430963587798225}, {""power_percent"": 75, ""duration_minutes"": 10.430963587798225}]",WARM,0.7,120.0,118.06153683630185,0.6304241338650776,30.07779608415242,31.978497990612777,48.678032476249676,93.89857166577589,59.03076841815093,30.0,4.867803247624968,1544,False,
2.7478480512617907,0.31637285924511716,0.7322921674696148,20.444553985992854,[],WARM,0.7,120.0,75.22153744897946,0.4470455693351002,47.47848051261791,33.86105864588063,40.32745718490234,41.64351444297996,37.61076872448973,0.0,4.032745718490235,1545,False,
1.5448839916772714,0.8035394275766925,3.1259354671403496,25.897749814523408,[],COLD,0.1,20.0,139.3639940639107,2.9095266063603993,35.44883991677271,45.69434406520101,50.07078855153385,74.68907588710873,69.68199703195535,0.0,5.007078855153385,1546,False,
1.035130495964782,0.15292023530610688,3.274720960459015,34.70195540893381,"[{""power_percent"": 25, ""duration_minutes"": 54.49366679834604}, {""power_percent"": 50, ""duration_minutes"": 54.49366679834604}, {""power_percent"": 75, ""duration_minutes"": 54.49366679834604}]",WARM,0.7,120.0,333.30085264629406,3.3670084734690646,10.177254939895914,26.08005473274017,37.05840470612213,200.35626679375923,166.65042632314703,30.0,3.7058404706122134,1547,False,
0.6456767911446687,0.2974235766523952,0.6686888923765326,43.927705800972106,[],WARM,0.7,120.0,259.99268645101495,0.5084280555365784,26.45676791144669,33.63170513507568,39.9484715330479,133.99119037881226,129.99634322550747,0.0,3.9948471533047902,1549,False,
2.1114085125617414,0.32323532976422603,0.6714052361953307,21.600769312448907,[],WARM,0.7,120.0,92.02285428775818,0.3185535115675544,41.114085125617414,33.93601348478005,40.46470659528452,50.05789780340754,46.01142714387909,0.0,4.046470659528452,1550,False,
0.9084451794124093,0.8656719416950998,6.273427665349122,33.686618101065015,"[{""power_percent"": 25, ""duration_minutes"": 32.32915651399501}, {""power_percent"": 50, ""duration_minutes"": 32.32915651399501}, {""power_percent"": 75, ""duration_minutes"": 32.32915651399501}]",WARM,0.7,120.0,286.7107382155503,6.298197036321,12.23507831702484,42.6252945447799,51.313438833902,178.48671299116535,143.35536910777515,30.0,5.1313438833902,1551,False,
0.626271057603971,0.32502880186314104,1.7285660167408015,10.18265638323575,"[{""power_percent"": 25, ""duration_minutes"": 59.38299032517756}, {""power_percent"": 50, ""duration_minutes"": 59.38299032517756}, {""power_percent"": 75, ""duration_minutes"": 59.38299032517756}]",WARM,0.7,120.0,435.21667237291695,1.70476008371159,5.355262027263075,24.61300852657331,40.50057603726282,251.65839379018476,217.60833618645847,30.0,4.050057603726282,1552,False,
1.1304189605567232,0.1225352630409674,6.719545441253854,31.21857353607402,"[{""power_percent"": 25, ""duration_minutes"": 54.98156527848095}, {""power_percent"": 50, ""duration_minutes"": 54.98156527848095}]",HOT,2.0,200.0,250.5228675547612,6.73960325460499,17.806033077719135,33.61062012229046,36.45070526081935,148.90650430346253,125.2614337773806,20.0,3.645070526081935,1553,False,
2.0007271410362266,0.23625195407975944,1.061895596295627,23.781111569280952,"[{""power_percent"": 25, ""duration_minutes"": 27.623698716538918}]",WARM,0.7,120.0,124.2307743086258,0.8741768787864025,34.62608647453532,30.730103680052206,38.725039081595185,75.98789106247241,62.1153871543129,10.0,3.8725039081595187,1554,False,
2.6548542121382894,0.8188680661418007,5.5793610948049945,44.01526371045138,"[{""power_percent"": 25, ""duration_minutes"": 51.76772455348549}, {""power_percent"": 50, ""duration_minutes"": 51.76772455348549}, {""power_percent"": 75, ""duration_minutes"": 51.76772455348549}]",HOT,2.0,200.0,223.5080303836329,5.680561682242628,26.78338343836007,36.32604377349791,50.377361322836016,146.79175132410006,111.75401519181645,30.0,5.037736132283602,1555,False,
2.912472485134833,0.2388665204857004,1.1273864063543462,42.80894027654623,"[{""power_percent"": 25, ""duration_minutes"": 44.0414343118287}]",WARM,0.7,120.0,122.88674887135508,1.0337825829200589,42.922653135756896,30.39992802918224,38.777330409714004,75.32110747664895,61.44337443567754,10.0,3.8777330409714006,1556,False,
2.796519664525043,0.6330519947539366,6.971617988954206,43.01862966701036,"[{""power_percent"": 25, ""duration_minutes"": 50.45828721140551}]",WARM,0.7,120.0,131.50197560453535,6.89032726758667,41.442282284680154,46.62611129861349,46.66103989507873,80.41709179177555,65.75098780226767,10.0,4.6661039895078735,1557,False,
0.8268016507723557,0.13901064531819152,6.796128027466795,7.983789296431132,"[{""power_percent"": 25, ""duration_minutes"": 52.46474601453295}]",WARM,0.7,120.0,250.7818718136169,6.585423443229019,21.644779206996912,40.2864414183159,36.78021290636383,139.06895719744483,125.39093590680845,10.0,3.678021290636383,1558,False,
1.035130495964782,0.8274062994023512,3.3044364124253316,33.9429751377742,"[{""power_percent"": 25, ""duration_minutes"": 52.28022540132754}, {""power_percent"": 50, ""duration_minutes"": 52.28022540132754}, {""power_percent"": 75, ""duration_minutes"": 52.28022540132754}]",WARM,0.7,120.0,326.43283437389067,3.385529719617368,10.509271149448686,34.4325281315594,50.548125988047026,198.27122978575005,163.21641718694534,30.0,5.054812598804703,1559,False,
2.9987661217594352,0.32730541349256015,0.6686888923765326,44.41991806042494,[],WARM,0.7,120.0,77.8465485170366,0.41725775586870484,49.98766121759435,33.990287177157654,40.5461082698512,42.97788508550342,38.9232742585183,0.0,4.054610826985121,1560,False,
0.8598349791304293,0.1114403789560715,4.243576854115896,31.522996882374088,"[{""power_percent"": 25, ""duration_minutes"": 59.55231484984473}, {""power_percent"": 50, ""duration_minutes"": 59.55231484984473}, {""power_percent"": 75, ""duration_minutes"": 59.55231484984473}]",HOT,2.0,200.0,361.06592295591076,4.364978380794457,7.665502563827584,24.464729919218623,36.22880757912143,214.15584223586754,180.53296147795538,30.0,3.622880757912143,1561,False,
0.5070890680856692,0.1867291342756195,6.982841959578491,42.35658632963663,"[{""power_percent"": 25, ""duration_minutes"": 55.2719798918982}, {""power_percent"": 50, ""duration_minutes"": 55.2719798918982}]",HOT,2.0,200.0,417.5569576233113,7.09524187461668,11.543692691666873,34.89011473695052,37.734582685512386,232.5519370802069,208.77847881165565,20.0,3.773458268551239,1562,False,
2.7692283388541963,0.1271943121491742,6.978903027645929,38.359483507123166,"[{""power_percent"": 25, ""duration_minutes"": 39.00291649962704}]",WARM,0.7,120.0,119.17747575708822,6.859293711634126,41.74213756356061,40.91405030609314,36.54388624298348,73.24312650284246,59.58873787854411,10.0,3.6543886242983485,1563,False,
2.830342750353096,0.13033541645501717,2.155663696761907,8.746861784762062,"[{""power_percent"": 25, ""duration_minutes"": 32.2429274451432}, {""power_percent"": 50, ""duration_minutes"": 32.2429274451432}, {""power_percent"": 75, ""duration_minutes"": 32.2429274451432}]",HOT,2.0,200.0,150.8499557896386,1.9796599397917853,31.466988386759482,22.97348892092113,36.60670832910034,109.08564872772934,75.4249778948193,30.0,3.6606708329100344,1564,False,
1.1846430983352219,0.8993183142665849,4.79526448663769,41.9390162699201,[],HOT,2.0,200.0,137.70211925792626,4.727512860323801,31.84643098335222,46.3823487444744,51.9863662853317,74.0496962574963,68.85105962896313,0.0,5.19863662853317,1565,False,
0.8977826584355708,0.18265251520263726,3.052279288915014,13.993122554433086,"[{""power_percent"": 25, ""duration_minutes"": 30.702235756823246}, {""power_percent"": 50, ""duration_minutes"": 30.702235756823246}, {""power_percent"": 75, ""duration_minutes"": 30.702235756823246}]",WARM,0.7,120.0,277.882943657091,2.9544334251746593,12.37249122083222,28.13318754214758,37.65305030405274,172.70677685895078,138.9414718285455,30.0,3.7653050304052744,1566,False,
1.1991466382261673,0.24031473004617615,4.001813394913884,11.49194123449362,"[{""power_percent"": 25, ""duration_minutes"": 45.67204994229479}]",WARM,0.7,120.0,188.70858742315954,3.7904712267340943,25.707863885146935,36.11724205211304,38.80629460092352,108.23492317167212,94.35429371157977,10.0,3.8806294600923525,1567,False,
0.6590793928877491,0.2974235766523952,0.6686888923765326,17.25536662111995,"[{""power_percent"": 25, ""duration_minutes"": 43.286045874176246}, {""power_percent"": 50, ""duration_minutes"": 43.286045874176246}, {""power_percent"": 75, ""duration_minutes"": 43.286045874176246}]",WARM,0.7,120.0,377.12493115682344,0.537716054010271,8.097887047751055,23.735961006399815,39.9484715330479,222.5573127317165,188.56246557841172,30.0,3.9948471533047902,1568,False,
2.0968677601690153,0.18158272200840186,3.8653640748615428,45.54558292980737,"[{""power_percent"": 25, ""duration_minutes"": 39.30149936916124}, {""power_percent"": 50, ""duration_minutes"": 39.30149936916124}, {""power_percent"": 75, ""duration_minutes"": 39.30149936916124}]",HOT,2.0,200.0,201.60344232926207,3.96066736014111,23.073452696315968,26.372585870599398,37.631654440168035,134.56488660864784,100.80172116463103,30.0,3.7631654440168036,1569,False,
2.6440883925092864,0.14648251963866304,2.1463439395664787,41.77369168678341,[],WARM,0.7,120.0,83.76243483735671,1.993222553986808,46.44088392509286,34.65047811479692,36.929650392773254,45.57418245795568,41.881217418678354,0.0,3.6929650392773254,1571,False,
1.0537484380922648,0.7066225835014821,6.873519458320196,38.053531346148745,[],WARM,0.7,120.0,168.26502484721377,6.761690708873397,30.53748438092265,50.82650991865818,48.13245167002964,88.94575759060984,84.13251242360688,0.0,4.813245167002965,1572,False,
1.5415977880241738,0.23812987211319936,6.98903181928774,42.07677035074574,"[{""power_percent"": 25, ""duration_minutes"": 23.30318896401792}, {""power_percent"": 50, ""duration_minutes"": 23.30318896401792}, {""power_percent"": 75, ""duration_minutes"": 23.30318896401792}]",WARM,0.7,120.0,194.33424254118353,7.0117380967633,19.920499535639053,37.33833509717226,38.76259744226399,131.04338101481815,97.16712127059176,30.0,3.876259744226399,1573,False,
2.4911341204723696,0.11124224486871383,3.2997369279145943,41.87803268794977,"[{""power_percent"": 25, ""duration_minutes"": 34.21267813729044}, {""power_percent"": 50, ""duration_minutes"": 34.21267813729044}, {""power_percent"": 75, ""duration_minutes"": 34.21267813729044}]",HOT,2.0,200.0,173.91498260917876,3.3419977936352696,27.77943948413013,24.855239761897614,36.224844897374275,120.57997579432681,86.95749130458938,30.0,3.6224844897374275,1575,False,
1.657827021636494,0.8912204399943418,5.624866871793962,42.146081186722576,[],WARM,0.7,120.0,117.62371040102175,5.513430278048837,36.57827021636494,50.54437902352003,51.82440879988683,63.99429608049956,58.81185520051088,0.0,5.182440879988683,1576,False,
0.7211293331067583,0.924208069955452,5.939066412451041,9.570859376986858,"[{""power_percent"": 25, ""duration_minutes"": 52.163795243816466}, {""power_percent"": 50, ""duration_minutes"": 52.163795243816466}, {""power_percent"": 75, ""duration_minutes"": 52.163795243816466}]",WARM,0.7,120.0,381.8697140013418,5.886137781120139,7.386724044495114,40.873888092424025,52.48416139910904,226.1832731405818,190.9348570006709,30.0,5.248416139910905,1577,False,
2.985575563794307,0.7886003143960124,6.967634490982581,10.792149601129921,"[{""power_percent"": 25, ""duration_minutes"": 51.62888041049814}]",HOT,2.0,200.0,103.6080940586924,6.712593246448085,43.274311617418164,45.849606342402375,49.77200628792025,66.78124765813823,51.8040470293462,10.0,4.977200628792025,1578,False,
1.1133511574946275,0.4091312671219281,2.050885634253926,31.829738797133103,"[{""power_percent"": 25, ""duration_minutes"": 59.9471882562136}, {""power_percent"": 50, ""duration_minutes"": 59.9471882562136}, {""power_percent"": 75, ""duration_minutes"": 59.9471882562136}]",WARM,0.7,120.0,338.6188683654955,2.13917158550558,10.141433336514234,26.216099530911766,42.18262534243856,203.52769671699158,169.30943418274774,30.0,4.218262534243856,1579,False,
1.1977411491507468,0.9251613716420587,6.443265487174072,11.280579950748525,"[{""power_percent"": 25, ""duration_minutes"": 47.31897662987938}, {""power_percent"": 50, ""duration_minutes"": 47.31897662987938}]",HOT,2.0,200.0,221.75786796104444,6.325677274172291,19.245513828519528,43.14932883626009,52.50322743284117,136.12925672380635,110.87893398052222,20.0,5.2503227432841175,1580,False,
0.9106301588352845,0.1872225835306862,1.5827514716360116,30.12323967027374,"[{""power_percent"": 25, ""duration_minutes"": 53.33006489507279}, {""power_percent"": 50, ""duration_minutes"": 53.33006489507279}, {""power_percent"": 75, ""duration_minutes"": 53.33006489507279}]",WARM,0.7,120.0,348.24826498683365,1.6490558979894614,9.106791854091927,23.212468105083705,37.74445167061373,207.8985776604782,174.12413249341682,30.0,3.774445167061373,1581,False,
1.4888818034551121,0.8080617899708151,3.0841286173054545,37.61857404650692,[],WARM,0.7,120.0,126.5323203116914,2.952284789446292,34.88881803455112,44.46499871426069,50.1612357994163,68.28228373578733,63.2661601558457,0.0,5.016123579941631,1582,False,
1.1717849853817826,0.19171205588406517,2.205289295294969,34.89659264545404,"[{""power_percent"": 25, ""duration_minutes"": 55.38997750115091}, {""power_percent"": 50, ""duration_minutes"": 55.38997750115091}, {""power_percent"": 75, ""duration_minutes"": 55.38997750115091}]",HOT,2.0,200.0,303.1487430490661,2.321967384255875,11.409353228645188,21.726025286095133,37.8342411176813,185.3577956363012,151.57437152453306,30.0,3.7834241117681304,1583,False,
0.9349012980406038,0.2538623499142916,0.26391594412715236,5.9106782195795695,[],WARM,0.7,120.0,176.71794807621384,-0.3360160384769944,29.349012980406037,33.918516310717195,39.07724699828583,92.2666987379355,88.35897403810692,0.0,3.907724699828583,1584,False,
2.6440883925092864,0.5016589197982406,2.045010690023096,38.95466668526438,"[{""power_percent"": 25, ""duration_minutes"": 47.0283373505989}, {""power_percent"": 50, ""duration_minutes"": 47.0283373505989}, {""power_percent"": 75, ""duration_minutes"": 47.0283373505989}]",WARM,0.7,120.0,224.0017393886977,2.0760601664861076,27.386633322503027,28.477378056071178,44.03317839596481,146.40418753394533,112.00086969434885,30.0,4.403317839596482,1585,False,
0.5190393527636428,0.36482005534907225,6.707777029649441,32.47465164138062,"[{""power_percent"": 25, ""duration_minutes"": 39.466620490001816}, {""power_percent"": 50, ""duration_minutes"": 39.466620490001816}, {""power_percent"": 75, ""duration_minutes"": 39.466620490001816}]",HOT,2.0,200.0,415.63768515359607,6.788263226857184,7.270400454136155,34.24139887938759,41.29640110698144,241.94848268749618,207.81884257679803,30.0,4.129640110698144,1586,False,
0.6005119896820891,0.13829318576422084,0.8854560855948341,31.40052514813454,"[{""power_percent"": 25, ""duration_minutes"": 53.92529671386428}, {""power_percent"": 50, ""duration_minutes"": 53.92529671386428}, {""power_percent"": 75, ""duration_minutes"": 53.92529671386428}]",HOT,2.0,200.0,419.482900533734,0.9996146470379508,5.916325389741251,23.035329353733196,36.76586371528442,243.41803663839542,209.741450266867,30.0,3.676586371528442,1587,False,
1.1341524900421933,0.19477461841383895,1.8366530558793182,33.56860635461619,"[{""power_percent"": 25, ""duration_minutes"": 54.158205366456535}, {""power_percent"": 50, ""duration_minutes"": 54.158205366456535}, {""power_percent"": 75, ""duration_minutes"": 54.158205366456535}]",WARM,0.7,120.0,319.30254551148505,1.9171732105046972,11.217794095453455,23.736363049743613,37.89549236827678,193.4408219925702,159.65127275574253,30.0,3.789549236827678,1588,False,
1.198607148695785,0.9988589313021702,4.860828296014494,43.26915706773367,[],HOT,2.0,200.0,136.6260043993346,4.800498952473065,31.98607148695785,47.70796376765503,53.977178626043404,73.71072006227163,68.3130021996673,0.0,5.397717862604341,1589,False,
0.8775060095529291,0.18330604551076218,6.971617988954206,38.3947927140953,"[{""power_percent"": 25, ""duration_minutes"": 39.00291649962704}]",WARM,0.7,120.0,235.96035457941716,6.927889421356286,22.82491427054794,41.57282102904874,37.66612091021524,131.7467893807301,117.98017728970858,10.0,3.7666120910215244,1590,False,
0.6590793928877491,0.30306197243882266,0.6686888923765326,21.464163919663637,"[{""power_percent"": 25, ""duration_minutes"": 52.4766706381126}, {""power_percent"": 50, ""duration_minutes"": 52.4766706381126}, {""power_percent"": 75, ""duration_minutes"": 52.4766706381126}]",WARM,0.7,120.0,405.9594446381956,0.5905407120933422,6.719293333160602,22.976465527082667,40.061239448776455,236.98584626397545,202.9797223190978,30.0,4.006123944877646,1591,False,
2.0236127893104108,0.11109637802947624,1.5826384312780644,6.108381440211131,"[{""power_percent"": 25, ""duration_minutes"": 59.49820849519858}, {""power_percent"": 50, ""duration_minutes"": 59.49820849519858}, {""power_percent"": 75, ""duration_minutes"": 59.49820849519858}]",WARM,0.7,120.0,268.95199265251244,1.4788388338325102,19.311396618824325,21.743594634341974,36.22192756058952,168.09818908231517,134.47599632625622,30.0,3.6221927560589524,1592,False,
0.9552636708919147,0.24786642885450902,2.0828032097603026,38.35577540574863,"[{""power_percent"": 25, ""duration_minutes"": 53.80269831567182}, {""power_percent"": 50, ""duration_minutes"": 53.80269831567182}, {""power_percent"": 75, ""duration_minutes"": 53.80269831567182}]",WARM,0.7,120.0,344.43953663147175,2.1981354103061332,9.482231961568372,24.89776071736425,38.95732857709018,206.1155011734449,172.21976831573588,30.0,3.8957328577090182,1593,False,
2.7612719241916284,0.2776888429070349,5.16526405874959,16.02861980396598,[],HOT,2.0,200.0,57.63137779875486,4.87898490060572,47.61271924191628,39.6627942323836,39.553776858140694,32.7710665851915,28.81568889937743,0.0,3.9553776858140695,1594,False,
0.9210451950019711,0.11344461170998021,1.6594193911087178,31.522996882374088,"[{""power_percent"": 25, ""duration_minutes"": 3.2943320865409866}, {""power_percent"": 50, ""duration_minutes"": 3.2943320865409866}, {""power_percent"": 75, ""duration_minutes"": 3.2943320865409866}]",HOT,2.0,200.0,180.69835310031758,1.6095985608625065,16.71630213703856,25.746006670513637,36.268892234199605,123.97606577357875,90.34917655015879,30.0,3.6268892234199606,1595,False,
0.6484203580293132,0.2565747200005274,2.9164224510235046,12.168129872018664,[],HOT,2.0,200.0,233.48185559985208,2.6914944159344443,26.48420358029313,34.911741542053335,39.131494400010546,120.65407723992709,116.74092779992604,0.0,3.913149440001055,1596,False,
1.8237964489347784,0.44609576837905623,4.654270827678278,31.696998491277434,[],WARM,0.7,120.0,106.25511997779378,4.4735009606685505,38.23796448934778,43.26169087590523,42.92191536758112,57.419751525655,53.12755998889689,0.0,4.2921915367581125,1597,False,
1.7335173635584842,0.40068814978007905,5.484130424282801,36.80709270937019,"[{""power_percent"": 25, ""duration_minutes"": 59.599912950256034}, {""power_percent"": 50, ""duration_minutes"": 59.599912950256034}, {""power_percent"": 75, ""duration_minutes"": 59.599912950256034}]",HOT,2.0,200.0,274.87114127787373,5.602432024847451,16.39518669304644,30.412526480403514,42.01376299560158,171.63694693849703,137.43557063893687,30.0,4.201376299560159,1598,False,
0.5631111799989479,0.611414641029977,1.6528053855141787,32.469045178000236,"[{""power_percent"": 25, ""duration_minutes"": 59.561078693010934}, {""power_percent"": 50, ""duration_minutes"": 59.561078693010934}, {""power_percent"": 75, ""duration_minutes"": 59.561078693010934}]",HOT,2.0,200.0,453.30118618504446,1.7917784454612553,4.696949996037839,26.670867838960383,46.22829282059954,261.2734223745822,226.65059309252223,30.0,4.622829282059954,1600,False,
0.5155759670437592,0.5302466733037552,3.0278897221637946,41.16619325341076,"[{""power_percent"": 25, ""duration_minutes"": 52.16887012409206}, {""power_percent"": 50, ""duration_minutes"": 52.16887012409206}, {""power_percent"": 75, ""duration_minutes"": 52.16887012409206}]",HOT,2.0,200.0,458.29322566086205,3.198770453374785,5.330429151823783,27.72354121280437,44.6049334660751,263.60710617703853,229.14661283043102,30.0,4.46049334660751,1601,False,
1.5448839916772714,0.8017906653927125,6.9824012277966,37.61425675735275,[],WARM,0.7,120.0,122.87894614675952,6.8482914086736235,35.44883991677271,52.186290440305754,50.03581330785425,66.44305440416518,61.43947307337976,0.0,5.003581330785425,1602,False,
0.7382913231591088,0.2847305424897958,1.7017347942426935,31.494031709914914,"[{""power_percent"": 25, ""duration_minutes"": 50.29198309277722}, {""power_percent"": 50, ""duration_minutes"": 50.29198309277722}, {""power_percent"": 75, ""duration_minutes"": 50.29198309277722}]",HOT,2.0,200.0,361.99598987575945,1.8000432808541507,7.839115767674507,23.48701844304221,39.694610849795914,214.96745602285932,180.99799493787972,30.0,3.9694610849795917,1603,False,
1.2009401545748362,0.41442650254482366,4.128256826861103,44.824344584180416,"[{""power_percent"": 25, ""duration_minutes"": 46.93354006681839}, {""power_percent"": 50, ""duration_minutes"": 46.93354006681839}]",COLD,0.1,20.0,266.71652740723016,4.173032368316829,19.31604753906652,36.21361928025099,42.28853005089647,157.58711670870474,133.35826370361508,20.0,4.228853005089647,1604,False,
2.959572329724499,0.2538623499142916,0.26391594412715236,5.01233358655931,[],WARM,0.7,120.0,66.68669859351482,-0.42239294754247175,49.59572329724499,33.918516310717195,39.07724699828583,37.251073996585994,33.34334929675741,0.0,3.907724699828583,1605,False,
0.9333910230436189,0.5642942740732851,6.421782869232345,47.00560103341458,"[{""power_percent"": 25, ""duration_minutes"": 9.646888183734763}, {""power_percent"": 50, ""duration_minutes"": 9.646888183734763}, {""power_percent"": 75, ""duration_minutes"": 9.646888183734763}]",HOT,2.0,200.0,202.24669737458066,6.483421499062291,15.886877002875973,38.746877090807985,45.2858854814657,135.6519372354369,101.12334868729033,30.0,4.52858854814657,1606,False,
0.5094509110796884,0.5302466733037552,3.0278897221637946,11.577760237381604,"[{""power_percent"": 25, ""duration_minutes"": 52.17811002874724}, {""power_percent"": 50, ""duration_minutes"": 52.17811002874724}, {""power_percent"": 75, ""duration_minutes"": 52.17811002874724}]",HOT,2.0,200.0,452.94230679141845,3.0215125772311384,5.267792606484799,27.722709621385402,44.6049334660751,260.93164674231673,226.47115339570922,30.0,4.46049334660751,1607,False,
1.1342167545564865,0.4187478758712334,1.5441000163515088,45.34196617978277,"[{""power_percent"": 25, ""duration_minutes"": 52.33090027003498}, {""power_percent"": 50, ""duration_minutes"": 52.33090027003498}, {""power_percent"": 75, ""duration_minutes"": 52.33090027003498}]",HOT,2.0,200.0,301.34514449260064,1.715775844058051,11.492532505059618,25.226993453448635,42.37495751742467,184.9100679980428,150.67257224630032,30.0,4.237495751742467,1608,False,
2.9870979106441826,0.28306527607942894,6.002699908845441,9.440483146065798,[],HOT,2.0,200.0,51.54810856037617,5.667858891296068,49.87097910644182,41.40218313064403,39.66130552158858,29.740184832346944,25.774054280188086,0.0,3.9661305521588583,1609,False,
2.6548542121382894,0.8188680661418007,6.644630596160933,44.01526371045138,[],HOT,2.0,200.0,68.2048567231764,6.53052800993811,46.548542121382894,49.11567798602348,50.377361322836016,39.14016449387181,34.1024283615882,0.0,5.037736132283602,1611,False,
0.590928272944282,0.20039806344808297,1.630175781222529,31.803274638694763,"[{""power_percent"": 25, ""duration_minutes"": 10.086291442358005}, {""power_percent"": 50, ""duration_minutes"": 10.086291442358005}, {""power_percent"": 75, ""duration_minutes"": 10.086291442358005}]",WARM,0.7,120.0,308.13777050241396,1.5896171724640005,12.396339013089117,27.357362094009833,38.00796126896166,187.86968137810314,154.06888525120698,30.0,3.800796126896166,1612,False,
0.5155759670437592,0.49098709234495924,1.5599837540495116,11.577760237381604,"[{""power_percent"": 25, ""duration_minutes"": 52.16887012409206}, {""power_percent"": 50, ""duration_minutes"": 52.16887012409206}, {""power_percent"": 75, ""duration_minutes"": 52.16887012409206}]",HOT,2.0,200.0,449.4166957560534,1.5533338871643276,5.330429151823783,26.076679288872207,43.819741846899184,259.0903220627166,224.7083478780267,30.0,4.381974184689919,1613,False,
2.9410250063139673,0.5261118786118111,6.3385330654694645,44.55699188653378,"[{""power_percent"": 25, ""duration_minutes"": 11.389073965197522}]",HOT,2.0,200.0,74.2587980569339,6.247623090501306,44.84079636487979,42.64873645532473,44.52223757223622,51.58162278569057,37.12939902846695,10.0,4.4522237572236225,1614,False,
0.85506868943586,0.673805706567179,6.6491280541694815,41.988717019458036,"[{""power_percent"": 25, ""duration_minutes"": 52.74816141054985}]",HOT,2.0,200.0,239.2692796624023,6.667605770119344,21.91327882383111,43.80147974482861,47.47611413134358,134.38225124433552,119.63463983120116,10.0,4.747611413134358,1615,False,
0.5070890680856692,0.4316982526188943,6.924893273087046,13.508354246686949,"[{""power_percent"": 25, ""duration_minutes"": 55.312328120248324}, {""power_percent"": 50, ""duration_minutes"": 55.312328120248324}, {""power_percent"": 75, ""duration_minutes"": 55.312328120248324}]",HOT,2.0,200.0,464.29551257537497,6.9395968202044855,4.774041462819442,34.052056046778475,42.63396505237789,266.4111527929253,232.14775628768749,30.0,4.263396505237789,1616,False,
0.5994850314629903,0.48561959457400994,4.344395354084496,43.55025406107784,"[{""power_percent"": 25, ""duration_minutes"": 54.020918689821535}, {""power_percent"": 50, ""duration_minutes"": 54.020918689821535}, {""power_percent"": 75, ""duration_minutes"": 54.020918689821535}]",HOT,2.0,200.0,423.8425868312638,4.531780233261908,5.891712511156674,29.654343160973177,43.712391891480195,246.29253260477992,211.9212934156319,30.0,4.37123918914802,1618,False,
2.953291208703397,0.32323532976422603,0.6686888923765326,21.464163919663637,"[{""power_percent"": 25, ""duration_minutes"": 23.214770749580374}, {""power_percent"": 50, ""duration_minutes"": 23.214770749580374}]",HOT,2.0,200.0,102.15958284548569,0.39377176904553923,39.21143501207593,31.14855992744282,40.46470659528452,75.1262620822713,51.079791422742844,20.0,4.046470659528452,1619,False,
0.6484203580293132,0.9818844221121918,2.9164224510235046,29.97737624467226,[],HOT,2.0,200.0,238.82462951164817,2.7983498941703657,26.48420358029313,43.61545796739331,53.637688442243835,124.77608360004847,119.41231475582408,0.0,5.363768844224384,1620,False,
1.7335173635584842,0.4255789632722784,5.484130424282801,5.061008943810347,"[{""power_percent"": 25, ""duration_minutes"": 54.76907722965422}, {""power_percent"": 50, ""duration_minutes"": 54.76907722965422}, {""power_percent"": 75, ""duration_minutes"": 54.76907722965422}]",HOT,2.0,200.0,250.85480898640037,5.397463015092287,17.119812051136712,31.145991457164065,42.51157926544557,159.67856241974474,125.42740449320019,30.0,4.251157926544557,1621,False,
1.035130495964782,0.15292023530610688,4.420712629629632,34.643511805077225,"[{""power_percent"": 25, ""duration_minutes"": 54.49366679834604}, {""power_percent"": 50, ""duration_minutes"": 54.49366679834604}, {""power_percent"": 75, ""duration_minutes"": 54.49366679834604}]",WARM,0.7,120.0,333.28331956513705,4.51264948101654,10.177254939895914,28.372038071081402,37.05840470612213,200.34750025318073,166.64165978256852,30.0,3.7058404706122134,1622,False,
1.2111948794569918,0.9915597730657392,6.5070841129596335,11.466563577882221,[],HOT,2.0,200.0,125.78461417890594,6.255435699248647,32.11194879456992,50.912885502708136,53.831195461314785,68.27542663558445,62.89230708945297,0.0,5.3831195461314785,1623,False,
0.6431206532996082,0.5302466733037552,2.9915726222343024,11.577760237381604,"[{""power_percent"": 25, ""duration_minutes"": 52.46812579226919}, {""power_percent"": 50, ""duration_minutes"": 52.46812579226919}, {""power_percent"": 75, ""duration_minutes"": 52.46812579226919}]",HOT,2.0,200.0,392.61543343950683,2.9807187349034154,6.560987664155703,27.623974002809437,44.6049334660751,230.76821006636092,196.30771671975342,30.0,4.46049334660751,1624,False,
0.9672537387895097,0.6490772206119862,6.970288275754506,43.93012498482658,"[{""power_percent"": 25, ""duration_minutes"": 44.21198666533142}, {""power_percent"": 50, ""duration_minutes"": 44.21198666533142}, {""power_percent"": 75, ""duration_minutes"": 44.21198666533142}]",WARM,0.7,120.0,315.39322979449923,7.0898148361078785,11.040739388095385,40.35042439897302,46.98154441223972,192.3947693384736,157.69661489724962,30.0,4.698154441223973,1625,False,
1.831879249954488,0.15241292402563933,3.3210352122638938,33.435866048760516,[],WARM,0.7,120.0,106.41388611988363,3.1503752385582775,38.318792499544884,37.07102551283546,37.048258480512786,56.91176890799309,53.206943059941814,0.0,3.7048258480512786,1626,False,
2.7577966889345333,0.2680034915380615,5.116795887326354,16.02861980396598,"[{""power_percent"": 25, ""duration_minutes"": 35.52052182893469}]",HOT,2.0,200.0,93.2203544497164,4.886176260421703,41.801940797898595,36.384018018241406,39.36006983076123,60.546184207934324,46.6101772248582,10.0,3.9360069830761235,1628,False,
2.5047593252194913,0.37550386709506034,6.912791212137671,29.55847150290159,"[{""power_percent"": 25, ""duration_minutes"": 22.889673368624628}, {""power_percent"": 50, ""duration_minutes"": 22.889673368624628}]",WARM,0.7,120.0,129.03288142096477,6.77773101488355,34.75862591533245,41.55824842729859,41.51007734190121,88.6674484446725,64.51644071048239,20.0,4.151007734190121,1629,False,
1.703692255247244,0.8954229189927614,6.98935996127766,36.856932251965034,[],WARM,0.7,120.0,113.60114957026167,6.844353864579559,37.03692255247244,53.323794950468454,51.908458379855226,61.991420623116355,56.800574785130834,0.0,5.190845837985523,1630,False,
2.9102802130552003,0.6843063489802195,0.37825099188453093,20.070371434807303,"[{""power_percent"": 25, ""duration_minutes"": 14.637914016282366}, {""power_percent"": 50, ""duration_minutes"": 14.637914016282366}, {""power_percent"": 75, ""duration_minutes"": 14.637914016282366}]",WARM,0.7,120.0,115.97628214554497,-0.11182424597998622,34.90711502810965,31.537761942528157,47.68612697960439,92.75675377073293,57.988141072772486,30.0,4.768612697960439,1631,False,
0.7211293331067583,0.9496182417814586,5.902759754581158,13.219201794290088,[],WARM,0.7,120.0,226.4728309950833,5.655229792022627,27.211293331067584,51.80093841053982,52.99236483562917,118.53565198110458,113.23641549754166,0.0,5.299236483562917,1632,False,
2.0968677601690153,0.4120566668904041,3.8653640748615428,13.596464585221895,"[{""power_percent"": 25, ""duration_minutes"": 4.7075752401526785}, {""power_percent"": 50, ""duration_minutes"": 4.7075752401526785}, {""power_percent"": 75, ""duration_minutes"": 4.7075752401526785}]",HOT,2.0,200.0,88.23693443886071,3.6651908776865714,28.262541315667253,32.25172638079419,42.24113333780808,78.34258055321116,44.11846721943036,30.0,4.224113333780808,1633,False,
0.5573990895688833,0.9689602442184174,4.797898450183059,41.095923354327525,"[{""power_percent"": 25, ""duration_minutes"": 58.15077337842007}, {""power_percent"": 50, ""duration_minutes"": 58.15077337842007}]",HOT,2.0,200.0,396.2373295101634,4.906479573483108,11.758913557846823,39.734273428281924,53.37920488436835,223.45658524351853,198.1186647550817,20.0,5.337920488436835,1634,False,
2.8470590725049765,0.39809606852164087,6.861422236145125,37.79784091404035,[],WARM,0.7,120.0,78.52529808004428,6.676326918729166,48.47059072504977,47.099997294549944,41.96192137043282,43.45884117706542,39.26264904002214,0.0,4.196192137043282,1635,False,
1.185182587865604,0.311593956130796,6.296352182051301,10.371658227802047,"[{""power_percent"": 25, ""duration_minutes"": 45.69764895765911}]",WARM,0.7,120.0,189.87192378685776,6.078872476861146,25.566943430773083,41.560902368942386,40.23187912261592,108.95914980569047,94.93596189342888,10.0,4.023187912261593,1636,False,
2.814591730769033,0.12654081192054395,1.5843733198352807,13.993122554433086,"[{""power_percent"": 25, ""duration_minutes"": 30.702235756823246}, {""power_percent"": 50, ""duration_minutes"": 30.702235756823246}, {""power_percent"": 75, ""duration_minutes"": 30.702235756823246}]",WARM,0.7,120.0,164.09834143532623,1.4098550932015879,31.54058194416684,24.524035164603,36.53081623841088,115.7022523415042,82.04917071766312,30.0,3.653081623841088,1637,False,
1.035130495964782,0.29262493862749706,3.274720960459015,34.70195540893381,"[{""power_percent"": 25, ""duration_minutes"": 54.28199921334183}, {""power_percent"": 50, ""duration_minutes"": 54.28199921334183}, {""power_percent"": 75, ""duration_minutes"": 54.28199921334183}]",WARM,0.7,120.0,332.66584989128137,3.366373470714052,10.209005077646546,27.77556125524723,39.852498772549936,200.31817482289568,166.33292494564068,30.0,3.9852498772549936,1638,False,
0.6362685376963173,0.10451042648517266,3.914871518120807,15.969249863200838,[],HOT,2.0,200.0,239.04029126082247,3.713236275792159,26.362685376963174,35.08386815406369,36.09020852970345,123.12916648338158,119.52014563041124,0.0,3.6090208529703456,1639,False,
2.953883510837269,0.2310354142745245,5.954231737343216,9.963103474038732,[],HOT,2.0,200.0,52.26953882504289,5.623855017753957,49.538835108372695,40.68088844598073,38.620708285490494,29.996840241070498,26.134769412521447,0.0,3.8620708285490495,1641,False,
1.5966171660702295,0.901635117374531,3.22360959613802,44.451753518830124,[],HOT,2.0,200.0,105.78415894502011,3.1544554306081913,35.966171660702294,43.26684060077041,52.03270234749062,58.09534970725912,52.892079472510055,0.0,5.203270234749063,1642,False,
1.2111948794569918,0.9967736483787967,6.5267264908087474,29.27586557051972,"[{""power_percent"": 25, ""duration_minutes"": 47.31897662987938}, {""power_percent"": 50, ""duration_minutes"": 47.31897662987938}, {""power_percent"": 75, ""duration_minutes"": 47.31897662987938}]",WARM,0.7,120.0,289.0843346663353,6.557890818943222,13.014102300088012,43.3560288654739,53.93547296757593,179.93571462992523,144.54216733316764,30.0,5.3935472967575935,1643,False,
2.4568404823109344,0.38735960503837674,3.0841993351655486,29.55847150290159,"[{""power_percent"": 25, ""duration_minutes"": 1.9773187948806452}, {""power_percent"": 50, ""duration_minutes"": 1.9773187948806452}]",HOT,2.0,200.0,72.37620394781993,2.935231182480282,36.37067294362128,32.698074803098784,41.747192100767535,60.36282118398672,36.188101973909966,20.0,4.174719210076754,1644,False,
0.5260132324659315,0.1000262040011231,1.5646101667558034,34.0575503301241,[],WARM,0.7,120.0,309.881193954601,1.449914939437911,25.260132324659313,32.929534781525085,36.00052408002246,158.54064938530274,154.9405969773005,0.0,3.600052408002246,1646,False,
0.5070890680856692,0.18268495545310418,6.924893273087046,41.81959034919799,"[{""power_percent"": 25, ""duration_minutes"": 54.355783847381424}, {""power_percent"": 50, ""duration_minutes"": 54.355783847381424}, {""power_percent"": 75, ""duration_minutes"": 54.355783847381424}]",HOT,2.0,200.0,469.9192505875276,7.106594604000952,4.9175231037494775,31.149985465347015,37.65369910906208,268.72499520467,234.9596252937638,30.0,3.7653699109062084,1647,False,
2.769408272462938,0.12926641726407256,4.445728597085247,12.231950922143215,"[{""power_percent"": 25, ""duration_minutes"": 30.72043309314848}, {""power_percent"": 50, ""duration_minutes"": 30.72043309314848}, {""power_percent"": 75, ""duration_minutes"": 30.72043309314848}]",HOT,2.0,200.0,148.49407944919798,4.288505270999034,31.08601776065711,27.677815222956003,36.585328345281454,107.90557255912714,74.24703972459899,30.0,3.6585328345281454,1648,False,
1.4226434422456355,0.6257669812475419,5.641880621558737,40.61708715183596,[],HOT,2.0,200.0,116.12264867981682,5.556677406779927,34.22643442245636,44.792965018087976,46.51533962495084,62.7128583024035,58.06132433990841,0.0,4.651533962495084,1649,False,
2.467625803000286,0.11418956982465216,5.847137244853874,37.6218108965264,"[{""power_percent"": 25, ""duration_minutes"": 59.31819960186651}, {""power_percent"": 50, ""duration_minutes"": 59.31819960186651}]",HOT,2.0,200.0,189.2101168561088,5.860799477316753,30.744438069816212,31.505457351491582,36.283791396493044,118.2334375677037,94.6050584280544,20.0,3.6283791396493044,1650,False,
1.1411622372769508,0.31718270632768264,6.178624666248924,20.959866804772453,[],HOT,2.0,200.0,136.23289845608787,5.98673737758648,31.411622372769507,42.163441808430036,40.34365412655365,72.1508146406993,68.11644922804393,0.0,4.034365412655365,1651,False,
2.830342750353096,0.13033541645501717,2.2392926961878605,8.746861784762062,"[{""power_percent"": 25, ""duration_minutes"": 37.13983273265821}, {""power_percent"": 50, ""duration_minutes"": 37.13983273265821}, {""power_percent"": 75, ""duration_minutes"": 37.13983273265821}]",HOT,2.0,200.0,165.54067165218365,2.077979655080284,30.73245259363223,22.70002544389669,36.60670832910034,116.43100665900185,82.77033582609182,30.0,3.6606708329100344,1652,False,
2.9425308085435957,0.572979780962498,3.7319647168171213,42.956592339634796,"[{""power_percent"": 25, ""duration_minutes"": 0.20407646513316013}]",WARM,0.7,120.0,78.56758075579445,3.5942071149783192,45.4151042621793,40.93356451123023,45.45959561924996,53.82974993982222,39.283790377897226,10.0,4.545959561924996,1653,False,
0.6412033158058131,0.1867291342756195,6.984032216070061,41.60885592655179,"[{""power_percent"": 25, ""duration_minutes"": 55.26273998723372}, {""power_percent"": 50, ""duration_minutes"": 55.26273998723372}, {""power_percent"": 75, ""duration_minutes"": 55.26273998723372}]",HOT,2.0,200.0,410.7060363099069,7.16182543895884,6.122622159973071,31.235167444596527,37.734582685512386,239.1264764235047,205.35301815495345,30.0,3.773458268551239,1654,False,
0.8598349791304293,0.13140470061527287,1.6594193911087178,38.32020442568047,"[{""power_percent"": 25, ""duration_minutes"": 59.58477147039712}, {""power_percent"": 50, ""duration_minutes"": 59.58477147039712}, {""power_percent"": 75, ""duration_minutes"": 59.58477147039712}]",HOT,2.0,200.0,363.2024550805599,1.821701532908775,7.660634070744726,20.8953881928301,36.62809401230545,215.26403694151048,181.60122754027995,30.0,3.6628094012305454,1655,False,
0.5279778895484994,0.19205064163176844,2.1969277691236933,9.865326526408147,"[{""power_percent"": 25, ""duration_minutes"": 57.85483974665593}, {""power_percent"": 50, ""duration_minutes"": 57.85483974665593}]",HOT,2.0,200.0,401.2720835900909,2.118710292193514,11.494294920819403,25.22717285302925,37.84101283263537,224.420143078309,200.63604179504546,20.0,3.7841012832635372,1656,False,
2.5160128909924366,0.31637285924511716,0.7247197402555101,20.444553985992854,[],WARM,0.7,120.0,80.25150270734521,0.4487465485317697,45.16012890992437,33.845913791452425,40.32745718490234,44.15849707216284,40.125751353672605,0.0,4.032745718490235,1657,False,
0.9672537387895097,0.7638493384617042,6.970288275754506,11.912044199372756,"[{""power_percent"": 25, ""duration_minutes"": 50.22022388227329}, {""power_percent"": 50, ""duration_minutes"": 50.22022388227329}, {""power_percent"": 75, ""duration_minutes"": 50.22022388227329}]",HOT,2.0,200.0,307.81251720968874,6.941731063045982,10.139503805554103,38.586948463644866,49.276986769234085,188.83395728176777,153.90625860484437,30.0,4.927698676923409,1658,False,
0.5120398100270884,0.1867291342756195,6.982841959578491,31.719019928562638,"[{""power_percent"": 25, ""duration_minutes"": 55.2719798918982}, {""power_percent"": 50, ""duration_minutes"": 55.2719798918982}, {""power_percent"": 75, ""duration_minutes"": 55.2719798918982}]",HOT,2.0,200.0,466.77761794509865,7.106490426424477,4.8296011164861525,31.23195534019358,37.734582685512386,267.16226724110055,233.38880897254933,30.0,3.773458268551239,1659,False,
0.8977826584355708,0.18423059423334695,3.151978383624905,13.993122554433086,"[{""power_percent"": 25, ""duration_minutes"": 32.66704970464236}, {""power_percent"": 50, ""duration_minutes"": 32.66704970464236}, {""power_percent"": 75, ""duration_minutes"": 32.66704970464236}]",WARM,0.7,120.0,283.77738550054835,3.0600269617280076,12.077769128659352,28.174689424632163,37.684611884666936,175.65715393874086,141.88869275027417,30.0,3.7684611884666936,1660,False,
1.7364079449684557,0.928683955546656,6.273427665349122,33.53057650563864,"[{""power_percent"": 25, ""duration_minutes"": 34.75043593179676}, {""power_percent"": 50, ""duration_minutes"": 34.75043593179676}, {""power_percent"": 75, ""duration_minutes"": 34.75043593179676}]",WARM,0.7,120.0,215.19571091989414,6.271406114379604,20.151514059915044,43.1635235633964,52.57367911093312,142.85522337104038,107.59785545994707,30.0,5.257367911093312,1662,False,
2.9987661217594352,0.4221133581323055,0.8806874215575897,21.464163919663637,[],WARM,0.7,120.0,70.9598222748082,0.5915217602051941,49.98766121759435,35.426735140702846,42.44226716264611,39.724137853668715,35.4799111374041,0.0,4.2442267162646115,1663,False,
2.796519664525043,0.6754178997028959,6.971617988954206,8.109007601357884,"[{""power_percent"": 25, ""duration_minutes"": 50.569449624232924}]",WARM,0.7,120.0,121.14025139766701,6.680980697605583,41.436724164038786,47.13116728561617,47.50835799405792,75.3209614982393,60.57012569883351,10.0,4.750835799405792,1664,False,
1.0500127405958943,0.6973827318531419,5.764233650919692,38.13594038634002,"[{""power_percent"": 25, ""duration_minutes"": 54.6843401731791}, {""power_percent"": 50, ""duration_minutes"": 54.6843401731791}]",HOT,2.0,200.0,262.1648719260285,5.828417463960254,17.03169338864103,38.615999673686346,47.94765463706284,155.87720142672055,131.08243596301426,20.0,4.794765463706284,1665,False,
2.3642440622322156,0.7255926500775141,6.902954866611187,35.92136124378962,"[{""power_percent"": 25, ""duration_minutes"": 11.244519248737129}, {""power_percent"": 50, ""duration_minutes"": 11.244519248737129}, {""power_percent"": 75, ""duration_minutes"": 11.244519248737129}]",WARM,0.7,120.0,122.45519260682714,6.819646829330845,29.955762735011586,44.1010148017662,48.51185300155028,96.0787816035686,61.22759630341357,30.0,4.851185300155028,1666,False,
1.2102475645584905,0.1509070702454816,3.3190640208444306,34.2445355998105,"[{""power_percent"": 25, ""duration_minutes"": 24.390894735752724}, {""power_percent"": 50, ""duration_minutes"": 24.390894735752724}, {""power_percent"": 75, ""duration_minutes"": 24.390894735752724}]",HOT,2.0,200.0,205.88762873556163,3.337294016068212,16.443841435221994,26.253832358416897,37.01814140490963,136.64562850827178,102.94381436778082,30.0,3.701814140490963,1667,False,
0.5959661252043303,0.924208069955452,5.829095165648509,9.306903518976029,"[{""power_percent"": 25, ""duration_minutes"": 49.06602226086114}, {""power_percent"": 50, ""duration_minutes"": 49.06602226086114}, {""power_percent"": 75, ""duration_minutes"": 49.06602226086114}]",WARM,0.7,120.0,416.1822955906513,5.770296008536774,6.599757912914132,40.932745167284935,52.48416139910904,243.33956393523655,208.09114779532564,30.0,5.248416139910905,1668,False,
0.6590793928877491,0.365913044051409,6.9931286692494545,21.464163919663637,"[{""power_percent"": 25, ""duration_minutes"": 52.4766706381126}, {""power_percent"": 50, ""duration_minutes"": 52.4766706381126}, {""power_percent"": 75, ""duration_minutes"": 52.4766706381126}]",WARM,0.7,120.0,405.9594446381956,7.014980488966263,6.719293333160602,36.25431350968569,41.31826088102818,237.11154840720062,202.9797223190978,30.0,4.131826088102819,1669,False,
0.85506868943586,0.11681981124064725,6.090133854811706,41.988717019458036,"[{""power_percent"": 25, ""duration_minutes"": 34.352548655388155}]",HOT,2.0,200.0,220.87366690724062,6.090215958006406,22.833059461589194,36.55152898484953,36.336396224812944,124.0704730761016,110.43683345362031,10.0,3.6336396224812946,1670,False,
0.597724873950122,0.7076861660140995,1.2292144921123,32.469045178000236,"[{""power_percent"": 25, ""duration_minutes"": 59.956092397440585}, {""power_percent"": 50, ""duration_minutes"": 59.956092397440585}, {""power_percent"": 75, ""duration_minutes"": 59.956092397440585}]",HOT,2.0,200.0,439.06056819758635,1.3679880454146183,4.983834879885132,28.63775669217494,48.15372332028199,254.34565643082138,219.53028409879317,30.0,4.8153723320282,1672,False,
2.9870979106441826,0.30041176630979577,6.002699908845441,16.54861804836806,[],HOT,2.0,200.0,53.680549031066846,5.710507700709882,49.87097910644182,41.61034101340843,40.008235326195916,30.841098048153015,26.840274515533423,0.0,4.000823532619592,1673,False,
0.985117352995562,0.1077863703917688,2.53506138303626,20.057613009480647,"[{""power_percent"": 25, ""duration_minutes"": 11.854947191415873}, {""power_percent"": 50, ""duration_minutes"": 11.854947191415873}, {""power_percent"": 75, ""duration_minutes"": 11.854947191415873}]",HOT,2.0,200.0,192.34824843582092,2.4395672085475693,16.07293145124324,25.296613963546314,36.15572740783537,129.789696958694,96.17412421791046,30.0,3.6155727407835374,1674,False,
0.5260132324659315,0.1000262040011231,1.5646101667558034,34.0575503301241,"[{""power_percent"": 25, ""duration_minutes"": 6.49632873153686}, {""power_percent"": 50, ""duration_minutes"": 6.49632873153686}, {""power_percent"": 75, ""duration_minutes"": 6.49632873153686}]",WARM,0.7,120.0,329.37018014921154,1.5294039256325216,12.285683014928784,26.34486519568677,36.00052408002246,198.28514248260802,164.68509007460577,30.0,3.600052408002246,1675,False,
1.2051520234735693,0.8565569389412463,3.3044364124253316,9.677315359914047,"[{""power_percent"": 25, ""duration_minutes"": 52.28022540132754}, {""power_percent"": 50, ""duration_minutes"": 52.28022540132754}, {""power_percent"": 75, ""duration_minutes"": 52.28022540132754}]",WARM,0.7,120.0,298.70949595994443,3.233134899849856,12.209486424536557,34.78233580602614,51.131138778824926,184.4678618578547,149.35474797997222,30.0,5.113113877882493,1676,False,
1.5243126399967888,0.3636288273318667,0.7727306216550565,36.07944113897257,[],WARM,0.7,120.0,123.7288419598735,0.6302347628890204,35.24312639996789,34.50900717129252,41.27257654663733,65.99167863460049,61.86442097993675,0.0,4.127257654663733,1678,False,
0.6215278836436556,0.32502880186314104,1.7285660167408015,45.06399554691862,[],WARM,0.7,120.0,269.3599396790039,1.6760888746765672,26.215278836436553,35.95747765583929,40.50057603726282,138.73002744322824,134.67996983950195,0.0,4.050057603726282,1679,False,
2.664087970986504,0.1058321245863306,2.220082278448764,31.357002689542348,"[{""power_percent"": 25, ""duration_minutes"": 49.25175494209374}, {""power_percent"": 50, ""duration_minutes"": 49.25175494209374}, {""power_percent"": 75, ""duration_minutes"": 49.25175494209374}]",HOT,2.0,200.0,211.9668126460012,2.23741604057284,27.253116468550978,21.277492107145058,36.11664249172661,139.59507057217326,105.9834063230006,30.0,3.611664249172661,1680,False,
1.2009401545748362,0.4243685616001442,2.574156249446847,44.824344584180416,"[{""power_percent"": 25, ""duration_minutes"": 46.88523138479131}, {""power_percent"": 50, ""duration_minutes"": 46.88523138479131}]",COLD,0.1,20.0,266.619910043176,2.618835173538519,19.32087840726923,33.22762135500794,42.487371232002886,157.5586921447883,133.309955021588,20.0,4.248737123200288,1681,False,
0.6503144610439735,0.7044648997483709,1.237085574953622,32.469045178000236,"[{""power_percent"": 25, ""duration_minutes"": 58.05515570249401}, {""power_percent"": 50, ""duration_minutes"": 58.05515570249401}, {""power_percent"": 75, ""duration_minutes"": 58.05515570249401}]",HOT,2.0,200.0,413.06382244113644,1.3680527346873466,5.794871255065631,28.754443633848748,48.08929799496742,241.34084102006497,206.53191122056822,30.0,4.808929799496742,1682,False,
1.2102475645584905,0.26573013646998345,1.5148025859934307,33.9429751377742,"[{""power_percent"": 25, ""duration_minutes"": 24.646966595966894}, {""power_percent"": 50, ""duration_minutes"": 24.646966595966894}, {""power_percent"": 75, ""duration_minutes"": 24.646966595966894}]",WARM,0.7,120.0,222.56537617759327,1.5059914340256373,16.405430656189868,26.60013981598964,39.31460272939967,145.2141483617366,111.28268808879663,30.0,3.931460272939967,1683,False,
0.7397085474556373,0.9410385890861482,6.957876716419752,9.055278373197599,"[{""power_percent"": 25, ""duration_minutes"": 44.010191245070935}]",WARM,0.7,120.0,264.009344346029,6.7486302360057815,21.196575912302826,50.48791076452115,52.82077178172296,147.2867493511868,132.0046721730145,10.0,5.282077178172297,1684,False,
0.5890079001905819,0.3614556999783464,0.6686888923765326,21.464163919663637,[],WARM,0.7,120.0,275.6047637665614,0.3759135598868911,25.890079001905818,34.40009061498709,41.22911399956693,141.9252932832374,137.8023818832807,0.0,4.122911399956693,1685,False,
2.6548542121382894,0.8188680661418007,6.221737644898532,16.832207691112544,[],WARM,0.7,120.0,76.04993991737476,5.918536722559675,46.548542121382894,50.86989208349868,50.377361322836016,43.06270609097098,38.02496995868738,0.0,5.037736132283602,1687,False,
2.3642440622322156,0.7486245614414333,0.7552326138824053,9.54918377883789,"[{""power_percent"": 25, ""duration_minutes"": 11.244519248737129}, {""power_percent"": 50, ""duration_minutes"": 11.244519248737129}, {""power_percent"": 75, ""duration_minutes"": 11.244519248737129}]",HOT,2.0,200.0,98.54353936734162,0.5396915118123552,29.955762735011586,34.46102277714605,48.972491228828666,84.16901880655368,49.27176968367081,30.0,4.897249122882867,1688,False,
1.212666434198335,0.951985428072202,6.54980703600234,11.466563577882221,[],WARM,0.7,120.0,141.6343303336905,6.272099760101699,32.12666434198335,53.123439208871105,53.03970856144404,76.12113602298966,70.81716516684526,0.0,5.303970856144404,1690,False,
0.639991179185566,0.7018156463555963,6.070905742211838,11.388203142730106,"[{""power_percent"": 25, ""duration_minutes"": 45.822154722999485}, {""power_percent"": 50, ""duration_minutes"": 45.822154722999485}, {""power_percent"": 75, ""duration_minutes"": 45.822154722999485}]",HOT,2.0,200.0,373.7611554350629,6.039101778069794,7.526588583405737,36.43960531562088,48.03631292711193,221.68420901024265,186.88057771753145,30.0,4.803631292711193,1691,False,
2.3642440622322156,0.7339016238124838,0.7552326138824053,28.04617749902339,"[{""power_percent"": 25, ""duration_minutes"": 10.430963587798225}, {""power_percent"": 50, ""duration_minutes"": 10.430963587798225}, {""power_percent"": 75, ""duration_minutes"": 10.430963587798225}]",WARM,0.7,120.0,117.65197050058055,0.6222328071506518,30.07779608415242,31.978497990612777,48.678032476249676,93.69378849791524,58.82598525029027,30.0,4.867803247624968,1692,False,
0.5260132324659315,0.1000262040011231,1.5646101667558034,31.39658306188416,[],HOT,2.0,200.0,293.082903774129,1.4599491358284713,25.260132324659313,32.07109411450187,36.00052408002246,150.14150429506677,146.5414518870645,0.0,3.600052408002246,1693,False,
2.985575563794307,0.9015650200141977,6.967634490982581,10.473274328133103,"[{""power_percent"": 25, ""duration_minutes"": 52.357963859205434}]",HOT,2.0,200.0,104.24151492550064,6.711409078258812,43.237857444982794,47.183310306359374,52.03130040028395,67.32388750277872,52.12075746275032,10.0,5.2031300400283955,1694,False,
1.7051558431374905,0.19171205588406517,5.405575801259822,34.89659264545404,"[{""power_percent"": 25, ""duration_minutes"": 52.37250639225948}, {""power_percent"": 50, ""duration_minutes"": 52.37250639225948}, {""power_percent"": 75, ""duration_minutes"": 52.37250639225948}]",HOT,2.0,200.0,254.05499592239295,5.491866642583824,17.195682472535985,28.39817069782507,37.8342411176813,160.81092207296462,127.02749796119647,30.0,3.7834241117681304,1695,False,
0.7140348952231529,0.1867291342756195,6.984032216070061,41.60885592655179,"[{""power_percent"": 25, ""duration_minutes"": 54.62062471420098}, {""power_percent"": 50, ""duration_minutes"": 54.62062471420098}, {""power_percent"": 75, ""duration_minutes"": 54.62062471420098}]",HOT,2.0,200.0,384.91829762789644,7.156985829963047,6.947255245101379,31.292957819169473,37.734582685512386,226.23260708249947,192.45914881394822,30.0,3.773458268551239,1697,False,
0.7567624158610298,0.917265001177576,5.939066412451041,9.5183798876703,"[{""power_percent"": 25, ""duration_minutes"": 52.163795243816466}, {""power_percent"": 50, ""duration_minutes"": 52.163795243816466}, {""power_percent"": 75, ""duration_minutes"": 52.163795243816466}]",WARM,0.7,120.0,372.05970315645936,5.884397580874069,7.743054872037828,40.79057126708951,52.345300023551516,221.26438158058482,186.02985157822968,30.0,5.234530002355152,1698,False,
0.9393589151290619,0.48299605059365563,6.7708562659218225,33.599086964817246,[],WARM,0.7,120.0,184.26309906237424,6.636876431105563,29.39358915129062,47.93766513896751,43.65992101187311,96.49754163237444,92.13154953118712,0.0,4.365992101187311,1699,False,
1.1926475036794155,0.6969748678359444,5.712516110415385,42.68846911936616,"[{""power_percent"": 25, ""duration_minutes"": 54.6843401731791}, {""power_percent"": 50, ""duration_minutes"": 54.6843401731791}]",HOT,2.0,200.0,246.4458276840665,5.798309705330763,18.458041019476244,38.50767022447136,47.93949735671889,148.01686357770515,123.22291384203325,20.0,4.793949735671889,1700,False,
2.7577966889345333,0.6491761850209674,6.964159078848683,16.02861980396598,"[{""power_percent"": 25, ""duration_minutes"": 35.52052182893469}]",WARM,0.7,120.0,109.2203544497164,6.70753945194403,41.801940797898595,47.25281672308093,46.98352370041935,69.30852959490014,54.6101772248582,10.0,4.698352370041935,1701,False,
0.5994850314629903,0.7106978951218577,4.445728597085247,41.819589085011046,"[{""power_percent"": 25, ""duration_minutes"": 54.06089055174719}, {""power_percent"": 50, ""duration_minutes"": 54.06089055174719}, {""power_percent"": 75, ""duration_minutes"": 54.06089055174719}]",HOT,2.0,200.0,423.4433029242207,4.622849401992034,5.885716731867825,32.55435178597554,48.21395790243715,246.54304725235406,211.72165146211034,30.0,4.821395790243716,1702,False,
0.6213908176528486,0.32502880186314104,1.7285660167408015,31.6756163513068,"[{""power_percent"": 25, ""duration_minutes"": 59.38299032517756}, {""power_percent"": 50, ""duration_minutes"": 59.38299032517756}, {""power_percent"": 75, ""duration_minutes"": 59.38299032517756}]",WARM,0.7,120.0,443.54563168280123,1.8339130531180612,5.306459627751854,24.61300852657331,40.50057603726282,255.8228734451269,221.77281584140061,30.0,4.050057603726282,1703,False,
0.5308047809100048,0.11481399130618936,1.7791571869621352,31.357002689542348,"[{""power_percent"": 25, ""duration_minutes"": 57.1936553060005}, {""power_percent"": 50, ""duration_minutes"": 57.1936553060005}, {""power_percent"": 75, ""duration_minutes"": 57.1936553060005}]",HOT,2.0,200.0,462.0778349308739,1.9056479777809907,4.728999513199973,20.672024544209954,36.29627982612379,264.6685454480493,231.03891746543695,30.0,3.6296279826123787,1704,False,
0.5860744998542862,0.1000262040011231,1.5646101667558034,41.699833559255396,"[{""power_percent"": 25, ""duration_minutes"": 6.49632873153686}, {""power_percent"": 50, ""duration_minutes"": 6.49632873153686}]",WARM,0.7,120.0,295.94276537305984,1.5463588455802382,17.211112125389178,28.539755057632874,36.00052408002246,171.57143509453218,147.97138268652992,20.0,3.600052408002246,1706,False,
2.959572329724499,0.25228427088843003,0.1969551205374065,5.01233358655931,[],WARM,0.7,120.0,66.68669859351482,-0.4893537711322176,49.59572329724499,34.033501009586345,39.0456854177686,37.24791783853427,33.34334929675741,0.0,3.9045685417768605,1707,False,
1.2009401545748362,0.3155484741767623,3.9167619350339975,44.824344584180416,"[{""power_percent"": 25, ""duration_minutes"": 46.68345574913838}, {""power_percent"": 50, ""duration_minutes"": 46.68345574913838}]",COLD,0.1,20.0,266.21635877187015,3.9610373078543635,19.34105597083452,34.61909821524084,40.310969483535246,157.1392763342886,133.10817938593507,20.0,4.031096948353524,1709,False,
1.2111948794569918,0.9915597730657392,6.5070841129596335,11.165517164106632,[],WARM,0.7,120.0,141.69430025477328,6.227629420765993,32.11194879456992,53.51288550270814,53.831195461314785,76.23026967351812,70.84715012738664,0.0,5.3831195461314785,1713,False,
1.0537484380922648,0.6988987461660555,0.16900851696843633,38.053531346148745,[],WARM,0.7,120.0,168.26502484721377,-0.24282023247836182,30.53748438092265,39.44876792005579,47.977974923321106,88.93030991593899,84.13251242360688,0.0,4.797797492332111,1715,False,
0.9393589151290619,0.48299605059365563,2.577435214902441,33.555062525926076,[],WARM,0.7,120.0,184.24989173070688,2.4431912334528354,29.39358915129062,39.55082303692875,43.65992101187311,96.49093796654076,92.12494586535344,0.0,4.365992101187311,1716,False,
1.5966171660702295,0.901635117374531,3.2349782003154277,44.407997102546034,[],HOT,2.0,200.0,105.77103202013488,3.1655614962878946,35.966171660702294,43.28957780912523,52.03270234749062,58.088786244816504,52.88551601006744,0.0,5.203270234749063,1717,False,
0.5111087230256737,0.7076499962004821,5.738309229578916,43.11814314489175,"[{""power_percent"": 25, ""duration_minutes"": 56.69235410905429}, {""power_percent"": 50, ""duration_minutes"": 56.69235410905429}, {""power_percent"": 75, ""duration_minutes"": 56.69235410905429}]",WARM,0.7,120.0,490.9921373771349,5.908650801854401,4.607234113898592,37.46610654374874,48.15299992400964,280.3113686809684,245.49606868856745,30.0,4.8152999924009645,1718,False,
2.7577966889345333,0.26797512566117027,5.116795887326354,8.920487676204361,"[{""power_percent"": 25, ""duration_minutes"": 35.36622541183621}]",HOT,2.0,200.0,90.93361839428943,4.843373171238035,41.809655618753524,36.388306520231666,39.359502513223404,59.40275944846705,45.46680919714471,10.0,3.9359502513223408,1719,False,
0.7278197404885458,0.5689753698164306,0.6565172102858075,21.675430445040384,"[{""power_percent"": 25, ""duration_minutes"": 27.957696905310133}]",WARM,0.7,120.0,255.055313101571,0.4074147002418181,21.880312559619952,34.07593911006625,45.37950739632861,142.06560729041834,127.5276565507855,10.0,4.537950739632861,1720,False,
0.5029276694388932,0.9214241292508518,6.469058615213009,11.466563577882221,[],WARM,0.7,120.0,316.1935930335499,6.219740889902745,25.029276694388933,52.59520678143624,52.428482585017036,163.33964477527667,158.09679651677496,0.0,5.242848258501704,1721,False,
0.6764608548734343,0.9047045442906059,6.771666465071208,21.464163919663637,"[{""power_percent"": 25, ""duration_minutes"": 53.30570835289012}, {""power_percent"": 50, ""duration_minutes"": 53.30570835289012}, {""power_percent"": 75, ""duration_minutes"": 53.30570835289012}]",WARM,0.7,120.0,402.5986951971992,6.795310139452921,6.768752295800826,42.20227370986957,52.094090885812115,236.50875668718083,201.2993475985996,30.0,5.209409088581212,1724,False,
0.5748821007811897,0.114631152384079,1.421980463412531,29.70689638073139,[],WARM,0.7,120.0,284.33513435001845,1.279226557665672,25.748821007811898,32.81953475543401,36.29262304768158,145.7968294797774,142.16756717500922,0.0,3.629262304768158,1726,False,
0.85506868943586,0.11681981124064725,4.0740016705543685,41.988717019458036,"[{""power_percent"": 25, ""duration_minutes"": 26.56907705415363}]",HOT,2.0,200.0,213.0901953060061,4.066300302147836,23.22223304165092,32.75276876437189,36.336396224812944,120.17873727548435,106.54509765300305,10.0,3.6336396224812946,1727,False,
1.0537484380922648,0.9708986568959345,6.873519458320196,38.053531346148745,[],WARM,0.7,120.0,168.26502484721377,6.761690708873397,30.53748438092265,53.99782279939161,53.417973137918686,89.47430973739876,84.13251242360688,0.0,5.341797313791869,1728,False,
0.590928272944282,0.1000262040011231,3.368871618320032,31.599261003475874,"[{""power_percent"": 25, ""duration_minutes"": 6.25564856048109}, {""power_percent"": 50, ""duration_minutes"": 6.25564856048109}, {""power_percent"": 75, ""duration_minutes"": 6.25564856048109}]",WARM,0.7,120.0,296.5846377662175,3.3155969991045597,12.970935445370655,29.97504931421024,36.00052408002246,181.892371291111,148.29231888310875,30.0,3.600052408002246,1729,False,
2.933031607359399,0.6292829628520007,5.905403904746911,43.34593235939502,"[{""power_percent"": 25, ""duration_minutes"": 52.5344140930385}, {""power_percent"": 50, ""duration_minutes"": 52.5344140930385}, {""power_percent"": 75, ""duration_minutes"": 52.5344140930385}]",WARM,0.7,120.0,236.2486461084158,5.967761476888019,29.450153959638214,37.234106095344366,46.585659257040014,152.78288897991192,118.1243230542079,30.0,4.658565925704002,1730,False,
2.5864050808206307,0.61085685428493,6.970288275754506,43.93012498482658,"[{""power_percent"": 25, ""duration_minutes"": 43.717189894356544}, {""power_percent"": 50, ""duration_minutes"": 43.717189894356544}]",WARM,0.7,120.0,173.10897301219384,6.959847202219353,33.49233181877065,43.24782740926678,46.217137085698596,111.17620021466678,86.55448650609692,20.0,4.621713708569859,1731,False,
1.035130495964782,0.8274062994023512,3.3044364124253316,32.52227781928044,"[{""power_percent"": 25, ""duration_minutes"": 59.65637898930278}, {""power_percent"": 50, ""duration_minutes"": 59.65637898930278}, {""power_percent"": 75, ""duration_minutes"": 59.65637898930278}]",WARM,0.7,120.0,348.13508594226823,3.3991339964703315,9.402848111252402,33.76867430864163,50.548125988047026,209.12235556993883,174.06754297113412,30.0,5.054812598804703,1732,False,
0.8983874394589613,0.40096527075152877,0.9433220556242667,47.00611230236301,"[{""power_percent"": 25, ""duration_minutes"": 50.368306617721}, {""power_percent"": 50, ""duration_minutes"": 50.368306617721}, {""power_percent"": 75, ""duration_minutes"": 50.368306617721}]",HOT,2.0,200.0,330.67257854509296,1.1285281517132493,9.428628401931462,26.39179154217492,42.01930541503057,199.53821981404954,165.33628927254648,30.0,4.2019305415030574,1733,False,
2.7791333684565003,0.28306527607942894,6.002699908845441,29.303555740990532,[],WARM,0.7,120.0,77.26472689367222,5.769355908553123,47.791333684565004,44.00218313064403,39.66130552158858,42.59849399899497,38.63236344683611,0.0,3.9661305521588583,1734,False,
0.5682396317814775,0.336194736507288,6.716014817245154,32.47465164138062,"[{""power_percent"": 25, ""duration_minutes"": 2.0646975486991614}, {""power_percent"": 50, ""duration_minutes"": 2.0646975486991614}, {""power_percent"": 75, ""duration_minutes"": 2.0646975486991614}]",HOT,2.0,200.0,278.4096283606003,6.682327234468275,13.3726916855099,37.280543693194836,40.72389473014576,173.27720365331473,139.20481418030016,30.0,4.072389473014576,1736,False,
0.5144045664004058,0.5180387143389702,3.3465660078002917,43.30822257214014,"[{""power_percent"": 25, ""duration_minutes"": 56.69235410905429}, {""power_percent"": 50, ""duration_minutes"": 56.69235410905429}, {""power_percent"": 75, ""duration_minutes"": 56.69235410905429}]",WARM,0.7,120.0,489.1688067833696,3.5179162229042795,4.640192547645913,30.40728471785334,44.3607742867794,279.0204808203627,244.5844033916848,30.0,4.43607742867794,1737,False,
0.5308047809100048,0.11481399130618936,1.658741327176292,34.01796995778228,"[{""power_percent"": 25, ""duration_minutes"": 59.49820849519858}, {""power_percent"": 50, ""duration_minutes"": 59.49820849519858}, {""power_percent"": 75, ""duration_minutes"": 59.49820849519858}]",WARM,0.7,120.0,485.78978467894007,1.7821115811721813,4.383316534820262,21.940411785458984,36.29627982612379,276.5245203220824,242.89489233947003,30.0,3.6296279826123787,1738,False,
1.1555336553388595,0.4255789632722784,2.283842631094293,5.061008943810347,"[{""power_percent"": 25, ""duration_minutes"": 54.76907722965422}, {""power_percent"": 50, ""duration_minutes"": 54.76907722965422}, {""power_percent"": 75, ""duration_minutes"": 54.76907722965422}]",HOT,2.0,200.0,294.1356868561653,2.2202945702325634,11.339974968940462,24.74541587078705,42.51157926544557,181.3190013546272,147.06784342808265,30.0,4.251157926544557,1740,False,
1.0578315172826402,0.7913403097853302,5.346271606409234,5.061008943810347,"[{""power_percent"": 25, ""duration_minutes"": 31.755630378166178}, {""power_percent"": 50, ""duration_minutes"": 31.755630378166178}, {""power_percent"": 75, ""duration_minutes"": 31.755630378166178}]",HOT,2.0,200.0,237.08471250216743,5.217591290515288,13.814970616101473,37.33062019620748,49.8268061957066,153.5250368706544,118.54235625108372,30.0,4.982680619570661,1741,False,
0.9316206562300872,0.7707923528060975,6.970288275754506,11.964523688690349,"[{""power_percent"": 25, ""duration_minutes"": 51.75931263571552}, {""power_percent"": 50, ""duration_minutes"": 51.75931263571552}, {""power_percent"": 75, ""duration_minutes"": 51.75931263571552}]",HOT,2.0,200.0,318.3770354020709,6.948088529544591,9.552309666943545,38.53174664796778,49.41584705612195,194.13010240664764,159.18851770103544,30.0,4.941584705612195,1743,False,
0.85506868943586,0.673805706567179,6.127466025484989,41.944692575351304,"[{""power_percent"": 25, ""duration_minutes"": 43.75406618087083}]",HOT,2.0,200.0,230.2619770994913,6.1366854995405316,22.36298358531506,43.02797854435,47.47611413134358,129.87859996288,115.13098854974565,10.0,4.747611413134358,1744,False,
1.2218453799924374,0.862524977218128,6.273427665349122,33.929313775286545,"[{""power_percent"": 25, ""duration_minutes"": 32.32915651399501}, {""power_percent"": 50, ""duration_minutes"": 32.32915651399501}, {""power_percent"": 75, ""duration_minutes"": 32.32915651399501}]",WARM,0.7,120.0,244.43138801536804,6.287117202343127,15.369080322825123,42.58753097105623,51.25049954436256,157.34074396212029,122.21569400768402,30.0,5.125049954436257,1745,False,
2.796519664525043,0.2518805242422661,5.106189588066645,43.01862966701036,"[{""power_percent"": 25, ""duration_minutes"": 50.45828721140551}]",HOT,2.0,200.0,115.50197560453535,5.05089886669911,41.442282284680154,35.72119685069832,39.037610484845324,71.6547488507522,57.75098780226767,10.0,3.9037610484845326,1746,False,
2.7809429952260403,0.15663641499821968,1.421980463412531,29.5519233434723,[],WARM,0.7,120.0,77.30411521022552,1.1900542836643233,47.8094299522604,33.3235979068037,37.13272829996439,42.3653304351092,38.65205760511276,0.0,3.7132728299964395,1747,False,
2.764252539801047,0.2776888429070349,5.16526405874959,16.49854085160317,[],HOT,2.0,200.0,57.71377937755187,4.881685202267167,47.64252539801047,39.6627942323836,39.553776858140694,32.81226737459001,28.856889688775937,0.0,3.9553776858140695,1749,False,
2.703224489081957,0.6330519947539366,6.971617988954206,43.173598533017405,"[{""power_percent"": 25, ""duration_minutes"": 49.34585259855559}]",WARM,0.7,120.0,132.28721934338918,6.893876453187586,40.564952260891786,46.659484336998986,46.66103989507873,80.80971366120247,66.14360967169459,10.0,4.6661039895078735,1750,False,
0.8562641075123458,0.46187758258952977,6.930431161335098,7.936419670849215,"[{""power_percent"": 25, ""duration_minutes"": 47.22383804598895}, {""power_percent"": 50, ""duration_minutes"": 47.22383804598895}, {""power_percent"": 75, ""duration_minutes"": 47.22383804598895}]",HOT,2.0,200.0,317.7320355448493,6.873470629197665,9.479065368225115,35.153247889605545,43.2375516517906,193.1897729376037,158.86601777242464,30.0,4.32375516517906,1751,False,
2.991864812579369,0.3345346589841469,0.9536807875013183,20.994242872026824,[],WARM,0.7,120.0,70.93422799210771,0.6619716522303045,49.918648125793695,34.521777482812396,40.69069317968294,39.536183314022146,35.467113996053854,0.0,4.069069317968294,1752,False,
0.9306248173874418,0.11681981124064725,6.090133854811706,41.988717019458036,"[{""power_percent"": 25, ""duration_minutes"": 34.714711627919684}]",HOT,2.0,200.0,206.99335970500047,6.0875558758608745,23.570512592478433,36.54066409567359,36.336396224812944,117.13031947498153,103.49667985250024,10.0,3.6336396224812946,1753,False,
0.5147029042529387,0.18401112180665746,5.719830091441832,43.07060043283334,"[{""power_percent"": 25, ""duration_minutes"": 55.312328120248324}, {""power_percent"": 50, ""duration_minutes"": 55.312328120248324}, {""power_percent"": 75, ""duration_minutes"": 55.312328120248324}]",HOT,2.0,200.0,468.78842214129986,5.911602562229459,4.850179824492136,28.669684113741205,37.68022243613315,268.16223331426323,234.39421107064993,30.0,3.768022243613315,1754,False,
0.5298367082864868,0.181589339221102,4.445728597085247,41.714374504734316,"[{""power_percent"": 25, ""duration_minutes"": 30.72043309314848}, {""power_percent"": 50, ""duration_minutes"": 30.72043309314848}, {""power_percent"": 75, ""duration_minutes"": 30.72043309314848}]",HOT,2.0,200.0,386.2817038552155,4.554982675061638,8.690302118892596,28.305690286440356,37.63178678442204,226.90403060604996,193.14085192760774,30.0,3.763178678442204,1756,False,
0.590928272944282,0.10128554707406512,1.0621967602733098,33.63197731395107,"[{""power_percent"": 25, ""duration_minutes"": 6.49632873153686}, {""power_percent"": 50, ""duration_minutes"": 6.49632873153686}, {""power_percent"": 75, ""duration_minutes"": 6.49632873153686}]",WARM,0.7,120.0,297.9164931725274,1.0218404794338554,12.93483341971229,25.355150499597084,36.0257109414813,182.56081768041182,148.9582465862637,30.0,3.6025710941481304,1758,False,
1.4226434422456355,0.624018219087635,5.462392163703357,42.14302997749926,[],HOT,2.0,200.0,116.58043152751581,5.386344605878526,34.22643442245636,44.41300295645833,46.4803643817527,62.938252201933174,58.29021576375791,0.0,4.648036438175271,1759,False,
0.9656547015191096,0.3143434600641158,6.178624666248924,21.278745843703213,[],HOT,2.0,200.0,160.21865165079433,5.995670953250378,29.656547015191098,42.12937085326723,40.286869201282315,84.1380127455254,80.10932582539716,0.0,4.028686920128232,1760,False,
2.162244244861468,0.29806525292691555,3.576286206040285,13.475891661688209,[],WARM,0.7,120.0,87.91513389812674,3.2726517862159556,41.62244244861468,39.329355447203554,39.96130505853831,47.953697454917204,43.95756694906337,0.0,3.996130505853831,1761,False,
0.8580794884401687,0.10446775607281959,1.7251201651072607,31.580650120005295,"[{""power_percent"": 25, ""duration_minutes"": 52.12769145196715}, {""power_percent"": 50, ""duration_minutes"": 52.12769145196715}, {""power_percent"": 75, ""duration_minutes"": 52.12769145196715}]",HOT,2.0,200.0,339.1662492367336,1.8246639606455874,8.761641166606616,21.11188051198227,36.08935512145639,203.19206013051246,169.5831246183668,30.0,3.6089355121456395,1762,False,
1.0439129880867293,0.6999141536905501,2.9915726222343024,11.577760237381604,"[{""power_percent"": 25, ""duration_minutes"": 54.68314135659012}, {""power_percent"": 50, ""duration_minutes"": 54.68314135659012}]",HOT,2.0,200.0,255.02974752167023,2.896648946848303,16.970815745208277,33.101126607359795,47.998283073811,152.3147020682162,127.51487376083512,20.0,4.799828307381101,1764,False,
2.6104307475213053,0.711978436652313,4.445728597085247,43.170047048960654,"[{""power_percent"": 25, ""duration_minutes"": 54.1466271252017}, {""power_percent"": 50, ""duration_minutes"": 54.1466271252017}, {""power_percent"": 75, ""duration_minutes"": 54.1466271252017}]",HOT,2.0,200.0,231.3526765172101,4.550771530853763,25.9823134064328,32.56200199273009,48.239568733046255,150.5002951319097,115.67633825860506,30.0,4.823956873304626,1765,False,
1.5415977880241738,0.9805793929303852,6.872131707019484,37.56981960236324,[],HOT,2.0,200.0,107.07259042461504,6.763886713112696,35.41597788024174,51.51121612920359,53.611587858607706,58.897453998168295,53.53629521230752,0.0,5.361158785860771,1766,False,
0.5230937240841089,0.4751062384919774,2.1969277691236933,33.12642183222276,"[{""power_percent"": 25, ""duration_minutes"": 57.697546533957585}, {""power_percent"": 50, ""duration_minutes"": 57.697546533957585}, {""power_percent"": 75, ""duration_minutes"": 57.697546533957585}]",HOT,2.0,200.0,468.2860615699501,2.3358551907555385,4.576305260747452,24.90235121209493,43.50212476983955,268.493243261959,234.14303078497505,30.0,4.3502124769839545,1767,False,
0.5034796746540361,0.1867291342756195,6.982841959578491,41.81959251992543,"[{""power_percent"": 25, ""duration_minutes"": 55.2719798918982}, {""power_percent"": 50, ""duration_minutes"": 55.2719798918982}, {""power_percent"": 75, ""duration_minutes"": 55.2719798918982}]",WARM,0.7,120.0,490.788441983243,7.141436267387576,4.743999762755632,33.83195534019358,37.734582685512386,279.16767926017275,245.3942209916215,30.0,3.773458268551239,1768,False,
0.5260132324659315,0.11290362775681731,1.5715080125687009,31.39658306188416,"[{""power_percent"": 25, ""duration_minutes"": 8.252241072594035}, {""power_percent"": 50, ""duration_minutes"": 8.252241072594035}, {""power_percent"": 75, ""duration_minutes"": 8.252241072594035}]",HOT,2.0,200.0,317.83962699191113,1.551603704859151,12.022296163770207,25.469125811410944,36.258072555136344,192.5456207514692,158.91981349595557,30.0,3.6258072555136347,1769,False,
2.581256748012762,0.28383831818313643,6.874569981620433,37.75883991690008,"[{""power_percent"": 25, ""duration_minutes"": 50.14105241235916}, {""power_percent"": 50, ""duration_minutes"": 50.14105241235916}]",HOT,2.0,200.0,168.2209850282398,6.866154856026041,32.7984622388917,36.14673663669696,39.67676636366273,108.07816915048618,84.1104925141199,20.0,3.967676636366273,1770,False,
1.1133511574946275,0.11492372046883566,2.0619376418740023,31.677915941192293,"[{""power_percent"": 25, ""duration_minutes"": 54.42510932567765}, {""power_percent"": 50, ""duration_minutes"": 54.42510932567765}, {""power_percent"": 75, ""duration_minutes"": 54.42510932567765}]",WARM,0.7,120.0,322.0070847171054,2.132746419198404,10.969745176094628,23.20470009006305,36.29847440937671,194.63338979949037,161.0035423585527,30.0,3.629847440937671,1772,False,
0.5308047809100048,0.7799098868417352,1.658741327176292,31.266587735826832,"[{""power_percent"": 25, ""duration_minutes"": 59.49820849519858}]",HOT,2.0,200.0,349.96795302195625,1.6326068708500514,18.33313738434012,36.256489732892284,49.598197736834706,189.9437962846616,174.98397651097812,10.0,4.959819773683471,1773,False,
2.793563694879251,0.5138172718560906,3.9722753200890004,45.54558292980737,"[{""power_percent"": 25, ""duration_minutes"": 11.334670514566891}, {""power_percent"": 50, ""duration_minutes"": 11.334670514566891}, {""power_percent"": 75, ""duration_minutes"": 11.334670514566891}]",HOT,2.0,200.0,99.86254230688775,3.955810281416375,34.23543637160747,33.090237556140075,44.27634543712181,84.35890569715606,49.93127115344387,30.0,4.427634543712181,1774,False,
2.664087970986504,0.1058321245863306,2.220082278448764,31.02384652296682,"[{""power_percent"": 25, ""duration_minutes"": 49.25175494209374}, {""power_percent"": 50, ""duration_minutes"": 49.25175494209374}, {""power_percent"": 75, ""duration_minutes"": 49.25175494209374}]",HOT,2.0,200.0,211.86686579602855,2.2354171035733867,27.253116468550978,21.277492107145058,36.11664249172661,139.54509714718694,105.93343289801427,30.0,3.611664249172661,1775,False,
2.9731551720508453,0.4185217219818436,5.585210989933012,5.061804300080899,[],HOT,2.0,200.0,50.4699948199562,5.224655608851463,49.731551720508456,42.19268264364814,42.370434439636874,29.472040853941788,25.2349974099781,0.0,4.237043443963688,1776,False,
2.959572329724499,0.4022907712581869,0.19990925059153686,20.00531513290914,[],WARM,0.7,120.0,71.18459305741978,-0.3964417517999883,49.59572329724499,35.82767075391517,42.04581542516374,39.79687807122626,35.59229652870989,0.0,4.204581542516374,1777,False,
1.2102475645584905,0.14555672354329469,3.3660460811758757,5.556729432878828,"[{""power_percent"": 25, ""duration_minutes"": 31.718601025769473}, {""power_percent"": 50, ""duration_minutes"": 31.718601025769473}, {""power_percent"": 75, ""duration_minutes"": 31.718601025769473}]",WARM,0.7,120.0,235.26440575553238,3.208132358268118,15.344685491719481,28.224098752552035,36.91113447086589,151.32331632485278,117.63220287776619,30.0,3.691113447086589,1778,False,
2.8731875293314943,0.9811442161256358,0.6686888923765326,21.224267083233144,[],WARM,0.7,120.0,73.07410563451145,0.2831069937026717,48.73187529331494,41.83635280875456,53.62288432251272,41.899341249507,36.53705281725573,0.0,5.3622884322512725,1780,False,
0.9632001256315103,0.767657381258917,6.970288275754506,31.352340524957796,"[{""power_percent"": 25, ""duration_minutes"": 7.094285196022625}, {""power_percent"": 50, ""duration_minutes"": 7.094285196022625}, {""power_percent"": 75, ""duration_minutes"": 7.094285196022625}]",HOT,2.0,200.0,184.919434443328,6.929157169467061,16.567858476911706,42.51397945897398,49.35314762517834,127.39503198418183,92.459717221664,30.0,4.935314762517834,1781,False,
1.6469156537494896,0.14025964745145647,0.2508380074740111,11.466563577882221,"[{""power_percent"": 25, ""duration_minutes"": 47.31897662987938}, {""power_percent"": 50, ""duration_minutes"": 47.31897662987938}, {""power_percent"": 75, ""duration_minutes"": 47.31897662987938}]",HOT,2.0,200.0,234.9762445618493,-0.11628230731903708,17.37131004301299,24.922731857780306,36.80519294902913,151.16864157582756,117.48812228092466,30.0,3.680519294902913,1783,False,
1.371492972190142,0.624018219087635,5.641880621558737,42.14302997749926,[],HOT,2.0,200.0,120.51277310597976,5.567879082536127,33.71492972190142,44.77197987216909,46.4803643817527,64.90442299116515,60.25638655298988,0.0,4.648036438175271,1784,False,
2.941611881954876,0.25228427088843003,0.1898448921995346,7.027253563630438,[],HOT,2.0,200.0,51.60062715353202,-0.4576560616968779,49.416118819548764,36.64772146626209,39.0456854177686,29.70488211854287,25.80031357676601,0.0,3.9045685417768605,1785,False,
2.7364854221101136,0.11443820265840908,6.4099608141809705,33.555062525926076,"[{""power_percent"": 25, ""duration_minutes"": 49.40748835909046}, {""power_percent"": 50, ""duration_minutes"": 49.40748835909046}, {""power_percent"": 75, ""duration_minutes"": 49.40748835909046}]",WARM,0.7,120.0,227.60381997049421,6.412054237529392,27.953730967237565,32.346506107944705,36.28876405316818,147.43078639056392,113.80190998524711,30.0,3.6288764053168183,1786,False,
2.724432888708143,0.12882802069779256,1.4222429311812252,31.580650120005295,"[{""power_percent"": 25, ""duration_minutes"": 52.14660173062381}, {""power_percent"": 50, ""duration_minutes"": 52.14660173062381}, {""power_percent"": 75, ""duration_minutes"": 52.14660173062381}]",HOT,2.0,200.0,219.47133000160298,1.4471893215448028,27.42233862748786,22.00825623025492,36.576560413955846,143.39332104219707,109.73566500080149,30.0,3.657656041395585,1787,False,
0.9393589151290619,0.496128751659464,6.7708562659218225,38.00257315475531,"[{""power_percent"": 25, ""duration_minutes"": 29.418432936722255}, {""power_percent"": 50, ""duration_minutes"": 29.418432936722255}]",WARM,0.7,120.0,244.42101079280016,6.762134214118635,18.451745857618395,42.33015157555388,43.922575033189275,146.602762899719,122.21050539640008,20.0,4.392257503318928,1788,False,
1.703692255247244,0.8381004564905911,6.437227959933988,37.032635308682856,[],WARM,0.7,120.0,113.65386048727702,6.293276081576195,37.03692255247244,51.53166139775507,50.76200912981182,61.90313115661969,56.82693024363851,0.0,5.076200912981182,1789,False,
2.8634839891811765,0.43142864074972403,0.37825099188453093,18.04236327710015,"[{""power_percent"": 25, ""duration_minutes"": 56.01753811699414}, {""power_percent"": 50, ""duration_minutes"": 56.01753811699414}, {""power_percent"": 75, ""duration_minutes"": 56.01753811699414}]",HOT,2.0,200.0,224.34906306051934,0.02801842633086718,28.232209174262643,27.37906327469815,42.62857281499448,146.43738881175912,112.17453153025967,30.0,4.262857281499448,1791,False,
1.657827021636494,0.8912204399943418,5.605224663427194,44.2125167928542,[],HOT,2.0,200.0,102.24364108286125,5.532186683318859,36.57827021636494,47.90509460678649,51.82440879988683,56.304261421419305,51.12182054143062,0.0,5.182440879988683,1792,False,
2.9410250063139673,0.5734334662445368,3.7094960947862843,42.92982104324644,"[{""power_percent"": 25, ""duration_minutes"": 9.541030206785388}, {""power_percent"": 50, ""duration_minutes"": 9.541030206785388}, {""power_percent"": 75, ""duration_minutes"": 9.541030206785388}]",HOT,2.0,200.0,91.00466345910634,3.6660571114135605,35.97909553212186,33.441501065896325,45.46866932489073,80.04919866204224,45.50233172955317,30.0,4.546866932489073,1793,False,
2.6182966382657664,0.5279481475185416,5.550351749408168,11.756003914374752,[],HOT,2.0,200.0,59.31595543123909,5.244155907363785,46.18296638265767,43.43608126903884,44.55896295037083,34.11387401065663,29.657977715619545,0.0,4.455896295037083,1794,False,
1.1656232489738754,0.6843063489802195,0.7631335706098445,20.070371434807303,"[{""power_percent"": 25, ""duration_minutes"": 17.270786933896087}, {""power_percent"": 50, ""duration_minutes"": 17.270786933896087}, {""power_percent"": 75, ""duration_minutes"": 17.270786933896087}]",WARM,0.7,120.0,201.01999262544655,0.6507432300614215,17.06561444965434,30.78357250493168,47.68612697960439,135.2786090106837,100.50999631272327,30.0,4.768612697960439,1795,False,
0.6444870611684393,0.4928700677873474,2.9915726222343024,12.896152570663173,[],HOT,2.0,200.0,235.11207529089427,2.771170055211544,26.444870611684394,37.89758605791677,43.857401355746944,121.94177778102183,117.55603764544713,0.0,4.385740135574695,1796,False,
1.6067993277432122,0.8274062994023512,3.319709063581238,10.943564886788602,"[{""power_percent"": 25, ""duration_minutes"": 57.87104130026325}, {""power_percent"": 50, ""duration_minutes"": 57.87104130026325}, {""power_percent"": 75, ""duration_minutes"": 57.87104130026325}]",WARM,0.7,120.0,284.7494811172504,3.2567116036930313,15.387337082392635,33.95990000296699,50.548125988047026,177.42955315742992,142.3747405586252,30.0,5.054812598804703,1799,False,
1.7373057767056543,0.2518805242422661,5.028989859730226,42.93759097945049,"[{""power_percent"": 25, ""duration_minutes"": 50.294019476914286}]",HOT,2.0,200.0,148.01588344883885,5.015417194015616,30.85835679321083,35.57172542606021,39.037610484845324,87.91170277290395,74.00794172441942,10.0,3.9037610484845326,1800,False,
2.089482679222813,0.25056407431149696,0.26111481264865705,6.310885081223831,"[{""power_percent"": 25, ""duration_minutes"": 42.96867058870667}]",WARM,0.7,120.0,131.15004016942942,-0.3196305134442058,34.74639326279279,30.595479148779447,39.01128148622994,79.4761482333377,65.57502008471471,10.0,3.9011281486229943,1801,False,
1.9024020716627472,0.7880212697400373,6.93745272167703,41.8671330612564,"[{""power_percent"": 25, ""duration_minutes"": 56.69235410905429}, {""power_percent"": 50, ""duration_minutes"": 56.69235410905429}, {""power_percent"": 75, ""duration_minutes"": 56.69235410905429}]",WARM,0.7,120.0,275.98488761885113,7.044636499505219,18.520167600269332,40.82884881041963,49.76042539480075,172.96848634890563,137.99244380942557,30.0,4.976042539480075,1802,False,
2.924213732027147,0.13036203927601697,6.924893273087046,41.81959034919799,"[{""power_percent"": 25, ""duration_minutes"": 55.312328120248324}, {""power_percent"": 50, ""duration_minutes"": 55.312328120248324}, {""power_percent"": 75, ""duration_minutes"": 55.312328120248324}]",HOT,2.0,200.0,228.27870155993406,7.012779250261893,28.945288102234215,30.436021486663947,36.60724078552034,147.80007485851905,114.13935077996703,30.0,3.6607240785520343,1804,False,
1.1986591024342017,0.8274062994023512,3.322562856663493,32.52227781928044,"[{""power_percent"": 25, ""duration_minutes"": 59.65637898930278}, {""power_percent"": 50, ""duration_minutes"": 59.65637898930278}, {""power_percent"": 75, ""duration_minutes"": 59.65637898930278}]",WARM,0.7,120.0,328.3656533949951,3.410719296449716,11.0381341759466,33.80492719711795,50.548125988047026,199.23763929630226,164.18282669749755,30.0,5.054812598804703,1805,False,
0.9393589151290619,0.5029773636956998,6.968377787480055,31.56637065434205,[],WARM,0.7,120.0,183.65328416923165,6.822201654800944,29.39358915129062,48.57248393930851,44.05954727391399,96.23259681200723,91.82664208461583,0.0,4.405954727391399,1806,False,
0.626271057603971,0.32502880186314104,1.5295818086666593,10.18265638323575,"[{""power_percent"": 25, ""duration_minutes"": 59.38299032517756}, {""power_percent"": 50, ""duration_minutes"": 59.38299032517756}, {""power_percent"": 75, ""duration_minutes"": 59.38299032517756}]",WARM,0.7,120.0,435.21667237291695,1.5057758756374477,5.355262027263075,24.21504011042503,40.50057603726282,251.65839379018476,217.60833618645847,30.0,4.050057603726282,1809,False,
1.656078093873172,0.5297514664447859,5.605224663427194,42.146081186722576,[],HOT,2.0,200.0,101.71926313208664,5.519858026792602,36.560780938731725,43.56746692419182,44.59502932889572,55.31913449893289,50.85963156604332,0.0,4.459502932889572,1810,False,
0.8521277838028731,0.5277152514662102,5.764233650919692,38.13594038634002,"[{""power_percent"": 25, ""duration_minutes"": 52.46932460885816}, {""power_percent"": 50, ""duration_minutes"": 52.46932460885816}]",HOT,2.0,200.0,290.90936821770924,5.831902831103334,15.274345377142915,36.71289084290242,44.554305029324205,169.91011461178704,145.45468410885462,20.0,4.455430502932421,1811,False,
1.048212695322609,0.6987729867836022,6.9902060598781945,42.67103459272186,"[{""power_percent"": 25, ""duration_minutes"": 21.01046300235088}, {""power_percent"": 50, ""duration_minutes"": 21.01046300235088}]",WARM,0.7,120.0,212.42296457378907,6.988324685626322,20.381080652991002,45.70506018101857,47.97545973567205,131.00902826046175,106.21148228689454,20.0,4.797545973567205,1813,False,
0.7895138788471923,0.1099612112781537,6.867071686929988,10.5105751223726,[],HOT,2.0,200.0,191.6434995199718,6.626554582510336,27.89513878847192,41.053677909197816,36.19922422556307,99.44167218254222,95.8217497599859,0.0,3.619922422556307,1814,False,
1.0078702968794975,0.6083998920751286,0.6462113506135556,20.070371434807303,"[{""power_percent"": 25, ""duration_minutes"": 13.381363740458816}, {""power_percent"": 50, ""duration_minutes"": 13.381363740458816}, {""power_percent"": 75, ""duration_minutes"": 13.381363740458816}]",HOT,2.0,200.0,193.49387680207414,0.4544628585685959,16.071498407726153,32.80405326703314,46.16799784150257,131.36373818518732,96.74693840103707,30.0,4.616799784150257,1815,False,
0.7071082360086653,0.5479302206033968,2.8291375016772937,12.737637069872886,[],HOT,2.0,200.0,214.45288903118873,2.6052789946561843,27.071082360086653,38.23343765059535,44.958604412067935,111.72230495680115,107.22644451559437,0.0,4.495860441206793,1816,False,
2.6600025449461584,0.61085685428493,5.933724287266125,42.688921576944814,"[{""power_percent"": 25, ""duration_minutes"": 43.717189894356544}, {""power_percent"": 50, ""duration_minutes"": 43.717189894356544}]",WARM,0.7,120.0,171.13197975357696,5.912892094718661,34.22830646002593,41.17469943229002,46.217137085698596,110.18770358535834,85.56598987678848,20.0,4.621713708569859,1817,False,
0.9077589156948395,0.40096527075152877,0.9433220556242667,47.00611230236301,"[{""power_percent"": 25, ""duration_minutes"": 50.368306617721}, {""power_percent"": 50, ""duration_minutes"": 50.368306617721}, {""power_percent"": 75, ""duration_minutes"": 50.368306617721}]",HOT,2.0,200.0,328.9488650853303,1.1281532926638143,9.522343164290241,26.39179154217492,42.01930541503057,198.6763630841682,164.47443254266514,30.0,4.2019305415030574,1818,False,
0.6213908176528486,0.32502880186314104,1.155377022779219,33.566306764730705,"[{""power_percent"": 25, ""duration_minutes"": 59.11360214307562}, {""power_percent"": 50, ""duration_minutes"": 59.11360214307562}, {""power_percent"": 75, ""duration_minutes"": 59.11360214307562}]",WARM,0.7,120.0,443.3046742605226,1.271260037090716,5.346867855067144,23.490875475039324,40.50057603726282,255.70239473398757,221.6523371302613,30.0,4.050057603726282,1819,False,
2.985575563794307,0.12937976640042537,6.967634490982581,10.882814849376981,"[{""power_percent"": 25, ""duration_minutes"": 51.62888041049814}, {""power_percent"": 50, ""duration_minutes"": 51.62888041049814}, {""power_percent"": 75, ""duration_minutes"": 51.62888041049814}]",HOT,2.0,200.0,206.8930544541628,6.856394998758564,30.11142357636835,30.84122694182543,36.587595328008504,137.10528675988226,103.4465272270814,30.0,3.6587595328008504,1820,False,
2.091004247768857,0.1938874461735084,6.231584618508055,44.55699188653378,"[{""power_percent"": 25, ""duration_minutes"": 44.72856335913788}]",HOT,2.0,200.0,128.33152667479843,6.208014963275641,34.673614309731676,37.44796169032407,37.877748923470165,77.95353822974623,64.16576333739921,10.0,3.7877748923470165,1821,False,
0.904853012371698,0.6843063489802195,0.37825099188453093,20.403527601523738,"[{""power_percent"": 25, ""duration_minutes"": 14.637914016282366}, {""power_percent"": 50, ""duration_minutes"": 14.637914016282366}, {""power_percent"": 75, ""duration_minutes"": 14.637914016282366}]",WARM,0.7,120.0,230.30758104518762,-0.029608220952347497,14.852843021274625,31.537761942528157,47.68612697960439,149.92240322055426,115.15379052259381,30.0,4.768612697960439,1822,False,
1.0578315172826402,0.4148365038544277,5.346271606409234,5.008661101218306,"[{""power_percent"": 25, ""duration_minutes"": 32.21141553374652}, {""power_percent"": 50, ""duration_minutes"": 32.21141553374652}, {""power_percent"": 75, ""duration_minutes"": 32.21141553374652}]",HOT,2.0,200.0,238.43636361613085,5.218644558926477,13.746602842764421,32.77155386103441,42.296730077088554,153.4478548157743,119.21818180806542,30.0,4.229673007708856,1823,False,
1.1373367357176851,0.26520702613583447,0.37529688602442446,5.218712006407565,"[{""power_percent"": 25, ""duration_minutes"": 56.01753811699414}, {""power_percent"": 50, ""duration_minutes"": 56.01753811699414}, {""power_percent"": 75, ""duration_minutes"": 56.01753811699414}]",WARM,0.7,120.0,316.0052894442814,-0.008831697014855144,10.970736639627733,22.790312111051694,39.304140522716686,191.93305877441236,158.0026447221407,30.0,3.9304140522716686,1824,False,
1.0578315172826402,0.4148365038544277,5.346271606409234,33.81085072949366,"[{""power_percent"": 25, ""duration_minutes"": 24.443219979824036}, {""power_percent"": 50, ""duration_minutes"": 24.443219979824036}, {""power_percent"": 75, ""duration_minutes"": 24.443219979824036}]",HOT,2.0,200.0,223.772433842846,5.368153110034362,14.911832175852794,33.47069146088744,42.296730077088554,146.11588992913187,111.886216921423,30.0,4.229673007708856,1825,False,
0.5283084400007602,0.10137619092455524,5.672881729595122,30.263385603459135,"[{""power_percent"": 25, ""duration_minutes"": 56.69235410905429}, {""power_percent"": 50, ""duration_minutes"": 56.69235410905429}, {""power_percent"": 75, ""duration_minutes"": 56.69235410905429}]",WARM,0.7,120.0,477.58112754892755,5.765406767943008,4.779231283649459,30.05996588047002,36.027523818491105,272.3933161563129,238.79056377446378,30.0,3.6027523818491107,1826,False,
1.7781305435104722,0.230010885075641,3.7078060947721547,9.814987471256998,"[{""power_percent"": 25, ""duration_minutes"": 52.33665977793226}, {""power_percent"": 50, ""duration_minutes"": 52.33665977793226}, {""power_percent"": 75, ""duration_minutes"": 52.33665977793226}]",HOT,2.0,200.0,242.81273630436797,3.6405807771930747,17.93080646841488,25.465443430438096,38.60021770151282,155.26638992233526,121.40636815218399,30.0,3.860021770151282,1827,False,
0.5949923746465461,0.11099111310264193,1.5646101667558034,12.15902504180195,"[{""power_percent"": 25, ""duration_minutes"": 51.168759235671786}, {""power_percent"": 50, ""duration_minutes"": 51.168759235671786}, {""power_percent"": 75, ""duration_minutes"": 51.168759235671786}]",WARM,0.7,120.0,423.758056450901,1.5292708997277689,6.274609861114694,22.455925359532852,36.21982226205284,245.5010104516558,211.8790282254505,30.0,3.621982226205284,1828,False,
1.19084745840613,0.7074578199382661,6.648646845223254,42.84875580215498,"[{""power_percent"": 25, ""duration_minutes"": 52.2577496963062}, {""power_percent"": 50, ""duration_minutes"": 52.2577496963062}]",HOT,2.0,200.0,241.83084338647035,6.730620981092551,18.68269961443068,40.651322547927336,48.14915639876532,145.73033733311172,120.91542169323517,20.0,4.814915639876532,1829,False,
1.2233371977226333,0.9997833067309645,6.54193165616169,5.063912079490691,[],WARM,0.7,120.0,138.63459010855826,6.2253816407297276,32.233371977226334,53.681262993094954,53.99566613461929,74.71686166774106,69.31729505427913,0.0,5.399566613461929,1830,False,
2.958985454083589,0.5261118786118111,6.3385330654694645,43.304924614569714,"[{""power_percent"": 25, ""duration_minutes"": 4.75281979571713}]",WARM,0.7,120.0,82.93734800025696,6.2067560147892555,45.352213551050035,45.44782408040915,44.52223757223622,55.9208977573521,41.46867400012848,10.0,4.4522237572236225,1831,False,
0.8662596041913656,0.4721186470878922,2.220082278448764,31.357002689542348,[],HOT,2.0,200.0,181.06535414596618,2.101573910418364,28.66259604191366,36.10558832195223,43.442372941757846,94.87691436715888,90.53267707298309,0.0,4.344237294175785,1832,False,
0.9136981878056376,0.15236572535052914,1.5295452374377927,29.5519233434723,[],WARM,0.7,120.0,187.53357252051566,1.3723088499864011,29.136981878056375,33.48747917908194,37.04731450701058,97.47151771095889,93.76678626025783,0.0,3.7047314507010585,1833,False,
1.048212695322609,0.6934898824323296,6.960424967347967,33.650045156210666,[],HOT,2.0,200.0,151.69574173813396,6.8483967304723254,30.48212695322609,48.24272852388388,47.86979764864659,80.63485063393163,75.84787086906698,0.0,4.786979764864659,1834,False,
0.6845685027597694,0.918638516958434,6.800030126850932,45.83595233374519,[],WARM,0.7,120.0,247.3669141741769,6.749663100743011,26.845685027597696,53.223722457203074,52.37277033916868,128.92073412100532,123.68345708708846,0.0,5.237277033916868,1837,False,
0.904853012371698,0.8398338617582382,0.39654010018076247,41.5962063281355,[],HOT,2.0,200.0,176.75164261432403,0.03792321765470752,29.04853012371698,43.28492614073733,50.796677235164765,93.45548903067849,88.37582130716201,0.0,5.079667723516477,1839,False,
2.9618233152118454,0.4185217219818436,4.684420201711763,5.009443824462976,[],HOT,2.0,200.0,50.647312589986264,4.324003932050067,49.61823315211846,40.391101067205646,42.370434439636874,29.56069973895682,25.323656294993132,0.0,4.237043443963688,1840,False,
0.524656700679498,0.14491743960406872,1.5646101667558034,31.39658306188416,"[{""power_percent"": 25, ""duration_minutes"": 52.3241475237727}, {""power_percent"": 50, ""duration_minutes"": 52.3241475237727}, {""power_percent"": 75, ""duration_minutes"": 52.3241475237727}]",HOT,2.0,200.0,450.79265501478426,1.6769758396712469,5.397944878229073,21.90061566459768,36.89834879208137,259.0861623866003,225.39632750739213,30.0,3.6898348792081372,1841,False,
0.7895138788471923,0.46565674513804134,4.857712075251983,11.912044199372756,[],HOT,2.0,200.0,192.06394024307184,4.625603785294331,27.89513878847192,41.30330509216046,43.31313490276082,100.36328361181201,96.03197012153592,0.0,4.331313490276083,1842,False,
0.5279778895484994,0.19205064163176844,2.1816551179682766,31.445094046988253,"[{""power_percent"": 25, ""duration_minutes"": 59.64002015613099}, {""power_percent"": 50, ""duration_minutes"": 59.64002015613099}]",HOT,2.0,200.0,411.3163746652151,2.2364866069805283,11.315776879871896,25.089516726149913,37.84101283263537,229.4422886158711,205.65818733260755,20.0,3.7841012832635372,1844,False,
0.5260132324659315,0.8373282502879555,1.6255668087526396,30.698110954919688,[],WARM,0.7,120.0,308.8733621420397,1.4907149451835207,25.260132324659313,41.899072620960744,50.74656500575911,159.51133757159576,154.43668107101985,0.0,5.0746565005759114,1846,False,
2.8709288653270635,0.40699498190825634,6.709820911895416,37.79784091404035,[],HOT,2.0,200.0,62.0872507894237,6.549770802766575,48.70928865327063,44.30358160668991,42.139899638165126,35.25761535852836,31.04362539471185,0.0,4.213989963816513,1847,False,
0.8558954898222141,0.48592770917080697,1.5261359570331186,33.55175403695317,"[{""power_percent"": 25, ""duration_minutes"": 52.12769145196715}, {""power_percent"": 50, ""duration_minutes"": 52.12769145196715}, {""power_percent"": 75, ""duration_minutes"": 52.12769145196715}]",HOT,2.0,200.0,340.203642547823,1.6375937360178505,8.739801180427069,26.087368365306403,43.71855418341614,204.47367669225312,170.1018212739115,30.0,4.371855418341614,1848,False,
1.703692255247244,0.11635388795169066,6.4031287688466705,37.59916071044208,[],HOT,2.0,200.0,97.82381810780478,6.288576042899433,37.03692255247244,40.202504193113626,36.32707775903381,52.544616829805776,48.91190905390239,0.0,3.6327077759033815,1849,False,
0.5070890680856692,0.17378849642083238,6.923925183030319,41.81959034919799,"[{""power_percent"": 25, ""duration_minutes"": 55.312328120248324}, {""power_percent"": 50, ""duration_minutes"": 55.312328120248324}, {""power_percent"": 75, ""duration_minutes"": 55.312328120248324}]",HOT,2.0,200.0,472.78888340612826,7.108496146762825,4.774041462819442,30.955202792288276,37.475769928416646,270.1420186959058,236.39444170306413,30.0,3.747576992841665,1850,False,
2.703224489081957,0.6330519947539366,6.971617988954206,40.150761080988495,"[{""power_percent"": 25, ""duration_minutes"": 49.34585259855559}]",WARM,0.7,120.0,131.38036810778053,6.875739428475413,40.564952260891786,46.659484336998986,46.66103989507873,80.35628804339814,65.69018405389026,10.0,4.6661039895078735,1851,False,
2.6093292165711968,0.9011548685294923,4.645881402121605,11.844527821290889,[],HOT,2.0,200.0,59.53939692189071,4.340575400386502,46.093292165711965,46.10562122659712,52.023097370589845,34.97200819800434,29.769698460945357,0.0,5.202309737058985,1852,False,
0.6754335926717749,0.32323532976422603,0.6686888923765326,21.685183549411033,[],HOT,2.0,200.0,227.08512236418338,0.3997826499661278,26.75433592671775,36.54144617241764,40.46470659528452,117.58903184162014,113.54256118209169,0.0,4.046470659528452,1853,False,
0.6397623701843816,0.5029773636956998,2.022701066026619,31.90866404811672,[],WARM,0.7,120.0,258.5346541752004,1.8905625555079442,26.397623701843816,38.681130496401636,44.05954727391399,133.67328181499158,129.2673270876002,0.0,4.405954727391399,1855,False,
0.7517184713073319,0.7854722671373715,5.650517631097585,32.22966506733402,"[{""power_percent"": 25, ""duration_minutes"": 46.73002468409828}, {""power_percent"": 50, ""duration_minutes"": 46.73002468409828}, {""power_percent"": 75, ""duration_minutes"": 46.73002468409828}]",HOT,2.0,200.0,347.90176216345697,5.742016956701589,8.507681010458576,36.52100024627478,49.70944534274743,208.92182561600322,173.95088108172848,30.0,4.970944534274743,1857,False,
0.6221417370491141,0.6027842092306716,6.971617988954206,31.52330588011303,"[{""power_percent"": 25, ""duration_minutes"": 49.2803930360552}, {""power_percent"": 50, ""duration_minutes"": 49.2803930360552}, {""power_percent"": 75, ""duration_minutes"": 49.2803930360552}]",WARM,0.7,120.0,412.9007863492873,7.045713333861083,6.829358415082862,39.3414111154315,46.05568418461343,241.05596159310497,206.45039317464364,30.0,4.605568418461344,1858,False,
0.5030093684208643,0.9729661882005038,5.885534290684407,9.325997686145794,"[{""power_percent"": 25, ""duration_minutes"": 45.64343380182574}, {""power_percent"": 50, ""duration_minutes"": 45.64343380182574}, {""power_percent"": 75, ""duration_minutes"": 45.64343380182574}]",WARM,0.7,120.0,452.4332821991061,5.820300203469923,6.183578613934783,41.93875379761055,53.45932376401008,261.562573475954,226.21664109955304,30.0,5.3459323764010085,1859,False,
1.035130495964782,0.8274062994023512,3.3044364124253316,34.44190751548253,"[{""power_percent"": 25, ""duration_minutes"": 59.65637898930278}, {""power_percent"": 50, ""duration_minutes"": 59.65637898930278}, {""power_percent"": 75, ""duration_minutes"": 59.65637898930278}]",WARM,0.7,120.0,348.71097485112887,3.410651774647544,9.402848111252402,33.76867430864163,50.548125988047026,209.41030002436915,174.35548742556443,30.0,5.054812598804703,1861,False,
0.5859872724829893,0.5278994716285087,2.840601561862166,11.573022061453592,"[{""power_percent"": 25, ""duration_minutes"": 45.91154407176257}, {""power_percent"": 50, ""duration_minutes"": 45.91154407176257}, {""power_percent"": 75, ""duration_minutes"": 45.91154407176257}]",HOT,2.0,200.0,395.6847947511411,2.8123348355468556,6.9731411140655055,27.8839578168078,44.557989432570174,232.29819631882756,197.84239737557056,30.0,4.455798943257018,1862,False,
2.79291036802155,0.9041201128007285,6.739731800942455,10.905685048914833,[],WARM,0.7,120.0,71.47912187771993,6.395449496515082,47.929103680215505,52.92890495549365,52.08240225601457,40.947801164461424,35.73956093885997,0.0,5.2082402256014575,1863,False,
1.8547082823613543,0.9251652159320906,6.900249876960827,26.91437370792246,[],WARM,0.7,120.0,103.44956426201662,6.689547787913907,38.54708282361354,53.50248234510674,52.50330431864181,56.975112562872496,51.72478213100831,0.0,5.250330431864182,1865,False,
1.6598669856058241,0.32323532976422603,0.6686888923765326,21.464163919663637,"[{""power_percent"": 25, ""duration_minutes"": 23.214770749580374}, {""power_percent"": 50, ""duration_minutes"": 23.214770749580374}]",HOT,2.0,200.0,141.73747762454602,0.4455087379694421,26.2771927811002,31.14855992744282,40.46470659528452,94.91520947180146,70.86873881227301,20.0,4.046470659528452,1866,False,
0.5111087230256737,0.6936437427281253,6.170448788857252,43.11814314489175,"[{""power_percent"": 25, ""duration_minutes"": 53.58152053454566}, {""power_percent"": 50, ""duration_minutes"": 53.58152053454566}, {""power_percent"": 75, ""duration_minutes"": 53.58152053454566}]",WARM,0.7,120.0,481.659636653609,6.331457860409211,5.073859150074886,38.442285642342895,47.872874854562504,275.6171058122608,240.8298183268045,30.0,4.78728748545625,1868,False,
0.5565059578300169,0.3997826344827514,2.8344409077063664,36.80709270937019,"[{""power_percent"": 25, ""duration_minutes"": 53.11786677710474}, {""power_percent"": 50, ""duration_minutes"": 53.11786677710474}, {""power_percent"": 75, ""duration_minutes"": 53.11786677710474}]",HOT,2.0,200.0,438.4346214650429,2.980376825980701,5.597379561734456,25.68566541926632,41.99565268965503,253.41687600148694,219.21731073252144,30.0,4.199565268965503,1869,False,
2.760575341093782,0.4120566668904041,1.6689944962608543,13.840404891148179,"[{""power_percent"": 25, ""duration_minutes"": 30.684034525412113}, {""power_percent"": 50, ""duration_minutes"": 30.684034525412113}, {""power_percent"": 75, ""duration_minutes"": 30.684034525412113}]",HOT,2.0,200.0,149.04072431136302,1.5216660155402288,31.003148232126005,26.84512790287605,42.24113333780808,108.74447548946232,74.52036215568151,30.0,4.224113333780808,1870,False,
0.9656547015191096,0.10711870327826256,6.178624666248924,21.278745843703213,"[{""power_percent"": 25, ""duration_minutes"": 3.9667769739550645}]",HOT,2.0,200.0,164.1854286247494,6.019637730224332,25.458208166493346,37.52367046261834,36.14237406556525,95.70695171893122,82.0927143123747,10.0,3.614237406556525,1872,False,
1.218954798587908,0.38247107345832515,5.484130424282801,5.952156696322488,"[{""power_percent"": 25, ""duration_minutes"": 56.42577961761371}, {""power_percent"": 50, ""duration_minutes"": 56.42577961761371}, {""power_percent"": 75, ""duration_minutes"": 56.42577961761371}]",HOT,2.0,200.0,292.6192305836642,5.42836251137006,11.725681043237024,30.479593564480275,41.6494214691665,180.47455743874875,146.3096152918321,30.0,4.16494214691665,1873,False,
0.5388845695174826,0.10399128913411779,1.5646101667558034,29.065345983048395,"[{""power_percent"": 25, ""duration_minutes"": 52.3241475237727}, {""power_percent"": 50, ""duration_minutes"": 52.3241475237727}, {""power_percent"": 75, ""duration_minutes"": 52.3241475237727}]",HOT,2.0,200.0,442.54479291882,1.662419302444713,5.54022356660892,21.409501858958265,36.079825782682356,254.88037903767824,221.27239645941,30.0,3.6079825782682358,1874,False,
1.2111948794569918,0.277042351417079,6.469058615213009,13.940793125852975,[],WARM,0.7,120.0,142.52688304329718,6.206255578789846,32.11194879456992,44.862625447430965,39.54084702834158,75.21752622448274,71.26344152164859,0.0,3.9540847028341584,1875,False,
0.9568352802050106,0.5029773636956998,6.955290165170132,31.268176293587423,[],WARM,0.7,120.0,180.64724765745507,6.806625811723455,29.568352802050107,48.54630869468866,44.05954727391399,94.72957855611894,90.32362382872753,0.0,4.405954727391399,1876,False,
0.5669573483329989,0.611414641029977,1.2292144921123,9.973287825044759,"[{""power_percent"": 25, ""duration_minutes"": 51.66521804656536}, {""power_percent"": 50, ""duration_minutes"": 51.66521804656536}, {""power_percent"": 75, ""duration_minutes"": 51.66521804656536}]",HOT,2.0,200.0,421.0578069045577,1.2093715792689448,5.9197907763451845,28.228677083944238,46.22829282059954,245.15173273433882,210.52890345227885,30.0,4.622829282059954,1877,False,
1.0438740106746969,0.9692406914504206,3.7107029760031747,31.03030508152583,"[{""power_percent"": 25, ""duration_minutes"": 9.195507284561735}]",HOT,2.0,200.0,160.7001008198887,3.6123253533499033,25.978964742518883,42.77642903087455,53.38481382900841,95.68853179284518,80.35005040994434,10.0,5.3384813829008415,1878,False,
2.963167776491916,0.32637109606957654,6.785107615303936,45.065826900113024,[],HOT,2.0,200.0,62.641248880759,6.664975865644937,49.63167776491916,43.48666838344279,40.52742192139153,35.37336663251865,31.3206244403795,0.0,4.052742192139153,1881,False,
1.1887412010414096,0.8381804827022347,6.330302525017983,42.7628790612056,"[{""power_percent"": 25, ""duration_minutes"": 20.839011045241385}, {""power_percent"": 50, ""duration_minutes"": 20.839011045241385}]",WARM,0.7,120.0,195.19078510382212,6.323008173434042,21.803510905889958,46.0684301797483,50.76360965404469,122.67175351731554,97.59539255191106,20.0,5.0763609654044695,1882,False,
0.9270031004892656,0.3121818889450116,6.178624666248924,21.280438820339324,[],HOT,2.0,200.0,166.69588817726233,5.997227175151389,29.270031004892658,42.10343199983798,40.24363777890023,87.37230786652118,83.34794408863117,0.0,4.024363777890023,1883,False,
0.5653660611346039,0.924208069955452,5.902759754581158,9.570859376986858,"[{""power_percent"": 25, ""duration_minutes"": 52.46305091199359}, {""power_percent"": 50, ""duration_minutes"": 52.46305091199359}, {""power_percent"": 75, ""duration_minutes"": 52.46305091199359}]",WARM,0.7,120.0,440.07523984564403,5.8569594211336735,5.784202974546999,40.77434176654832,52.48416139910904,255.28603606273293,220.03761992282202,30.0,5.248416139910905,1884,False,
2.0968677601690153,0.6813034287437006,3.880574871429193,13.464589159873178,"[{""power_percent"": 25, ""duration_minutes"": 30.684034525412113}, {""power_percent"": 50, ""duration_minutes"": 30.684034525412113}, {""power_percent"": 75, ""duration_minutes"": 30.684034525412113}]",HOT,2.0,200.0,166.1267496670344,3.757539799557908,24.366072422878336,33.1752277804957,47.62606857487401,117.8259816910046,83.0633748335172,30.0,4.762606857487401,1885,False,
2.581256748012762,0.29652597853884477,6.874569981620433,37.75883991690008,"[{""power_percent"": 25, ""duration_minutes"": 51.773334195901064}, {""power_percent"": 50, ""duration_minutes"": 51.773334195901064}]",HOT,2.0,200.0,171.4855485953236,6.869419419593124,32.63523406053751,36.20105165395294,39.930519570776895,109.7358262547395,85.7427742976618,20.0,3.9930519570776895,1886,False,
1.8262902807296124,0.21826534685588883,6.528185543567965,26.978308392954965,[],WARM,0.7,120.0,104.72720454753942,6.31900378269651,38.26290280729612,44.275555249406594,38.36530693711778,56.20013296748149,52.36360227376971,0.0,3.836530693711778,1889,False,
0.6274492928104731,0.15915502683019717,0.4029341167821713,31.84000358620233,"[{""power_percent"": 25, ""duration_minutes"": 54.008950789214744}, {""power_percent"": 50, ""duration_minutes"": 54.008950789214744}]",WARM,0.7,120.0,371.1330456345292,0.3188940681653958,12.873597849183255,25.263455041045138,37.183100536603945,209.284832870925,185.5665228172646,20.0,3.7183100536603946,1890,False,
0.8598298962632905,0.46565674513804134,6.867071686929988,11.912044199372756,[],HOT,2.0,200.0,176.52672387143465,6.632150756275692,28.598298962632906,45.32202431551647,43.31313490276082,92.59467542599342,88.26336193571733,0.0,4.331313490276083,1891,False,
2.544459861627686,0.8894140401042716,4.64956096118978,10.866694417613935,"[{""power_percent"": 25, ""duration_minutes"": 46.95356161851729}, {""power_percent"": 50, ""duration_minutes"": 46.95356161851729}, {""power_percent"": 75, ""duration_minutes"": 46.95356161851729}]",HOT,2.0,200.0,201.5723010494095,4.541843418085907,26.401564373499262,35.746269857964265,51.78828080208543,135.96497860491328,100.78615052470475,30.0,5.178828080208543,1892,False,
0.7071082360086653,0.5479302206033968,1.5326628682437295,33.501662901546105,[],HOT,2.0,200.0,220.6820967806907,1.4333885162126598,27.071082360086653,37.5098369107533,44.958604412067935,114.83690883155214,110.34104839034535,0.0,4.495860441206793,1893,False,
0.9005457775503715,0.8398338617582382,0.13614609582855053,41.56943503174715,[],HOT,2.0,200.0,177.53648851307838,-0.22245912508298152,29.005457775503714,43.805714149441755,50.796677235164765,93.84791198005567,88.76824425653919,0.0,5.079667723516477,1895,False,
0.5212117959195823,0.6514367610931169,0.8390453146245099,34.92122195246117,"[{""power_percent"": 25, ""duration_minutes"": 22.40327109285916}, {""power_percent"": 50, ""duration_minutes"": 22.40327109285916}, {""power_percent"": 75, ""duration_minutes"": 22.40327109285916}]",HOT,2.0,200.0,363.9770571512594,0.8829339877810711,9.851627295266947,32.12285610551106,47.028735221862334,216.6914020978159,181.9885285756297,30.0,4.702873522186233,1896,False,
1.6018767276320367,0.8898942889493102,3.227289155204597,9.486547453100876,"[{""power_percent"": 25, ""duration_minutes"": 58.68493268155178}, {""power_percent"": 50, ""duration_minutes"": 58.68493268155178}, {""power_percent"": 75, ""duration_minutes"": 58.68493268155178}]",HOT,2.0,200.0,271.0409266031777,3.184188168862576,15.2160273740876,31.851665836461258,51.797885778986206,170.70025187948747,135.52046330158885,30.0,5.179788577898621,1898,False,
1.19084745840613,0.7200044061890153,6.821089340252051,42.84875580215498,"[{""power_percent"": 25, ""duration_minutes"": 21.01046300235088}, {""power_percent"": 50, ""duration_minutes"": 21.01046300235088}]",HOT,2.0,200.0,179.3362699985597,6.8405689027334375,21.807428283826212,43.02160377463124,48.40008812378031,114.50814381165787,89.66813499927984,20.0,4.840008812378031,1899,False,
2.974827441968272,0.5479302206033968,2.8291375016772937,12.737637069872886,[],WARM,0.7,120.0,68.7443838636971,2.4885702264178002,49.74827441968272,40.83343765059534,44.958604412067935,38.86805237305534,34.37219193184855,0.0,4.495860441206793,1900,False,
0.9198962608573857,0.4021427771157134,3.2009969235011915,44.824344584180416,"[{""power_percent"": 25, ""duration_minutes"": 33.253052070342484}, {""power_percent"": 50, ""duration_minutes"": 33.253052070342484}]",WARM,0.7,120.0,257.515272622547,3.2416532447126634,17.87365740153961,33.8325240481704,42.042855542314264,152.96192186550493,128.7576363112735,20.0,4.204285554231427,1901,False,
0.925867949681526,0.32502880186314104,6.598189797751656,9.841790534821634,"[{""power_percent"": 25, ""duration_minutes"": 59.57835153353054}, {""power_percent"": 50, ""duration_minutes"": 59.57835153353054}, {""power_percent"": 75, ""duration_minutes"": 59.57835153353054}]",WARM,0.7,120.0,358.19773591992816,6.560940877573914,8.321926766785682,34.334673579843255,40.50057603726282,213.14892556369037,179.09886795996408,30.0,4.050057603726282,1902,False,
0.7013637675192568,0.15762785265664708,0.9961471802231778,41.96682818951638,"[{""power_percent"": 25, ""duration_minutes"": 54.03594227883518}]",HOT,2.0,200.0,278.99503693771186,1.0219295409383409,20.31184056125081,30.278161603068355,37.15255705313294,153.21277417416923,139.49751846885593,10.0,3.715255705313294,1905,False,
2.9731551720508453,0.4185217219818436,5.636623776052351,31.109429861238574,[],HOT,2.0,200.0,58.284282488303504,5.432354148337748,49.731551720508456,42.29550821588683,42.370434439636874,33.37918468811544,29.142141244151752,0.0,4.237043443963688,1907,False,
2.681610549500934,0.526259293856926,4.536466421801933,11.760742090302763,[],HOT,2.0,200.0,57.96475674757153,4.227766452363711,46.81610549500934,41.38804436988698,44.52518587713852,33.43489696149962,28.982378373785764,0.0,4.452518587713852,1908,False,
0.8158917991463313,0.4111486315740076,5.957021831493812,36.415248187820744,"[{""power_percent"": 25, ""duration_minutes"": 52.163795243816466}, {""power_percent"": 50, ""duration_minutes"": 52.163795243816466}]",HOT,2.0,200.0,297.6000724201239,6.0152052391425155,14.942538467081665,35.717999527246725,42.222972631480154,173.02233347320998,148.80003621006196,20.0,4.222297263148016,1909,False,
2.973546819845757,0.9508603235737206,6.98935996127766,5.727856682717203,[],WARM,0.7,120.0,66.66316554083167,6.606785228580131,49.73546819845757,53.98904380543996,53.01720647147441,38.633303417563276,33.331582770415835,0.0,5.301720647147441,1912,False,
2.051850378368507,0.4307969178808444,3.8671429363030208,29.296686366689674,"[{""power_percent"": 25, ""duration_minutes"": 4.7075752401526785}, {""power_percent"": 50, ""duration_minutes"": 4.7075752401526785}, {""power_percent"": 75, ""duration_minutes"": 4.7075752401526785}]",HOT,2.0,200.0,94.51647726950607,3.7629717650888765,27.81236749766217,32.48016711556243,42.61593835761688,81.51983247051473,47.258238634753035,30.0,4.261593835761689,1916,False,
1.7359214773861908,0.2538623499142916,0.2347783655776743,5.063912079490691,[],WARM,0.7,120.0,102.42861204260437,-0.40227502104082924,37.35921477386191,33.97679146781615,39.07724699828583,55.12203072113077,51.214306021302185,0.0,3.907724699828583,1917,False,
0.590928272944282,0.3094464174491569,1.5646101667558034,31.599261003475874,"[{""power_percent"": 25, ""duration_minutes"": 51.24625114764757}, {""power_percent"": 50, ""duration_minutes"": 51.24625114764757}]",WARM,0.7,120.0,380.3101943800694,1.5750611041541829,12.78465761467806,28.36780227404263,40.18892834898314,214.173990024933,190.1550971900347,20.0,4.018892834898314,1918,False,
2.1674517281706422,0.29806525292691555,3.576286206040285,13.203041999906818,[],WARM,0.7,120.0,87.66660611112673,3.2708063889129004,41.67451728170642,39.329355447203554,39.96130505853831,47.82943356141719,43.83330305556336,0.0,3.996130505853831,1920,False,
2.7932228842746785,0.9736639972352589,6.782529086759717,37.688535780566234,[],WARM,0.7,120.0,79.50796811002658,6.598931386072127,47.93222884274678,53.84902614034254,53.473279944705176,45.10131204948381,39.75398405501329,0.0,5.347327994470518,1924,False,
2.6644479634870737,0.8188680661418007,5.597712043277115,5.2862225492776425,[],HOT,2.0,200.0,56.3827065062841,5.250851460033298,46.644479634870734,47.02184088025584,50.377361322836016,33.22908938542565,28.19135325314205,0.0,5.037736132283602,1928,False,
2.960467702258269,0.32323532976422603,0.6686888923765326,29.723749941626288,"[{""power_percent"": 25, ""duration_minutes"": 22.24677028363647}, {""power_percent"": 50, ""duration_minutes"": 22.24677028363647}]",HOT,2.0,200.0,102.5783353526027,0.4411062245032325,39.37999999421905,31.206639955399456,40.46470659528452,75.3356383358298,51.28916767630135,20.0,4.046470659528452,1930,False,
0.5111087230256737,0.42439698086795463,5.723098399111823,43.11814314489175,"[{""power_percent"": 25, ""duration_minutes"": 56.69235410905429}, {""power_percent"": 50, ""duration_minutes"": 56.69235410905429}, {""power_percent"": 75, ""duration_minutes"": 56.69235410905429}]",WARM,0.7,120.0,490.9921373771349,5.893439971387308,4.607234113898592,34.03664869882422,42.48793961735909,279.74486265030333,245.49606868856745,30.0,4.248793961735909,1932,False,
2.6104307475213053,0.6992910787086386,4.445728597085247,43.170047048960654,"[{""power_percent"": 25, ""duration_minutes"": 54.1466271252017}, {""power_percent"": 50, ""duration_minutes"": 54.1466271252017}, {""power_percent"": 75, ""duration_minutes"": 54.1466271252017}]",HOT,2.0,200.0,231.3526765172101,4.550771530853763,25.9823134064328,32.409753697406,47.985821574172775,150.47492041602234,115.67633825860506,30.0,4.798582157417278,1933,False,
0.5908219800484956,0.13961210734624743,1.5646101667558034,31.599261003475874,"[{""power_percent"": 25, ""duration_minutes"": 1.9807305924972027}, {""power_percent"": 50, ""duration_minutes"": 1.9807305924972027}, {""power_percent"": 75, ""duration_minutes"": 1.9807305924972027}]",WARM,0.7,120.0,283.80555103076597,1.4985150453522107,13.611110211610377,27.22629986834183,36.79224214692495,175.58199973007547,141.90277551538298,30.0,3.679224214692495,1934,False,
0.51360506523402,0.7561948016593535,1.724148016682582,44.21173356781002,[],HOT,2.0,200.0,303.8167145450776,1.6968742154800815,25.136050652340202,39.626041586547075,49.123896033187066,156.8207468758575,151.9083572725388,0.0,4.912389603318707,1935,False,
0.8952442047062528,0.4136970731932441,0.9714643616486287,17.761800636241766,"[{""power_percent"": 25, ""duration_minutes"": 56.015034283872325}, {""power_percent"": 50, ""duration_minutes"": 56.015034283872325}, {""power_percent"": 75, ""duration_minutes"": 56.015034283872325}]",HOT,2.0,200.0,339.4256910886625,0.9982705001294463,8.550186904481677,25.980083069473167,42.27394146386488,203.94023969071776,169.71284554433126,30.0,4.227394146386488,1938,False,
1.900229577804547,0.18359087451813266,6.924893273087046,42.712264420703676,[],HOT,2.0,200.0,90.25150965579911,6.833157676499086,39.00229577804547,42.052877040391685,37.671817490362656,48.892936576935824,45.125754827899556,0.0,3.767181749036266,1939,False,
1.8254459074498315,0.5537144212015652,6.9941317957838365,8.045919664575496,"[{""power_percent"": 25, ""duration_minutes"": 8.392316748345237}, {""power_percent"": 50, ""duration_minutes"": 8.392316748345237}, {""power_percent"": 75, ""duration_minutes"": 8.392316748345237}]",WARM,0.7,120.0,124.26242971986609,6.75656642771833,24.995611562246527,42.477528138635385,45.0742884240313,96.63864370233618,62.131214859933046,30.0,4.50742884240313,1942,False,
2.6190581903641306,0.5939409420362731,6.970288275754506,43.93012498482658,"[{""power_percent"": 25, ""duration_minutes"": 52.812619452478785}, {""power_percent"": 50, ""duration_minutes"": 52.812619452478785}, {""power_percent"": 75, ""duration_minutes"": 52.812619452478785}]",WARM,0.7,120.0,243.38939195544145,7.049544556406335,26.268688985769483,38.9147321052212,45.87881884072546,156.28257786179327,121.69469597772073,30.0,4.587881884072546,1946,False,
0.7895138788471923,0.5680056475445526,6.867071686929988,11.927749271282636,[],HOT,2.0,200.0,192.0686517646448,6.635057627403795,27.89513878847192,46.55021114439461,45.36011295089105,100.57033717741152,96.0343258823224,0.0,4.536011295089105,1947,False,
